  0
SECTION
  2
HEADER
  9
$ACADVER
  1
AC1021
  9
$ACADMAINTVER
 70
    50
  9
$DWGCODEPAGE
  3
ANSI_936
  9
$INSBASE
 10
1404.029459833823
 20
329.1411861254995
 30
0.0
  9
$EXTMIN
 10
0.0
 20
216.9778151585378
 30
0.0
  9
$EXTMAX
 10
3055.09986432178
 20
1164.068008445203
 30
0.0
  9
$LIMMIN
 10
0.0
 20
0.0
  9
$LIMMAX
 10
12.0
 20
9.0
  9
$ORTHOMODE
 70
     1
  9
$REGENMODE
 70
     1
  9
$FILLMODE
 70
     1
  9
$QTEXTMODE
 70
     0
  9
$MIRRTEXT
 70
     0
  9
$LTSCALE
 40
1.0
  9
$ATTMODE
 70
     1
  9
$TEXTSIZE
 40
100.0
  9
$TRACEWID
 40
0.05
  9
$TEXTSTYLE
  7
ZB_宋体
  9
$CLAYER
  8
0
  9
$CELTYPE
  6
ByLayer
  9
$CECOLOR
 62
   253
  9
$CELTSCALE
 40
1.0
  9
$DISPSILH
 70
     0
  9
$DIMSCALE
 40
1.0
  9
$DIMASZ
 40
30.0
  9
$DIMEXO
 40
20.0
  9
$DIMDLI
 40
3.75
  9
$DIMRND
 40
0.0
  9
$DIMDLE
 40
40.0
  9
$DIMEXE
 40
40.0
  9
$DIMTP
 40
0.0
  9
$DIMTM
 40
0.0
  9
$DIMTXT
 40
50.0
  9
$DIMCEN
 40
2.5
  9
$DIMTSZ
 40
0.0
  9
$DIMTOL
 70
     0
  9
$DIMLIM
 70
     0
  9
$DIMTIH
 70
     0
  9
$DIMTOH
 70
     0
  9
$DIMSE1
 70
     0
  9
$DIMSE2
 70
     0
  9
$DIMTAD
 70
     1
  9
$DIMZIN
 70
     8
  9
$DIMBLK
  1
ArchTick
  9
$DIMASO
 70
     1
  9
$DIMSHO
 70
     1
  9
$DIMPOST
  1
\X
  9
$DIMAPOST
  1

  9
$DIMALT
 70
     0
  9
$DIMALTD
 70
     0
  9
$DIMALTF
 40
0.03937007874016
  9
$DIMLFAC
 40
1.0
  9
$DIMTOFL
 70
     1
  9
$DIMTVP
 40
0.0
  9
$DIMTIX
 70
     1
  9
$DIMSOXD
 70
     0
  9
$DIMSAH
 70
     0
  9
$DIMBLK1
  1

  9
$DIMBLK2
  1

  9
$DIMSTYLE
  2
zbom_厨柜
  9
$DIMCLRD
 70
     1
  9
$DIMCLRE
 70
     1
  9
$DIMCLRT
 70
     2
  9
$DIMTFAC
 40
1.0
  9
$DIMGAP
 40
30.0
  9
$DIMJUST
 70
     0
  9
$DIMSD1
 70
     0
  9
$DIMSD2
 70
     0
  9
$DIMTOLJ
 70
     0
  9
$DIMTZIN
 70
     8
  9
$DIMALTZ
 70
     0
  9
$DIMALTTZ
 70
     0
  9
$DIMUPT
 70
     0
  9
$DIMDEC
 70
     0
  9
$DIMTDEC
 70
     0
  9
$DIMALTU
 70
     2
  9
$DIMALTTD
 70
     0
  9
$DIMTXSTY
  7
ZB_宋体
  9
$DIMAUNIT
 70
     0
  9
$DIMADEC
 70
     0
  9
$DIMALTRND
 40
0.0
  9
$DIMAZIN
 70
     0
  9
$DIMDSEP
 70
    46
  9
$DIMATFIT
 70
     3
  9
$DIMFRAC
 70
     0
  9
$DIMLDRBLK
  1
Dot
  9
$DIMLUNIT
 70
     2
  9
$DIMLWD
 70
    -2
  9
$DIMLWE
 70
    -2
  9
$DIMTMOVE
 70
     2
  9
$DIMFXL
 40
50.0
  9
$DIMFXLON
 70
     1
  9
$DIMJOGANG
 40
1.570796326794896
  9
$DIMTFILL
 70
     0
  9
$DIMTFILLCLR
 70
     0
  9
$DIMARCSYM
 70
     1
  9
$DIMLTYPE
  6

  9
$DIMLTEX1
  6

  9
$DIMLTEX2
  6

  9
$LUNITS
 70
     2
  9
$LUPREC
 70
     4
  9
$SKETCHINC
 40
0.1
  9
$FILLETRAD
 40
0.0
  9
$AUNITS
 70
     0
  9
$AUPREC
 70
     0
  9
$MENU
  1
.
  9
$ELEVATION
 40
0.0
  9
$PELEVATION
 40
0.0
  9
$THICKNESS
 40
0.0
  9
$LIMCHECK
 70
     0
  9
$CHAMFERA
 40
0.0
  9
$CHAMFERB
 40
0.0
  9
$CHAMFERC
 40
0.0
  9
$CHAMFERD
 40
0.0
  9
$SKPOLY
 70
     0
  9
$TDCREATE
 40
2457866.611608797
  9
$TDUCREATE
 40
2457866.278279305
  9
$TDUPDATE
 40
2461262.480243056
  9
$TDUUPDATE
 40
2461262.146909722
  9
$TDINDWG
 40
7.9214684838
  9
$TDUSRTIMER
 40
7.9214682176
  9
$USRTIMER
 70
     1
  9
$ANGBASE
 50
0.0
  9
$ANGDIR
 70
     0
  9
$PDMODE
 70
     0
  9
$PDSIZE
 40
0.0
  9
$PLINEWID
 40
0.0
  9
$SPLFRAME
 70
     0
  9
$SPLINETYPE
 70
     6
  9
$SPLINESEGS
 70
     8
  9
$HANDSEED
  5
F09
  9
$SURFTAB1
 70
     6
  9
$SURFTAB2
 70
     6
  9
$SURFTYPE
 70
     6
  9
$SURFU
 70
     6
  9
$SURFV
 70
     6
  9
$UCSBASE
  2

  9
$UCSNAME
  2

  9
$UCSORG
 10
0.0
 20
0.0
 30
0.0
  9
$UCSXDIR
 10
1.0
 20
0.0
 30
0.0
  9
$UCSYDIR
 10
0.0
 20
1.0
 30
0.0
  9
$UCSORTHOREF
  2

  9
$UCSORTHOVIEW
 70
     0
  9
$UCSORGTOP
 10
0.0
 20
0.0
 30
0.0
  9
$UCSORGBOTTOM
 10
0.0
 20
0.0
 30
0.0
  9
$UCSORGLEFT
 10
0.0
 20
0.0
 30
0.0
  9
$UCSORGRIGHT
 10
0.0
 20
0.0
 30
0.0
  9
$UCSORGFRONT
 10
0.0
 20
0.0
 30
0.0
  9
$UCSORGBACK
 10
0.0
 20
0.0
 30
0.0
  9
$PUCSBASE
  2

  9
$PUCSNAME
  2

  9
$PUCSORG
 10
0.0
 20
0.0
 30
0.0
  9
$PUCSXDIR
 10
1.0
 20
0.0
 30
0.0
  9
$PUCSYDIR
 10
0.0
 20
1.0
 30
0.0
  9
$PUCSORTHOREF
  2

  9
$PUCSORTHOVIEW
 70
     0
  9
$PUCSORGTOP
 10
0.0
 20
0.0
 30
0.0
  9
$PUCSORGBOTTOM
 10
0.0
 20
0.0
 30
0.0
  9
$PUCSORGLEFT
 10
0.0
 20
0.0
 30
0.0
  9
$PUCSORGRIGHT
 10
0.0
 20
0.0
 30
0.0
  9
$PUCSORGFRONT
 10
0.0
 20
0.0
 30
0.0
  9
$PUCSORGBACK
 10
0.0
 20
0.0
 30
0.0
  9
$USERI1
 70
     0
  9
$USERI2
 70
     0
  9
$USERI3
 70
     0
  9
$USERI4
 70
     0
  9
$USERI5
 70
     0
  9
$USERR1
 40
0.0
  9
$USERR2
 40
0.0
  9
$USERR3
 40
0.0
  9
$USERR4
 40
0.0
  9
$USERR5
 40
0.0
  9
$WORLDVIEW
 70
     1
  9
$SHADEDGE
 70
     3
  9
$SHADEDIF
 70
    70
  9
$TILEMODE
 70
     1
  9
$MAXACTVP
 70
    64
  9
$PINSBASE
 10
0.0
 20
0.0
 30
0.0
  9
$PLIMCHECK
 70
     0
  9
$PEXTMIN
 10
0.0
 20
0.0
 30
0.0
  9
$PEXTMAX
 10
0.0
 20
0.0
 30
0.0
  9
$PLIMMIN
 10
0.0
 20
0.0
  9
$PLIMMAX
 10
12.0
 20
9.0
  9
$UNITMODE
 70
     0
  9
$VISRETAIN
 70
     1
  9
$PLINEGEN
 70
     0
  9
$PSLTSCALE
 70
     1
  9
$TREEDEPTH
 70
  3020
  9
$CMLSTYLE
  2
Standard
  9
$CMLJUST
 70
     0
  9
$CMLSCALE
 40
1.0
  9
$PROXYGRAPHICS
 70
     1
  9
$MEASUREMENT
 70
     0
  9
$CELWEIGHT
370
    -1
  9
$ENDCAPS
280
     0
  9
$JOINSTYLE
280
     0
  9
$LWDISPLAY
290
     0
  9
$INSUNITS
 70
     1
  9
$HYPERLINKBASE
  1

  9
$STYLESHEET
  1

  9
$XEDIT
290
     1
  9
$CEPSNTYPE
380
     0
  9
$PSTYLEMODE
290
     1
  9
$FINGERPRINTGUID
  2
{202A066D-2722-7B45-8F2D-0F0A945BFA08}
  9
$VERSIONGUID
  2
{EFA766F8-58FB-0D42-88C6-189DA3D5839B}
  9
$EXTNAMES
290
     1
  9
$PSVPSCALE
 40
0.0
  9
$OLESTARTUP
290
     0
  9
$SORTENTS
280
   127
  9
$INDEXCTL
280
     0
  9
$HIDETEXT
280
     1
  9
$XCLIPFRAME
290
     0
  9
$HALOGAP
280
     0
  9
$OBSCOLOR
 70
   257
  9
$OBSLTYPE
280
     0
  9
$INTERSECTIONDISPLAY
280
     0
  9
$INTERSECTIONCOLOR
 70
   257
  9
$DIMASSOC
280
     2
  9
$PROJECTNAME
  1

  9
$CAMERADISPLAY
290
     0
  9
$LENSLENGTH
 40
50.0
  9
$CAMERAHEIGHT
 40
0.0
  9
$STEPSPERSEC
 40
2.0
  9
$STEPSIZE
 40
6.0
  9
$3DDWFPREC
 40
2.0
  9
$PSOLWIDTH
 40
0.25
  9
$PSOLHEIGHT
 40
4.0
  9
$LOFTANG1
 40
1.570796326794896
  9
$LOFTANG2
 40
1.570796326794896
  9
$LOFTMAG1
 40
0.0
  9
$LOFTMAG2
 40
0.0
  9
$LOFTPARAM
 70
     7
  9
$LOFTNORMALS
280
     1
  9
$LATITUDE
 40
37.795
  9
$LONGITUDE
 40
-122.394
  9
$NORTHDIRECTION
 40
0.0
  9
$TIMEZONE
 70
 -8000
  9
$LIGHTGLYPHDISPLAY
280
     1
  9
$TILEMODELIGHTSYNCH
280
     1
  9
$CMATERIAL
347
42
  9
$SOLIDHIST
280
     0
  9
$SHOWHIST
280
     1
  9
$DWFFRAME
280
     2
  9
$DGNFRAME
280
     2
  9
$REALWORLDSCALE
290
     1
  9
$INTERFERECOLOR
 62
   256
  9
$INTERFEREOBJVS
345
5F
  9
$INTERFEREVPVS
346
60
  9
$CSHADOW
280
     0
  9
$SHADOWPLANELOCATION
 40
0.0
  0
ENDSEC
  0
SECTION
  2
CLASSES
  0
CLASS
  1
ACDBDICTIONARYWDFLT
  2
AcDbDictionaryWithDefault
  3
ObjectDBX Classes
 90
        0
 91
        1
280
     0
281
     0
  0
CLASS
  1
DICTIONARYVAR
  2
AcDbDictionaryVar
  3
ObjectDBX Classes
 90
        0
 91
       16
280
     0
281
     0
  0
CLASS
  1
TABLESTYLE
  2
AcDbTableStyle
  3
ObjectDBX Classes
 90
     4095
 91
        1
280
     0
281
     0
  0
CLASS
  1
MATERIAL
  2
AcDbMaterial
  3
ObjectDBX Classes
 90
     1153
 91
        3
280
     0
281
     0
  0
CLASS
  1
VISUALSTYLE
  2
AcDbVisualStyle
  3
ObjectDBX Classes
 90
     4095
 91
        3
280
     0
281
     0
  0
CLASS
  1
SCALE
  2
AcDbScale
  3
ObjectDBX Classes
 90
     1153
 91
       33
280
     0
281
     0
  0
CLASS
  1
MLEADERSTYLE
  2
AcDbMLeaderStyle
  3
ACDB_MLEADERSTYLE_CLASS
 90
     4095
 91
        0
280
     0
281
     0
  0
CLASS
  1
CELLSTYLEMAP
  2
AcDbCellStyleMap
  3
ObjectDBX Classes
 90
     1152
 91
        1
280
     0
281
     0
  0
CLASS
  1
EXACXREFPANELOBJECT
  2
ExAcXREFPanelObject
  3
EXAC_ESW
 90
     1025
 91
        0
280
     1
281
     0
  0
CLASS
  1
NPOCOLLECTION
  2
AcDbImpNonPersistentObjectsCollection
  3
ObjectDBX Classes
 90
     1153
 91
        0
280
     0
281
     0
  0
CLASS
  1
LAYER_INDEX
  2
AcDbLayerIndex
  3
ObjectDBX Classes
 90
        0
 91
        0
280
     0
281
     0
  0
CLASS
  1
SPATIAL_INDEX
  2
AcDbSpatialIndex
  3
ObjectDBX Classes
 90
        0
 91
        0
280
     0
281
     0
  0
CLASS
  1
IDBUFFER
  2
AcDbIdBuffer
  3
ObjectDBX Classes
 90
        0
 91
        0
280
     0
281
     0
  0
CLASS
  1
ACDBSECTIONVIEWSTYLE
  2
AcDbSectionViewStyle
  3
ObjectDBX Classes
 90
     1025
 91
        0
280
     0
281
     0
  0
CLASS
  1
ACDBDETAILVIEWSTYLE
  2
AcDbDetailViewStyle
  3
ObjectDBX Classes
 90
     1025
 91
        0
280
     0
281
     0
  0
CLASS
  1
SORTENTSTABLE
  2
AcDbSortentsTable
  3
ObjectDBX Classes
 90
        0
 91
        8
280
     0
281
     0
  0
CLASS
  1
FIELD
  2
AcDbField
  3
ObjectDBX Classes
 90
     1152
 91
        0
280
     0
281
     0
  0
CLASS
  1
DIMASSOC
  2
AcDbDimAssoc
  3
"AcDbDimAssoc|Product Desc:     AcDim ARX App For Dimension|Company:          Autodesk, Inc.|WEB Address:      www.autodesk.com"
 90
        0
 91
        0
280
     0
281
     0
  0
CLASS
  1
FIELDLIST
  2
AcDbFieldList
  3
ObjectDBX Classes
 90
     1152
 91
        1
280
     0
281
     0
  0
CLASS
  1
ACDB_HATCHVIEWCONTEXTDATA_CLASS
  2
AcDbHatchViewContextData
  3
ObjectDBX Classes
 90
     1153
 91
        0
280
     0
281
     0
  0
CLASS
  1
ACDB_HATCHSCALECONTEXTDATA_CLASS
  2
AcDbHatchScaleContextData
  3
ObjectDBX Classes
 90
     1153
 91
        0
280
     0
281
     0
  0
CLASS
  1
ACAD_EVALUATION_GRAPH
  2
AcDbEvalGraph
  3
ObjectDBX Classes
 90
     1153
 91
        0
280
     0
281
     0
  0
CLASS
  1
ACAECUSTOBJ
  2
AcAeEditorObj
  3
AcAeEditorObj
 90
     1024
 91
        0
280
     0
281
     0
  0
CLASS
  1
ACDB_DYNAMICBLOCKPURGEPREVENTER_VERSION
  2
AcDbDynamicBlockPurgePreventer
  3
ObjectDBX Classes
 90
     1153
 91
        0
280
     0
281
     0
  0
CLASS
  1
IMAGEDEF
  2
AcDbRasterImageDef
  3
ISM
 90
        0
 91
        0
280
     0
281
     0
  0
CLASS
  1
RASTERVARIABLES
  2
AcDbRasterVariables
  3
ISM
 90
        0
 91
        0
280
     0
281
     0
  0
CLASS
  1
IMAGEDEF_REACTOR
  2
AcDbRasterImageDefReactor
  3
ISM
 90
        1
 91
        0
280
     0
281
     0
  0
CLASS
  1
IMAGE
  2
AcDbRasterImage
  3
ISM
 90
     2175
 91
        0
280
     0
281
     1
  0
CLASS
  1
SOLID_BACKGROUND
  2
AcDbSolidBackground
  3
SCENEOE
 90
     4095
 91
        0
280
     0
281
     0
  0
CLASS
  1
GROUND_PLANE_BACKGROUND
  2
AcDbGroundPlaneBackground
  3
SCENEOE
 90
     4095
 91
        0
280
     0
281
     0
  0
CLASS
  1
ACARRAYJIGENTITY
  2
AcArrayJigEntity
  3
ACAD_ARRAY
 90
      129
 91
        0
280
     1
281
     1
  0
CLASS
  1
ACDBASSOCNETWORK
  2
AcDbAssocNetwork
  3
ObjectDBX Classes
 90
     1025
 91
        0
280
     0
281
     0
  0
CLASS
  1
ACDBASSOCACTION
  2
AcDbAssocAction
  3
ObjectDBX Classes
 90
     1025
 91
        0
280
     0
281
     0
  0
CLASS
  1
ACDBASSOCARRAYACTIONBODY
  2
AcDbAssocArrayActionBody
  3
ObjectDBX Classes
 90
     1025
 91
        0
280
     0
281
     0
  0
CLASS
  1
ACDBASSOCVERTEXACTIONPARAM
  2
AcDbAssocVertexActionParam
  3
ObjectDBX Classes
 90
     1025
 91
        0
280
     0
281
     0
  0
CLASS
  1
ACDBASSOCDEPENDENCY
  2
AcDbAssocDependency
  3
ObjectDBX Classes
 90
     1025
 91
        0
280
     0
281
     0
  0
CLASS
  1
ACDBASSOCARRAYRECTANGULARPARAMETERS
  2
AcDbAssocArrayRectangularParameters
  3
ObjectDBX Classes
 90
     1025
 91
        0
280
     0
281
     0
  0
CLASS
  1
WIPEOUT
  2
AcDbWipeout
  3
WipeOut|Product Desc: Object Enabler for WipeOut entity | Company: Autodesk, Inc. | WEB Address: www.autodesk.com
 90
     2175
 91
        0
280
     0
281
     1
  0
CLASS
  1
WIPEOUTVARIABLES
  2
AcDbWipeoutVariables
  3
"WipeOut|Product Desc:     WipeOut Dbx Application|Company:          Autodesk, Inc.|WEB Address:      www.autodesk.com"
 90
        0
 91
        0
280
     0
281
     0
  0
CLASS
  1
SUN
  2
AcDbSun
  3
SCENEOE
 90
     1153
 91
        1
280
     0
281
     0
  0
ENDSEC
  0
SECTION
  2
TABLES
  0
TABLE
  2
VPORT
  5
25
330
0
100
AcDbSymbolTable
 70
     1
  0
VPORT
  5
26
330
25
100
AcDbSymbolTableRecord
100
AcDbViewportTableRecord
  2
*Active
 70
     0
 10
0.0
 20
0.0
 11
1.0
 21
1.0
 12
-340616.9953236663
 22
286488.6309209679
 13
0.0
 23
0.0
 14
0.5
 24
0.5
 15
0.5
 25
0.5
 16
0.0
 26
-58.09883581683971
 36
3328.480074737596
 17
342020.0057619313
 27
-285751.5503017905
 37
-5.644764616879001
 40
1902.832213844009
 41
2.845007451564828
 42
50.0
 43
0.0
 44
0.0
 50
0.0
 51
0.0
 71
     0
 72
  1000
 73
     1
 74
     3
 75
     0
 76
     0
 77
     0
 78
     2
281
     0
 65
     1
110
0.0
120
0.0
130
0.0
111
1.0
121
0.0
131
0.0
112
0.0
122
1.0
132
0.0
 79
     0
146
0.0
348
27
 60
     3
 61
     5
292
     1
282
     1
141
0.0
142
0.0
361
29
1001
ACAD_NAV_VCDISPLAY
1070
     3
  0
ENDTAB
  0
TABLE
  2
LTYPE
  5
20
330
0
100
AcDbSymbolTable
 70
     1
  0
LTYPE
  5
21
330
20
100
AcDbSymbolTableRecord
100
AcDbLinetypeTableRecord
  2
ByBlock
 70
     0
  3

 72
    65
 73
     0
 40
0.0
  0
LTYPE
  5
22
330
20
100
AcDbSymbolTableRecord
100
AcDbLinetypeTableRecord
  2
ByLayer
 70
     0
  3

 72
    65
 73
     0
 40
0.0
  0
LTYPE
  5
F
330
20
100
AcDbSymbolTableRecord
100
AcDbLinetypeTableRecord
  2
Continuous
 70
     0
  3
Solid line
 72
    65
 73
     0
 40
0.0
  0
ENDTAB
  0
TABLE
  2
LAYER
  5
1A
102
{ACAD_XDICTIONARY
360
1B
102
}
330
0
100
AcDbSymbolTable
 70
     2
  0
LAYER
  5
6
330
1A
100
AcDbSymbolTableRecord
100
AcDbLayerTableRecord
  2
0
 70
     0
 62
     7
  6
Continuous
370
    -3
390
7
347
A
  0
LAYER
  5
88
330
1A
100
AcDbSymbolTableRecord
100
AcDbLayerTableRecord
  2
Edges
 70
     0
 62
     7
  6
Continuous
370
    -3
390
89
347
A
  0
ENDTAB
  0
TABLE
  2
STYLE
  5
1D
330
0
100
AcDbSymbolTable
 70
     2
  0
STYLE
  5
1E
330
1D
100
AcDbSymbolTableRecord
100
AcDbTextStyleTableRecord
  2
Standard
 70
     0
 40
0.0
 41
1.0
 50
0.0
 71
     0
 42
0.2
  3
arial.ttf
  4

1001
ACAD
1000
Arial
1071
       34
  0
STYLE
  5
2E
330
1D
100
AcDbSymbolTableRecord
100
AcDbTextStyleTableRecord
  2
ZB_宋体
 70
     0
 40
0.0
 41
1.0
 50
0.0
 71
     0
 42
100.0
  3
SimSun.ttf
  4

1001
ACAD
1000
SimSun
1071
    34306
  0
ENDTAB
  0
TABLE
  2
VIEW
  5
23
330
0
100
AcDbSymbolTable
 70
     0
  0
ENDTAB
  0
TABLE
  2
UCS
  5
24
330
0
100
AcDbSymbolTable
 70
     0
  0
ENDTAB
  0
TABLE
  2
APPID
  5
2B
330
0
100
AcDbSymbolTable
 70
     6
  0
APPID
  5
E
330
2B
100
AcDbSymbolTableRecord
100
AcDbRegAppTableRecord
  2
ACAD
 70
     0
  0
APPID
  5
3C
330
2B
100
AcDbSymbolTableRecord
100
AcDbRegAppTableRecord
  2
ACAD_DSTYLE_DIMJAG
 70
     0
  0
APPID
  5
3D
330
2B
100
AcDbSymbolTableRecord
100
AcDbRegAppTableRecord
  2
ACAD_DSTYLE_DIMTALN
 70
     0
  0
APPID
  5
2A
330
2B
100
AcDbSymbolTableRecord
100
AcDbRegAppTableRecord
  2
ACAD_NAV_VCDISPLAY
 70
     0
  0
APPID
  5
15
330
2B
100
AcDbSymbolTableRecord
100
AcDbRegAppTableRecord
  2
ACAD_PSEXT
 70
     0
  0
APPID
  5
EF7
330
2B
100
AcDbSymbolTableRecord
100
AcDbRegAppTableRecord
  2
AcDbDynamicBlockGUID
 70
     0
  0
ENDTAB
  0
TABLE
  2
DIMSTYLE
  5
2C
330
0
100
AcDbSymbolTable
 70
     1
100
AcDbDimStyleTable
 71
     1
340
2D
  0
DIMSTYLE
105
2D
330
2C
100
AcDbSymbolTableRecord
100
AcDbDimStyleTableRecord
  2
zbom_厨柜
 70
     0
  3
\X
 41
30.0
 42
20.0
 43
3.75
 44
40.0
 46
40.0
 49
200.0
 73
     0
 74
     0
 77
     1
 78
     8
140
100.0
141
2.5
143
0.03937007874016
147
30.0
171
     0
172
     1
174
     1
176
     1
177
     1
178
     2
271
     0
272
     0
274
     0
279
     2
283
     0
284
     8
290
     1
340
2E
341
2F
342
36
1001
ACAD_DSTYLE_DIMJAG
1070
   388
1040
1.5
1001
ACAD_DSTYLE_DIMTALN
1070
   392
1070
     0
  0
ENDTAB
  0
TABLE
  2
BLOCK_RECORD
  5
1
330
0
100
AcDbSymbolTable
 70
     3
  0
BLOCK_RECORD
  5
2
102
{ACAD_XDICTIONARY
360
3
102
}
330
1
100
AcDbSymbolTableRecord
100
AcDbBlockTableRecord
  2
*Model_Space
340
11
 70
     0
280
     1
281
     0
  0
BLOCK_RECORD
  5
16
330
1
100
AcDbSymbolTableRecord
100
AcDbBlockTableRecord
  2
*Paper_Space
340
19
 70
     0
280
     1
281
     0
  0
BLOCK_RECORD
  5
36
102
{ACAD_XDICTIONARY
360
37
102
}
330
1
100
AcDbSymbolTableRecord
100
AcDbBlockTableRecord
  2
_ArchTick
340
0
 70
     0
280
     1
281
     0
  0
BLOCK_RECORD
  5
2F
102
{ACAD_XDICTIONARY
360
30
102
}
330
1
100
AcDbSymbolTableRecord
100
AcDbBlockTableRecord
  2
_Dot
340
0
 70
     0
280
     1
281
     0
  0
BLOCK_RECORD
  5
83
102
{ACAD_XDICTIONARY
360
84
102
}
330
1
100
AcDbSymbolTableRecord
100
AcDbBlockTableRecord
  2
Ruby5B-IRfr
340
0
102
{BLKREFS
331
82
102
}
 70
     1
280
     1
281
     0
1001
ACAD
1000
DesignCenter Data
1002
{
1070
     1
1070
     1
1002
}
1001
AcDbDynamicBlockGUID
1000
{721CC3F6-3C8C-914B-A136-A0299C1A45C4}
  0
ENDTAB
  0
ENDSEC
  0
SECTION
  2
BLOCKS
  0
BLOCK
  5
5
330
2
100
AcDbEntity
  8
0
100
AcDbBlockBegin
  2
*Model_Space
 70
     0
 10
0.0
 20
0.0
 30
0.0
  3
*Model_Space
  1

  0
ENDBLK
  5
10
330
2
100
AcDbEntity
  8
0
100
AcDbBlockEnd
  0
BLOCK
  5
17
330
16
100
AcDbEntity
 67
     1
  8
0
100
AcDbBlockBegin
  2
*Paper_Space
 70
     0
 10
0.0
 20
0.0
 30
0.0
  3
*Paper_Space
  1

  0
ENDBLK
  5
18
330
16
100
AcDbEntity
 67
     1
  8
0
100
AcDbBlockEnd
  0
BLOCK
  5
39
330
36
100
AcDbEntity
  8
0
 62
   251
100
AcDbBlockBegin
  2
_ArchTick
 70
     0
 10
0.0
 20
0.0
 30
0.0
  3
_ArchTick
  1

  0
LWPOLYLINE
  5
3A
330
36
100
AcDbEntity
  8
0
  6
ByBlock
 62
     0
100
AcDbPolyline
 90
        2
 70
     0
 43
0.15
 10
-0.5
 20
-0.5
 10
0.5
 20
0.5
  0
ENDBLK
  5
3B
330
36
100
AcDbEntity
  8
0
 62
   251
100
AcDbBlockEnd
  0
BLOCK
  5
32
330
2F
100
AcDbEntity
  8
0
100
AcDbBlockBegin
  2
_Dot
 70
     0
 10
0.0
 20
0.0
 30
0.0
  3
_Dot
  1

  0
LWPOLYLINE
  5
33
330
2F
100
AcDbEntity
  8
0
  6
ByBlock
 62
     0
100
AcDbPolyline
 90
        2
 70
     1
 43
0.5
 10
-0.25
 20
0.0
 42
1.0
 10
0.25
 20
0.0
 42
1.0
  0
LINE
  5
34
330
2F
100
AcDbEntity
  8
0
  6
ByBlock
 62
     0
370
    -2
100
AcDbLine
 10
-0.5
 20
0.0
 30
0.0
 11
-1.0
 21
0.0
 31
0.0
  0
ENDBLK
  5
35
330
2F
100
AcDbEntity
  8
0
100
AcDbBlockEnd
  0
BLOCK
  5
86
330
83
100
AcDbEntity
  8
0
100
AcDbBlockBegin
  2
Ruby5B-IRfr
 70
     0
 10
0.0
 20
0.0
 30
0.0
  3
Ruby5B-IRfr
  1

  0
LINE
  5
87
330
83
100
AcDbEntity
  8
Edges
100
AcDbLine
 10
-16.55730822371362
 20
2.760888492590549
 30
0.0
 11
-16.53197591521251
 21
2.762225713637869
 31
0.0
  0
LINE
  5
8A
330
83
100
AcDbEntity
  8
Edges
100
AcDbLine
 10
-13.24040362816097
 20
2.757095735374757
 30
0.0
 11
-13.22993677548052
 21
2.753951673853498
 31
0.0
  0
LINE
  5
8B
330
83
100
AcDbEntity
  8
Edges
100
AcDbLine
 10
-13.22475131364754
 20
2.752394050801301
 30
0.0
 11
-13.2148407290754
 21
2.749417082599137
 31
0.0
  0
LINE
  5
8C
330
83
100
AcDbEntity
  8
Edges
100
AcDbLine
 10
-13.2148407290754
 20
2.749417082599137
 30
0.0
 11
-13.18919486630514
 21
2.738078527864752
 31
0.0
  0
LINE
  5
8D
330
83
100
AcDbEntity
  8
Edges
100
AcDbLine
 10
-13.18919486630514
 20
2.738078527864752
 30
0.0
 11
-13.16579122131158
 21
2.723853187785645
 31
0.0
  0
LINE
  5
8E
330
83
100
AcDbEntity
  8
Edges
100
AcDbLine
 10
-13.16579122131158
 20
2.723853187785645
 30
0.0
 11
-13.14511056477508
 21
2.707033287202447
 31
0.0
  0
LINE
  5
8F
330
83
100
AcDbEntity
  8
Edges
100
AcDbLine
 10
-13.12757773023404
 20
2.687964349859396
 30
0.0
 11
-13.14511056477508
 21
2.707033287202447
 31
0.0
  0
LINE
  5
90
330
83
100
AcDbEntity
  8
Edges
100
AcDbLine
 10
-13.11355288691821
 20
2.667038100463609
 30
0.0
 11
-13.12757773023404
 21
2.687964349859396
 31
0.0
  0
LINE
  5
91
330
83
100
AcDbEntity
  8
Edges
100
AcDbLine
 10
-13.10332414095231
 20
2.644684417658459
 30
0.0
 11
-13.11355288691821
 21
2.667038100463609
 31
0.0
  0
LINE
  5
92
330
83
100
AcDbEntity
  8
Edges
100
AcDbLine
 10
-16.72145322109389
 20
2.645812391187069
 30
0.0
 11
-16.71279406495888
 21
2.665359249761523
 31
0.0
  0
LINE
  5
93
330
83
100
AcDbEntity
  8
Edges
100
AcDbLine
 10
-16.71279406495888
 20
2.665359249761523
 30
0.0
 11
-16.70114381252139
 21
2.683834032185734
 31
0.0
  0
LINE
  5
94
330
83
100
AcDbEntity
  8
Edges
100
AcDbLine
 10
-16.70114381252139
 20
2.683834032185734
 30
0.0
 11
-16.68669518241634
 21
2.700931127754866
 31
0.0
  0
LINE
  5
95
330
83
100
AcDbEntity
  8
Edges
100
AcDbLine
 10
-16.68669518241634
 20
2.700931127754866
 30
0.0
 11
-16.66968718408029
 21
2.716367716080529
 31
0.0
  0
LINE
  5
96
330
83
100
AcDbEntity
  8
Edges
100
AcDbLine
 10
-16.66968718408029
 20
2.716367716080529
 30
0.0
 11
-16.65040116405393
 21
2.729888444907828
 31
0.0
  0
LINE
  5
97
330
83
100
AcDbEntity
  8
Edges
100
AcDbLine
 10
-16.65040116405393
 20
2.729888444907828
 30
0.0
 11
-16.62915615194394
 21
2.741269654155852
 31
0.0
  0
LINE
  5
98
330
83
100
AcDbEntity
  8
Edges
100
AcDbLine
 10
-16.62915615194394
 20
2.741269654155852
 30
0.0
 11
-16.6063035830308
 21
2.750323075705791
 31
0.0
  0
LINE
  5
99
330
83
100
AcDbEntity
  8
Edges
100
AcDbLine
 10
-16.6063035830308
 20
2.750323075705791
 30
0.0
 11
-16.58222148482153
 21
2.756898947734729
 31
0.0
  0
LINE
  5
9A
330
83
100
AcDbEntity
  8
Edges
100
AcDbLine
 10
-16.58222148482153
 20
2.756898947734729
 30
0.0
 11
-16.55730822371362
 21
2.760888492590549
 31
0.0
  0
LINE
  5
9B
330
83
100
AcDbEntity
  8
Edges
100
AcDbLine
 10
13.47278933300123
 20
2.760888492590551
 30
0.0
 11
13.49812164150231
 21
2.762225713637869
 31
0.0
  0
LINE
  5
9C
330
83
100
AcDbEntity
  8
Edges
100
AcDbLine
 10
16.70124664150232
 20
2.762225714149626
 30
0.0
 11
16.73029889403744
 21
2.76410670753016
 31
0.0
  0
LINE
  5
9D
330
83
100
AcDbEntity
  8
Edges
100
AcDbLine
 10
16.73029889403744
 20
2.76410670753016
 30
0.0
 11
16.75938101344117
 21
2.762566231246105
 31
0.0
  0
LINE
  5
9E
330
83
100
AcDbEntity
  8
Edges
100
AcDbLine
 10
16.75938101344117
 20
2.762566231246105
 30
0.0
 11
16.78789557865636
 21
2.757635929096853
 31
0.0
  0
LINE
  5
9F
330
83
100
AcDbEntity
  8
Edges
100
AcDbLine
 10
16.78789557865636
 20
2.757635929096853
 30
0.0
 11
16.81525682763943
 21
2.749417082599144
 31
0.0
  0
LINE
  5
A0
330
83
100
AcDbEntity
  8
Edges
100
AcDbLine
 10
16.81525682763943
 20
2.749417082599144
 30
0.0
 11
16.84090269040969
 21
2.738078527864757
 31
0.0
  0
LINE
  5
A1
330
83
100
AcDbEntity
  8
Edges
100
AcDbLine
 10
16.84090269040969
 20
2.738078527864757
 30
0.0
 11
16.86430633540325
 21
2.723853187785643
 31
0.0
  0
LINE
  5
A2
330
83
100
AcDbEntity
  8
Edges
100
AcDbLine
 10
16.88318459778969
 20
2.708499202435192
 30
0.0
 11
16.88498699193977
 21
2.707033287202442
 31
0.0
  0
LINE
  5
A3
330
83
100
AcDbEntity
  8
Edges
100
AcDbLine
 10
16.8877993078148
 20
2.703974575660663
 30
0.0
 11
16.88498699193977
 21
2.707033287202442
 31
0.0
  0
LINE
  5
A4
330
83
100
AcDbEntity
  8
Edges
100
AcDbLine
 10
13.30864433562094
 20
2.64581239118708
 30
0.0
 11
13.31730349175596
 21
2.665359249761523
 31
0.0
  0
LINE
  5
A5
330
83
100
AcDbEntity
  8
Edges
100
AcDbLine
 10
13.31730349175596
 20
2.665359249761523
 30
0.0
 11
13.32895374419345
 21
2.683834032185734
 31
0.0
  0
LINE
  5
A6
330
83
100
AcDbEntity
  8
Edges
100
AcDbLine
 10
13.32895374419345
 20
2.683834032185734
 30
0.0
 11
13.34340237429849
 21
2.700931127754866
 31
0.0
  0
LINE
  5
A7
330
83
100
AcDbEntity
  8
Edges
100
AcDbLine
 10
13.34340237429849
 20
2.700931127754866
 30
0.0
 11
13.36041037263456
 21
2.716367716080529
 31
0.0
  0
LINE
  5
A8
330
83
100
AcDbEntity
  8
Edges
100
AcDbLine
 10
13.36041037263456
 20
2.716367716080529
 30
0.0
 11
13.37969639266092
 21
2.729888444907828
 31
0.0
  0
LINE
  5
A9
330
83
100
AcDbEntity
  8
Edges
100
AcDbLine
 10
13.37969639266092
 20
2.729888444907828
 30
0.0
 11
13.40094140477089
 21
2.741269654155852
 31
0.0
  0
LINE
  5
AA
330
83
100
AcDbEntity
  8
Edges
100
AcDbLine
 10
13.40094140477089
 20
2.741269654155852
 30
0.0
 11
13.42379397368404
 21
2.750323075705791
 31
0.0
  0
LINE
  5
AB
330
83
100
AcDbEntity
  8
Edges
100
AcDbLine
 10
13.42379397368404
 20
2.750323075705791
 30
0.0
 11
13.4478760718933
 21
2.756898947734729
 31
0.0
  0
LINE
  5
AC
330
83
100
AcDbEntity
  8
Edges
100
AcDbLine
 10
13.4478760718933
 20
2.756898947734729
 30
0.0
 11
13.47278933300123
 21
2.760888492590551
 31
0.0
  0
LINE
  5
AD
330
83
100
AcDbEntity
  8
Edges
100
AcDbLine
 10
-17.24605947016818
 20
-2.008395739008285
 30
0.0
 11
-17.24616228974795
 21
-2.007150245690677
 31
0.0
  0
LINE
  5
AE
330
83
100
AcDbEntity
  8
Edges
100
AcDbLine
 10
21.29735879327426
 20
15.43061543843973
 30
0.0
 11
-19.70264120672574
 21
15.43061543843973
 31
0.0
  0
LINE
  5
AF
330
83
100
AcDbEntity
  8
Edges
100
AcDbLine
 10
-19.57764120672574
 20
-3.530829599792026
 30
0.0
 11
-19.70264120672574
 21
-3.530829599792026
 31
0.0
  0
LINE
  5
B0
330
83
100
AcDbEntity
  8
Edges
100
AcDbLine
 10
-19.70264120672574
 20
-2.457666159505273
 30
0.0
 11
-19.70264120672574
 21
-1.853946946825786
 31
0.0
  0
LINE
  5
B1
330
83
100
AcDbEntity
  8
Edges
100
AcDbLine
 10
-20.20264120672575
 20
-4.741428352597912
 30
0.0
 11
-19.70264120672574
 21
-4.741428352597912
 31
0.0
  0
LINE
  5
B2
330
83
100
AcDbEntity
  8
Edges
100
AcDbLine
 10
21.79735879327425
 20
-4.741428352597912
 30
0.0
 11
21.29735879327426
 21
-4.741428352597912
 31
0.0
  0
LINE
  5
B3
330
83
100
AcDbEntity
  8
Edges
100
AcDbLine
 10
21.79735879327425
 20
16.29875344262105
 30
0.0
 11
21.29735879327426
 21
16.29875344262105
 31
0.0
  0
LINE
  5
B4
330
83
100
AcDbEntity
  8
Edges
100
AcDbLine
 10
21.17349220464763
 20
-2.948180453767585
 30
0.0
 11
21.16891764797322
 21
-2.948180453767585
 31
0.0
  0
LINE
  5
B5
330
83
100
AcDbEntity
  8
Edges
100
AcDbLine
 10
-19.57764120672574
 20
-2.948180453767585
 30
0.0
 11
-19.70264120672574
 21
-2.948180453767585
 31
0.0
  0
LINE
  5
B6
330
83
100
AcDbEntity
  8
Edges
100
AcDbLine
 10
-19.58829103591223
 20
19.73614726316393
 30
0.0
 11
-18.79141603591223
 21
19.73614726316393
 31
0.0
  0
LINE
  5
B7
330
83
100
AcDbEntity
  8
Edges
100
AcDbLine
 10
20.45858396408776
 20
19.73614726316393
 30
0.0
 11
21.25545896408777
 21
19.73614726316393
 31
0.0
  0
LINE
  5
B8
330
83
100
AcDbEntity
  8
Edges
100
AcDbLine
 10
20.45858396408776
 20
16.30512382020963
 30
0.0
 11
21.25545896408777
 21
16.30512382020963
 31
0.0
  0
LINE
  5
B9
330
83
100
AcDbEntity
  8
Edges
100
AcDbLine
 10
-18.79141603591223
 20
18.63672391542592
 30
0.0
 11
20.45858396408775
 21
18.63672391542592
 31
0.0
  0
LINE
  5
BA
330
83
100
AcDbEntity
  8
Edges
100
AcDbLine
 10
-18.79141603591223
 20
19.6619085824771
 30
0.0
 11
20.45858396408775
 21
19.6619085824771
 31
0.0
  0
LINE
  5
BB
330
83
100
AcDbEntity
  8
Edges
100
AcDbLine
 10
20.45858396408776
 20
16.31790381928603
 30
0.0
 11
-18.79141603591225
 21
16.31790381928603
 31
0.0
  0
LINE
  5
BC
330
83
100
AcDbEntity
  8
Edges
100
AcDbLine
 10
21.29735879327426
 20
16.29875344262105
 30
0.0
 11
-19.70264120672574
 21
16.29875344262105
 31
0.0
  0
LINE
  5
BD
330
83
100
AcDbEntity
  8
Edges
100
AcDbLine
 10
21.3202282961112
 20
-4.114768156447884
 30
0.0
 11
21.33364270938551
 21
-4.116696188441137
 31
0.0
  0
LINE
  5
BE
330
83
100
AcDbEntity
  8
Edges
100
AcDbLine
 10
21.3202282961112
 20
-4.534768156447908
 30
0.0
 11
21.33364270938551
 21
-4.536696188441101
 31
0.0
  0
LINE
  5
BF
330
83
100
AcDbEntity
  8
Edges
100
AcDbLine
 10
22.23067132569567
 20
-4.091588315117173
 30
0.0
 11
22.23067132569567
 21
-4.51158831511719
 31
0.0
  0
LINE
  5
C0
330
83
100
AcDbEntity
  8
Edges
100
AcDbLine
 10
22.24949717804
 20
-2.133908265438019
 30
0.0
 11
22.24949717804
 21
-2.014423236933359
 31
0.0
  0
LINE
  5
C1
330
83
100
AcDbEntity
  8
Edges
100
AcDbLine
 10
22.22281412157148
 20
-4.518062138788256
 30
0.0
 11
22.23067132569567
 21
-4.51158831511719
 31
0.0
  0
LINE
  5
C2
330
83
100
AcDbEntity
  8
Edges
100
AcDbLine
 10
21.33364270938551
 20
-4.116696188441137
 30
0.0
 11
21.33364270938551
 21
-4.536696188441101
 31
0.0
  0
LINE
  5
C3
330
83
100
AcDbEntity
  8
Edges
100
AcDbLine
 10
21.33508151007706
 20
-1.970175523359927
 30
0.0
 11
21.33508151007706
 21
-2.355615127984768
 31
0.0
  0
LINE
  5
C4
330
83
100
AcDbEntity
  8
Edges
100
AcDbLine
 10
21.33508151007706
 20
-2.355615127984768
 30
0.0
 11
22.15387690134082
 21
-2.355638366266737
 31
0.0
  0
LINE
  5
C5
330
83
100
AcDbEntity
  8
Edges
100
AcDbLine
 10
22.22281412157149
 20
-4.098062138788244
 30
0.0
 11
22.22281412157148
 21
-4.518062138788256
 31
0.0
  0
LINE
  5
C6
330
83
100
AcDbEntity
  8
Edges
100
AcDbLine
 10
22.21728628177647
 20
-1.958233207135744
 30
0.0
 11
22.21728628177647
 21
-2.056444394938624
 31
0.0
  0
LINE
  5
C7
330
83
100
AcDbEntity
  8
Edges
100
AcDbLine
 10
22.20394635139981
 20
-4.108523346338539
 30
0.0
 11
22.20394635139981
 21
-4.528523346338533
 31
0.0
  0
LINE
  5
C8
330
83
100
AcDbEntity
  8
Edges
100
AcDbLine
 10
22.19325861813108
 20
-4.112331736056255
 30
0.0
 11
22.19325861813108
 21
-4.532331736056255
 31
0.0
  0
LINE
  5
C9
330
83
100
AcDbEntity
  8
Edges
100
AcDbLine
 10
22.22677123666776
 20
-1.96604819126025
 30
0.0
 11
22.22677123666776
 21
-2.386048191260268
 31
0.0
  0
LINE
  5
CA
330
83
100
AcDbEntity
  8
Edges
100
AcDbLine
 10
22.22268164114033
 20
-2.382678631310968
 30
0.0
 11
22.22677123666776
 21
-2.386048191260268
 31
0.0
  0
LINE
  5
CB
330
83
100
AcDbEntity
  8
Edges
100
AcDbLine
 10
22.21728628177647
 20
-1.958233207135744
 30
0.0
 11
22.22677123666776
 21
-1.96604819126025
 31
0.0
  0
LINE
  5
CC
330
83
100
AcDbEntity
  8
Edges
100
AcDbLine
 10
22.24949717804
 20
-2.014423236933359
 30
0.0
 11
22.2485563277058
 21
-2.004051011938008
 31
0.0
  0
LINE
  5
CD
330
83
100
AcDbEntity
  8
Edges
100
AcDbLine
 10
22.19325861813108
 20
-4.532331736056255
 30
0.0
 11
22.20394635139981
 21
-4.528523346338533
 31
0.0
  0
LINE
  5
CE
330
83
100
AcDbEntity
  8
Edges
100
AcDbLine
 10
21.3202282961112
 20
-4.114768156447884
 30
0.0
 11
21.3202282961112
 21
-4.534768156447908
 31
0.0
  0
LINE
  5
CF
330
83
100
AcDbEntity
  8
Edges
100
AcDbLine
 10
22.22281412157149
 20
-4.098062138788244
 30
0.0
 11
22.23067132569567
 21
-4.091588315117173
 31
0.0
  0
LINE
  5
D0
330
83
100
AcDbEntity
  8
Edges
100
AcDbLine
 10
22.19325861813108
 20
-4.112331736056255
 30
0.0
 11
22.20394635139981
 21
-4.108523346338539
 31
0.0
  0
LINE
  5
D1
330
83
100
AcDbEntity
  8
Edges
100
AcDbLine
 10
21.27383961521446
 20
-2.377437622691861
 30
0.0
 11
21.28428543290856
 21
-2.370818336670339
 31
0.0
  0
LINE
  5
D2
330
83
100
AcDbEntity
  8
Edges
100
AcDbLine
 10
21.26433692115262
 20
-4.087783422013484
 30
0.0
 11
21.26433692115262
 21
-4.507783422013502
 31
0.0
  0
LINE
  5
D3
330
83
100
AcDbEntity
  8
Edges
100
AcDbLine
 10
21.28428543290856
 20
-1.970175523359927
 30
0.0
 11
21.28428543290856
 21
-2.370818336670339
 31
0.0
  0
LINE
  5
D4
330
83
100
AcDbEntity
  8
Edges
100
AcDbLine
 10
21.32145479846345
 20
-1.970175523359927
 30
0.0
 11
21.32145479846345
 21
-2.357573673275998
 31
0.0
  0
LINE
  5
D5
330
83
100
AcDbEntity
  8
Edges
100
AcDbLine
 10
21.26433692115262
 20
-4.507783422013502
 30
0.0
 11
21.27335493705394
 21
-4.515213678868859
 31
0.0
  0
LINE
  5
D6
330
83
100
AcDbEntity
  8
Edges
100
AcDbLine
 10
22.15839552475961
 20
-4.117342552260252
 30
0.0
 11
22.17028667666726
 21
-4.116779389307197
 31
0.0
  0
LINE
  5
D7
330
83
100
AcDbEntity
  8
Edges
100
AcDbLine
 10
21.34729064258072
 20
-4.117342552260252
 30
0.0
 11
22.15839552475961
 21
-4.117342552260252
 31
0.0
  0
LINE
  5
D8
330
83
100
AcDbEntity
  8
Edges
100
AcDbLine
 10
21.33364270938551
 20
-4.116696188441137
 30
0.0
 11
21.34729064258072
 21
-4.117342552260252
 31
0.0
  0
LINE
  5
D9
330
83
100
AcDbEntity
  8
Edges
100
AcDbLine
 10
22.21385469739565
 20
-4.103739529773255
 30
0.0
 11
22.22281412157149
 21
-4.098062138788244
 31
0.0
  0
LINE
  5
DA
330
83
100
AcDbEntity
  8
Edges
100
AcDbLine
 10
21.30829845930269
 20
-2.360800659344176
 30
0.0
 11
21.32145479846345
 21
-2.357573673275998
 31
0.0
  0
LINE
  5
DB
330
83
100
AcDbEntity
  8
Edges
100
AcDbLine
 10
22.21385469739565
 20
-4.103739529773255
 30
0.0
 11
22.21385469739565
 21
-4.523739529773273
 31
0.0
  0
LINE
  5
DC
330
83
100
AcDbEntity
  8
Edges
100
AcDbLine
 10
21.26433692115262
 20
-4.087783422013484
 30
0.0
 11
21.27335493705394
 21
-4.095213678868834
 31
0.0
  0
LINE
  5
DD
330
83
100
AcDbEntity
  8
Edges
100
AcDbLine
 10
22.21385469739565
 20
-4.523739529773273
 30
0.0
 11
22.22281412157148
 21
-4.518062138788256
 31
0.0
  0
LINE
  5
DE
330
83
100
AcDbEntity
  8
Edges
100
AcDbLine
 10
22.18197436766891
 20
-4.115099536322436
 30
0.0
 11
22.18197436766891
 21
-4.535099536322454
 31
0.0
  0
LINE
  5
DF
330
83
100
AcDbEntity
  8
Edges
100
AcDbLine
 10
22.15387690134082
 20
-1.935638366266713
 30
0.0
 11
22.15387690134082
 21
-2.355638366266737
 31
0.0
  0
LINE
  5
E0
330
83
100
AcDbEntity
  8
Edges
100
AcDbLine
 10
21.33364270938551
 20
-4.536696188441101
 30
0.0
 11
22.17028667666725
 21
-4.536779389307203
 31
0.0
  0
LINE
  5
E1
330
83
100
AcDbEntity
  8
Edges
100
AcDbLine
 10
21.29583760120545
 20
-1.970175523359927
 30
0.0
 11
21.29583760120545
 21
-2.365240871562985
 31
0.0
  0
LINE
  5
E2
330
83
100
AcDbEntity
  8
Edges
100
AcDbLine
 10
22.08498817204986
 20
-1.934958534723431
 30
0.0
 11
22.13952229916086
 21
-1.934958534723431
 31
0.0
  0
LINE
  5
E3
330
83
100
AcDbEntity
  8
Edges
100
AcDbLine
 10
21.27383961521446
 20
-1.970175523359927
 30
0.0
 11
21.27383961521446
 21
-2.377437622691861
 31
0.0
  0
LINE
  5
E4
330
83
100
AcDbEntity
  8
Edges
100
AcDbLine
 10
22.17028667666726
 20
-4.116779389307197
 30
0.0
 11
22.17028667666725
 21
-4.536779389307203
 31
0.0
  0
LINE
  5
E5
330
83
100
AcDbEntity
  8
Edges
100
AcDbLine
 10
21.28428543290856
 20
-2.370818336670339
 30
0.0
 11
21.29583760120545
 21
-2.365240871562985
 31
0.0
  0
LINE
  5
E6
330
83
100
AcDbEntity
  8
Edges
100
AcDbLine
 10
21.30829845930269
 20
-1.970175523359927
 30
0.0
 11
21.30829845930269
 21
-2.360800659344176
 31
0.0
  0
LINE
  5
E7
330
83
100
AcDbEntity
  8
Edges
100
AcDbLine
 10
22.17028667666726
 20
-4.116779389307197
 30
0.0
 11
22.18197436766891
 21
-4.115099536322436
 31
0.0
  0
LINE
  5
E8
330
83
100
AcDbEntity
  8
Edges
100
AcDbLine
 10
22.13952229916086
 20
-1.934958534723431
 30
0.0
 11
22.15387690134082
 21
-1.935638366266713
 31
0.0
  0
LINE
  5
E9
330
83
100
AcDbEntity
  8
Edges
100
AcDbLine
 10
22.17028667666725
 20
-4.536779389307203
 30
0.0
 11
22.18197436766891
 21
-4.535099536322454
 31
0.0
  0
LINE
  5
EA
330
83
100
AcDbEntity
  8
Edges
100
AcDbLine
 10
21.27335493705394
 20
-4.095213678868834
 30
0.0
 11
21.27335493705394
 21
-4.515213678868859
 31
0.0
  0
LINE
  5
EB
330
83
100
AcDbEntity
  8
Edges
100
AcDbLine
 10
21.25673826642406
 20
-4.499566202433758
 30
0.0
 11
21.26433692115262
 21
-4.507783422013502
 31
0.0
  0
LINE
  5
EC
330
83
100
AcDbEntity
  8
Edges
100
AcDbLine
 10
22.18197436766891
 20
-4.115099536322436
 30
0.0
 11
22.19325861813108
 21
-4.112331736056255
 31
0.0
  0
LINE
  5
ED
330
83
100
AcDbEntity
  8
Edges
100
AcDbLine
 10
21.25673826642406
 20
-4.079566202433764
 30
0.0
 11
21.26433692115262
 21
-4.087783422013484
 31
0.0
  0
LINE
  5
EE
330
83
100
AcDbEntity
  8
Edges
100
AcDbLine
 10
22.23729187082719
 20
-4.084428827678104
 30
0.0
 11
22.2425624776033
 21
-4.076706177286006
 31
0.0
  0
LINE
  5
EF
330
83
100
AcDbEntity
  8
Edges
100
AcDbLine
 10
22.22677123666776
 20
-1.96604819126025
 30
0.0
 11
22.23476333804831
 21
-1.974690885828414
 31
0.0
  0
LINE
  5
F0
330
83
100
AcDbEntity
  8
Edges
100
AcDbLine
 10
21.30727692708806
 20
-4.111591445442617
 30
0.0
 11
21.30727692708806
 21
-4.531591445442611
 31
0.0
  0
LINE
  5
F1
330
83
100
AcDbEntity
  8
Edges
100
AcDbLine
 10
22.24639296448078
 20
-4.068552500630215
 30
0.0
 11
22.24871779076712
 21
-4.060107309378945
 31
0.0
  0
LINE
  5
F2
330
83
100
AcDbEntity
  8
Edges
100
AcDbLine
 10
22.2425624776033
 20
-4.076706177286006
 30
0.0
 11
22.24639296448078
 21
-4.068552500630215
 31
0.0
  0
LINE
  5
F3
330
83
100
AcDbEntity
  8
Edges
100
AcDbLine
 10
22.24639296448078
 20
-4.488552500630209
 30
0.0
 11
22.24871779076712
 21
-4.480107309378928
 31
0.0
  0
LINE
  5
F4
330
83
100
AcDbEntity
  8
Edges
100
AcDbLine
 10
22.23067132569567
 20
-4.51158831511719
 30
0.0
 11
22.23729187082719
 21
-4.504428827678093
 31
0.0
  0
LINE
  5
F5
330
83
100
AcDbEntity
  8
Edges
100
AcDbLine
 10
22.2425624776033
 20
-4.496706177285975
 30
0.0
 11
22.24639296448078
 21
-4.488552500630209
 31
0.0
  0
LINE
  5
F6
330
83
100
AcDbEntity
  8
Edges
100
AcDbLine
 10
22.23476333804831
 20
-1.974690885828414
 30
0.0
 11
22.23476333804831
 21
-2.121193534805337
 31
0.0
  0
LINE
  5
F7
330
83
100
AcDbEntity
  8
Edges
100
AcDbLine
 10
21.24272976508111
 20
-2.011706941735039
 30
0.0
 11
21.24363845488148
 21
-2.001689264408864
 31
0.0
  0
LINE
  5
F8
330
83
100
AcDbEntity
  8
Edges
100
AcDbLine
 10
21.243624297883
 20
-4.051651458804959
 30
0.0
 11
21.24272976508111
 21
-4.041789852607318
 31
0.0
  0
LINE
  5
F9
330
83
100
AcDbEntity
  8
Edges
100
AcDbLine
 10
22.2425624776033
 20
-4.076706177286006
 30
0.0
 11
22.2425624776033
 21
-4.496706177285975
 31
0.0
  0
LINE
  5
FA
330
83
100
AcDbEntity
  8
Edges
100
AcDbLine
 10
22.22677123666776
 20
-2.386048191260268
 30
0.0
 11
22.23275120884929
 21
-2.392514960215
 31
0.0
  0
LINE
  5
FB
330
83
100
AcDbEntity
  8
Edges
100
AcDbLine
 10
22.24871779076712
 20
-4.060107309378945
 30
0.0
 11
22.24871779076712
 21
-4.480107309378928
 31
0.0
  0
LINE
  5
FC
330
83
100
AcDbEntity
  8
Edges
100
AcDbLine
 10
22.23729187082719
 20
-4.504428827678093
 30
0.0
 11
22.2425624776033
 21
-4.496706177285975
 31
0.0
  0
LINE
  5
FD
330
83
100
AcDbEntity
  8
Edges
100
AcDbLine
 10
21.30727692708806
 20
-4.111591445442617
 30
0.0
 11
21.3202282961112
 21
-4.114768156447884
 31
0.0
  0
LINE
  5
FE
330
83
100
AcDbEntity
  8
Edges
100
AcDbLine
 10
22.24639296448078
 20
-4.068552500630215
 30
0.0
 11
22.24639296448078
 21
-4.488552500630209
 31
0.0
  0
LINE
  5
FF
330
83
100
AcDbEntity
  8
Edges
100
AcDbLine
 10
22.18197436766891
 20
-4.535099536322454
 30
0.0
 11
22.19325861813108
 21
-4.532331736056255
 31
0.0
  0
LINE
  5
100
330
83
100
AcDbEntity
  8
Edges
100
AcDbLine
 10
21.25673826642406
 20
-4.079566202433764
 30
0.0
 11
21.25673826642406
 21
-4.499566202433758
 31
0.0
  0
LINE
  5
101
330
83
100
AcDbEntity
  8
Edges
100
AcDbLine
 10
22.23067132569567
 20
-4.091588315117173
 30
0.0
 11
22.23729187082719
 21
-4.084428827678104
 31
0.0
  0
LINE
  5
102
330
83
100
AcDbEntity
  8
Edges
100
AcDbLine
 10
22.23729187082719
 20
-4.084428827678104
 30
0.0
 11
22.23729187082719
 21
-4.504428827678093
 31
0.0
  0
LINE
  5
103
330
83
100
AcDbEntity
  8
Edges
100
AcDbLine
 10
21.30727692708806
 20
-4.531591445442611
 30
0.0
 11
21.3202282961112
 21
-4.534768156447908
 31
0.0
  0
LINE
  5
104
330
83
100
AcDbEntity
  8
Edges
100
AcDbLine
 10
21.243624297883
 20
-4.051651458804959
 30
0.0
 11
21.243624297883
 21
-4.471651458804977
 31
0.0
  0
LINE
  5
105
330
83
100
AcDbEntity
  8
Edges
100
AcDbLine
 10
22.15387690134082
 20
-2.355638366266737
 30
0.0
 11
22.16798589229762
 21
-2.357666228790419
 31
0.0
  0
LINE
  5
106
330
83
100
AcDbEntity
  8
Edges
100
AcDbLine
 10
21.28363801337565
 20
-4.101729839244964
 30
0.0
 11
21.29501020383091
 21
-4.107220409831215
 31
0.0
  0
LINE
  5
107
330
83
100
AcDbEntity
  8
Edges
100
AcDbLine
 10
22.19450973860043
 20
-1.945604786115394
 30
0.0
 11
22.20647076358239
 21
-1.951379649999871
 31
0.0
  0
LINE
  5
108
330
83
100
AcDbEntity
  8
Edges
100
AcDbLine
 10
22.24574987491323
 20
-1.99385625858803
 30
0.0
 11
22.2485563277058
 21
-2.004051011938008
 31
0.0
  0
LINE
  5
109
330
83
100
AcDbEntity
  8
Edges
100
AcDbLine
 10
22.24574987491323
 20
-1.99385625858803
 30
0.0
 11
22.24574987491323
 21
-2.131208341573032
 31
0.0
  0
LINE
  5
10A
330
83
100
AcDbEntity
  8
Edges
100
AcDbLine
 10
22.20647076358239
 20
-2.37137964999987
 30
0.0
 11
22.2094607287647
 21
-2.373274325487756
 31
0.0
  0
LINE
  5
10B
330
83
100
AcDbEntity
  8
Edges
100
AcDbLine
 10
21.26467887896001
 20
-1.964985471808493
 30
0.0
 11
21.26467887896001
 21
-2.38498547180851
 31
0.0
  0
LINE
  5
10C
330
83
100
AcDbEntity
  8
Edges
100
AcDbLine
 10
22.20394635139981
 20
-4.108523346338539
 30
0.0
 11
22.21385469739565
 21
-4.103739529773255
 31
0.0
  0
LINE
  5
10D
330
83
100
AcDbEntity
  8
Edges
100
AcDbLine
 10
21.2506889879574
 20
-4.490702619034959
 30
0.0
 11
21.25673826642406
 21
-4.499566202433758
 31
0.0
  0
LINE
  5
10E
330
83
100
AcDbEntity
  8
Edges
100
AcDbLine
 10
22.2381157050923
 20
-2.399602874099672
 30
0.0
 11
22.24112583884771
 21
-2.404013411939798
 31
0.0
  0
LINE
  5
10F
330
83
100
AcDbEntity
  8
Edges
100
AcDbLine
 10
21.24634897634813
 20
-1.991842992319153
 30
0.0
 11
21.24634897634813
 21
-2.411842992319176
 31
0.0
  0
LINE
  5
110
330
83
100
AcDbEntity
  8
Edges
100
AcDbLine
 10
21.24629259058441
 20
-4.481344330186404
 30
0.0
 11
21.2506889879574
 21
-4.490702619034959
 31
0.0
  0
LINE
  5
111
330
83
100
AcDbEntity
  8
Edges
100
AcDbLine
 10
21.2506889879574
 20
-4.070702619034936
 30
0.0
 11
21.2506889879574
 21
-4.490702619034959
 31
0.0
  0
LINE
  5
112
330
83
100
AcDbEntity
  8
Edges
100
AcDbLine
 10
22.18160786328427
 20
-2.361007425004507
 30
0.0
 11
22.19450973860043
 21
-2.365604786115418
 31
0.0
  0
LINE
  5
113
330
83
100
AcDbEntity
  8
Edges
100
AcDbLine
 10
22.19450973860043
 20
-1.945604786115394
 30
0.0
 11
22.19450973860043
 21
-2.365604786115418
 31
0.0
  0
LINE
  5
114
330
83
100
AcDbEntity
  8
Edges
100
AcDbLine
 10
22.19450973860043
 20
-2.365604786115418
 30
0.0
 11
22.20647076358239
 21
-2.37137964999987
 31
0.0
  0
LINE
  5
115
330
83
100
AcDbEntity
  8
Edges
100
AcDbLine
 10
21.26467887896001
 20
-2.38498547180851
 30
0.0
 11
21.27383961521446
 21
-2.377437622691861
 31
0.0
  0
LINE
  5
116
330
83
100
AcDbEntity
  8
Edges
100
AcDbLine
 10
21.29501020383091
 20
-4.107220409831215
 30
0.0
 11
21.29501020383091
 21
-4.527220409831214
 31
0.0
  0
LINE
  5
117
330
83
100
AcDbEntity
  8
Edges
100
AcDbLine
 10
21.25081495170731
 20
-1.982336597911267
 30
0.0
 11
21.25695996688239
 21
-1.973332738229235
 31
0.0
  0
LINE
  5
118
330
83
100
AcDbEntity
  8
Edges
100
AcDbLine
 10
22.24112583884771
 20
-1.984013411939816
 30
0.0
 11
22.24112583884771
 21
-2.404013411939798
 31
0.0
  0
LINE
  5
119
330
83
100
AcDbEntity
  8
Edges
100
AcDbLine
 10
22.18160786328427
 20
-1.941007425004496
 30
0.0
 11
22.18160786328427
 21
-2.361007425004507
 31
0.0
  0
LINE
  5
11A
330
83
100
AcDbEntity
  8
Edges
100
AcDbLine
 10
21.25695996688239
 20
-1.973332738229235
 30
0.0
 11
21.26467887896001
 21
-1.964985471808493
 31
0.0
  0
LINE
  5
11B
330
83
100
AcDbEntity
  8
Edges
100
AcDbLine
 10
22.15387690134082
 20
-1.935638366266713
 30
0.0
 11
22.16798589229762
 21
-1.937666228790443
 31
0.0
  0
LINE
  5
11C
330
83
100
AcDbEntity
  8
Edges
100
AcDbLine
 10
21.25695996688239
 20
-2.393332738229235
 30
0.0
 11
21.26467887896001
 21
-2.38498547180851
 31
0.0
  0
LINE
  5
11D
330
83
100
AcDbEntity
  8
Edges
100
AcDbLine
 10
21.26467887896001
 20
-1.964985471808493
 30
0.0
 11
21.27123817204986
 21
-1.959581042166728
 31
0.0
  0
LINE
  5
11E
330
83
100
AcDbEntity
  8
Edges
100
AcDbLine
 10
21.24634897634813
 20
-2.411842992319176
 30
0.0
 11
21.25081495170731
 21
-2.402336597911291
 31
0.0
  0
LINE
  5
11F
330
83
100
AcDbEntity
  8
Edges
100
AcDbLine
 10
21.24629259058441
 20
-4.061344330186392
 30
0.0
 11
21.2506889879574
 21
-4.070702619034936
 31
0.0
  0
LINE
  5
120
330
83
100
AcDbEntity
  8
Edges
100
AcDbLine
 10
22.20647076358239
 20
-1.951379649999871
 30
0.0
 11
22.20647076358239
 21
-2.37137964999987
 31
0.0
  0
LINE
  5
121
330
83
100
AcDbEntity
  8
Edges
100
AcDbLine
 10
21.28363801337565
 20
-4.101729839244964
 30
0.0
 11
21.28363801337565
 21
-4.521729839244988
 31
0.0
  0
LINE
  5
122
330
83
100
AcDbEntity
  8
Edges
100
AcDbLine
 10
21.243624297883
 20
-4.051651458804959
 30
0.0
 11
21.24629259058441
 21
-4.061344330186392
 31
0.0
  0
LINE
  5
123
330
83
100
AcDbEntity
  8
Edges
100
AcDbLine
 10
21.24634897634813
 20
-1.991842992319153
 30
0.0
 11
21.25081495170731
 21
-1.982336597911267
 31
0.0
  0
LINE
  5
124
330
83
100
AcDbEntity
  8
Edges
100
AcDbLine
 10
22.24112583884771
 20
-2.404013411939798
 30
0.0
 11
22.2444264639191
 21
-2.411039210605878
 31
0.0
  0
LINE
  5
125
330
83
100
AcDbEntity
  8
Edges
100
AcDbLine
 10
21.24363845488148
 20
-2.001689264408864
 30
0.0
 11
21.24634897634813
 21
-1.991842992319153
 31
0.0
  0
LINE
  5
126
330
83
100
AcDbEntity
  8
Edges
100
AcDbLine
 10
21.24363845488148
 20
-2.421689264408864
 30
0.0
 11
21.24634897634813
 21
-2.411842992319176
 31
0.0
  0
LINE
  5
127
330
83
100
AcDbEntity
  8
Edges
100
AcDbLine
 10
22.24112583884771
 20
-1.984013411939816
 30
0.0
 11
22.24574987491323
 21
-1.99385625858803
 31
0.0
  0
LINE
  5
128
330
83
100
AcDbEntity
  8
Edges
100
AcDbLine
 10
21.25081495170731
 20
-1.982336597911267
 30
0.0
 11
21.25081495170731
 21
-2.402336597911291
 31
0.0
  0
LINE
  5
129
330
83
100
AcDbEntity
  8
Edges
100
AcDbLine
 10
22.16798589229762
 20
-1.937666228790443
 30
0.0
 11
22.18160786328427
 21
-1.941007425004496
 31
0.0
  0
LINE
  5
12A
330
83
100
AcDbEntity
  8
Edges
100
AcDbLine
 10
21.25081495170731
 20
-2.402336597911291
 30
0.0
 11
21.25695996688239
 21
-2.393332738229235
 31
0.0
  0
LINE
  5
12B
330
83
100
AcDbEntity
  8
Edges
100
AcDbLine
 10
22.16798589229762
 20
-2.357666228790419
 30
0.0
 11
22.18160786328427
 21
-2.361007425004507
 31
0.0
  0
LINE
  5
12C
330
83
100
AcDbEntity
  8
Edges
100
AcDbLine
 10
21.32145479846345
 20
-2.357573673275998
 30
0.0
 11
21.33508151007706
 21
-2.355615127984768
 31
0.0
  0
LINE
  5
12D
330
83
100
AcDbEntity
  8
Edges
100
AcDbLine
 10
21.24629259058441
 20
-4.061344330186392
 30
0.0
 11
21.24629259058441
 21
-4.481344330186404
 31
0.0
  0
LINE
  5
12E
330
83
100
AcDbEntity
  8
Edges
100
AcDbLine
 10
21.243624297883
 20
-4.471651458804977
 30
0.0
 11
21.24629259058441
 21
-4.481344330186404
 31
0.0
  0
LINE
  5
12F
330
83
100
AcDbEntity
  8
Edges
100
AcDbLine
 10
22.18160786328427
 20
-1.941007425004496
 30
0.0
 11
22.19450973860043
 21
-1.945604786115394
 31
0.0
  0
LINE
  5
130
330
83
100
AcDbEntity
  8
Edges
100
AcDbLine
 10
22.20647076358239
 20
-1.951379649999871
 30
0.0
 11
22.21728628177647
 21
-1.958233207135744
 31
0.0
  0
LINE
  5
131
330
83
100
AcDbEntity
  8
Edges
100
AcDbLine
 10
21.27335493705394
 20
-4.095213678868834
 30
0.0
 11
21.28363801337565
 21
-4.101729839244964
 31
0.0
  0
LINE
  5
132
330
83
100
AcDbEntity
  8
Edges
100
AcDbLine
 10
22.16798589229762
 20
-1.937666228790443
 30
0.0
 11
22.16798589229762
 21
-2.357666228790419
 31
0.0
  0
LINE
  5
133
330
83
100
AcDbEntity
  8
Edges
100
AcDbLine
 10
21.25695996688239
 20
-1.973332738229235
 30
0.0
 11
21.25695996688239
 21
-2.393332738229235
 31
0.0
  0
LINE
  5
134
330
83
100
AcDbEntity
  8
Edges
100
AcDbLine
 10
21.27335493705394
 20
-4.515213678868859
 30
0.0
 11
21.28363801337565
 21
-4.521729839244988
 31
0.0
  0
LINE
  5
135
330
83
100
AcDbEntity
  8
Edges
100
AcDbLine
 10
21.2506889879574
 20
-4.070702619034936
 30
0.0
 11
21.25673826642406
 21
-4.079566202433764
 31
0.0
  0
LINE
  5
136
330
83
100
AcDbEntity
  8
Edges
100
AcDbLine
 10
22.20394635139981
 20
-4.528523346338533
 30
0.0
 11
22.21385469739565
 21
-4.523739529773273
 31
0.0
  0
LINE
  5
137
330
83
100
AcDbEntity
  8
Edges
100
AcDbLine
 10
21.28363801337565
 20
-4.521729839244988
 30
0.0
 11
21.29501020383091
 21
-4.527220409831214
 31
0.0
  0
LINE
  5
138
330
83
100
AcDbEntity
  8
Edges
100
AcDbLine
 10
24.99875165539288
 20
-0.8727686560154879
 30
0.0
 11
24.98762859081612
 21
-0.8428653999886005
 31
0.0
  0
LINE
  5
139
330
83
100
AcDbEntity
  8
Edges
100
AcDbLine
 10
24.97827683974993
 20
-0.8163096600215427
 30
0.0
 11
24.98293018852141
 21
-0.8289276755877921
 31
0.0
  0
LINE
  5
13A
330
83
100
AcDbEntity
  8
Edges
100
AcDbLine
 10
24.99875165539288
 20
-0.8665889327348281
 30
0.0
 11
24.99554789417529
 21
-0.856911718373567
 31
0.0
  0
LINE
  5
13B
330
83
100
AcDbEntity
  8
Edges
100
AcDbLine
 10
23.9594607287647
 20
0.6173154497916542
 30
0.0
 11
22.7094607287647
 21
0.6173154497916542
 31
0.0
  0
LINE
  5
13C
330
83
100
AcDbEntity
  8
Edges
100
AcDbLine
 10
24.9594607287647
 20
-3.016868323912028
 30
0.0
 11
25.0063787287647
 21
-2.889645525146974
 31
0.0
  0
LINE
  5
13D
330
83
100
AcDbEntity
  8
Edges
100
AcDbLine
 10
23.81144758072098
 20
-5.046598449288232
 30
0.0
 11
23.8313484939211
 21
-5.040244338675861
 31
0.0
  0
LINE
  5
13E
330
83
100
AcDbEntity
  8
Edges
100
AcDbLine
 10
23.95144662655676
 20
-4.92974731320038
 30
0.0
 11
23.9594607287647
 21
-4.910418042223049
 31
0.0
  0
LINE
  5
13F
330
83
100
AcDbEntity
  8
Edges
100
AcDbLine
 10
23.94161128462977
 20
-4.948212765991883
 30
0.0
 11
23.95144662655676
 21
-4.92974731320038
 31
0.0
  0
LINE
  5
140
330
83
100
AcDbEntity
  8
Edges
100
AcDbLine
 10
23.90217262251167
 20
-4.996757446529464
 30
0.0
 11
23.916859105701
 21
-4.981874467376734
 31
0.0
  0
LINE
  5
141
330
83
100
AcDbEntity
  8
Edges
100
AcDbLine
 10
23.916859105701
 20
-4.981874467376734
 30
0.0
 11
23.93004623466322
 21
-4.965642553607381
 31
0.0
  0
LINE
  5
142
330
83
100
AcDbEntity
  8
Edges
100
AcDbLine
 10
23.86886098853353
 20
-5.021936415567978
 30
0.0
 11
23.88612346346218
 21
-5.010152984027527
 31
0.0
  0
LINE
  5
143
330
83
100
AcDbEntity
  8
Edges
100
AcDbLine
 10
23.7702807287647
 20
-5.053411849306534
 30
0.0
 11
23.7910283156825
 21
-5.051001277667104
 31
0.0
  0
LINE
  5
144
330
83
100
AcDbEntity
  8
Edges
100
AcDbLine
 10
23.88612346346218
 20
-5.010152984027527
 30
0.0
 11
23.90217262251167
 21
-4.996757446529464
 31
0.0
  0
LINE
  5
145
330
83
100
AcDbEntity
  8
Edges
100
AcDbLine
 10
23.8313484939211
 20
-5.040244338675861
 30
0.0
 11
23.85054584931612
 21
-5.031998079759517
 31
0.0
  0
LINE
  5
146
330
83
100
AcDbEntity
  8
Edges
100
AcDbLine
 10
23.7910283156825
 20
-5.051001277667104
 30
0.0
 11
23.81144758072098
 21
-5.046598449288232
 31
0.0
  0
LINE
  5
147
330
83
100
AcDbEntity
  8
Edges
100
AcDbLine
 10
23.93004623466322
 20
-4.965642553607381
 30
0.0
 11
23.94161128462977
 21
-4.948212765991883
 31
0.0
  0
LINE
  5
148
330
83
100
AcDbEntity
  8
Edges
100
AcDbLine
 10
23.85054584931612
 20
-5.031998079759517
 30
0.0
 11
23.86886098853353
 21
-5.021936415567978
 31
0.0
  0
LINE
  5
149
330
83
100
AcDbEntity
  8
Edges
100
AcDbLine
 10
22.3344607287647
 20
0.6660509178064516
 30
0.0
 11
22.7094607287647
 21
0.6660509178064516
 31
0.0
  0
LINE
  5
14A
330
83
100
AcDbEntity
  8
Edges
100
AcDbLine
 10
22.3344607287647
 20
-5.102209604409054
 30
0.0
 11
22.7094607287647
 21
-5.102209604409061
 31
0.0
  0
LINE
  5
14B
330
83
100
AcDbEntity
  8
Edges
100
AcDbLine
 10
24.99554789417529
 20
-0.856911718373567
 30
0.0
 11
24.99183752918666
 21
-0.8473764578751357
 31
0.0
  0
LINE
  5
14C
330
83
100
AcDbEntity
  8
Edges
100
AcDbLine
 10
22.23775898859279
 20
-0.8642756190909253
 30
0.0
 11
22.23792582275101
 21
-1.421564979420814
 31
0.0
  0
LINE
  5
14D
330
83
100
AcDbEntity
  8
Edges
100
AcDbLine
 10
22.23803165714236
 20
-1.775091984202287
 30
0.0
 11
22.23809287097989
 21
-1.979569416876501
 31
0.0
  0
LINE
  5
14E
330
83
100
AcDbEntity
  8
Edges
100
AcDbLine
 10
23.7702807287647
 20
-5.053411849306534
 30
0.0
 11
22.7094607287647
 21
-5.053411849306534
 31
0.0
  0
LINE
  5
14F
330
83
100
AcDbEntity
  8
Edges
100
AcDbLine
 10
24.9594607287647
 20
-3.016868323912028
 30
0.0
 11
23.9594607287647
 21
-4.044230553560893
 31
0.0
  0
LINE
  5
150
330
83
100
AcDbEntity
  8
Edges
100
AcDbLine
 10
-20.51938682795015
 20
-1.970175523359927
 30
0.0
 11
-19.70563682795014
 21
-1.970175523359927
 31
0.0
  0
LINE
  5
151
330
83
100
AcDbEntity
  8
Edges
100
AcDbLine
 10
-19.47313682795013
 20
-1.156575487620948
 30
0.0
 11
-19.41501182795014
 21
-1.156575487620948
 31
0.0
  0
LINE
  5
152
330
83
100
AcDbEntity
  8
Edges
100
AcDbLine
 10
-20.51938682795015
 20
-1.156575487620948
 30
0.0
 11
-19.70563682795014
 21
-1.156575487620948
 31
0.0
  0
LINE
  5
153
330
83
100
AcDbEntity
  8
Edges
100
AcDbLine
 10
1.976886181387612
 20
-0.4684187034268419
 30
0.0
 11
2.010088795191833
 21
-0.4609968503291953
 31
0.0
  0
LINE
  5
154
330
83
100
AcDbEntity
  8
Edges
100
AcDbLine
 10
1.902960409366059
 20
-0.6012942854959178
 30
0.0
 11
1.91777185295048
 21
-0.5866972850891159
 31
0.0
  0
LINE
  5
155
330
83
100
AcDbEntity
  8
Edges
100
AcDbLine
 10
1.799536829188738
 20
-0.6522363232099622
 30
0.0
 11
1.801844979247448
 21
-0.6290467115533432
 31
0.0
  0
LINE
  5
156
330
83
100
AcDbEntity
  8
Edges
100
AcDbLine
 10
1.91777185295048
 20
-0.5866972850891159
 30
0.0
 11
1.931548251041121
 21
-0.576352855101157
 31
0.0
  0
LINE
  5
157
330
83
100
AcDbEntity
  8
Edges
100
AcDbLine
 10
1.974315817726846
 20
-0.5547997564285297
 30
0.0
 11
1.998987731361964
 21
-0.5467878353293685
 31
0.0
  0
LINE
  5
158
330
83
100
AcDbEntity
  8
Edges
100
AcDbLine
 10
1.998987731361964
 20
-0.5467878353293685
 30
0.0
 11
2.025036664829912
 21
-0.5409650600897607
 31
0.0
  0
LINE
  5
159
330
83
100
AcDbEntity
  8
Edges
100
AcDbLine
 10
1.803224607160501
 20
-0.6212541772275984
 30
0.0
 11
1.810334871647313
 21
-0.597715460206544
 31
0.0
  0
LINE
  5
15A
330
83
100
AcDbEntity
  8
Edges
100
AcDbLine
 10
1.810334871647313
 20
-0.597715460206544
 30
0.0
 11
1.822050058701137
 21
-0.5749892623299502
 31
0.0
  0
LINE
  5
15B
330
83
100
AcDbEntity
  8
Edges
100
AcDbLine
 10
2.010088795191833
 20
-0.4609968503291953
 30
0.0
 11
2.044478486548939
 21
-0.4564923265632288
 31
0.0
  0
LINE
  5
15C
330
83
100
AcDbEntity
  8
Edges
100
AcDbLine
 10
2.044478486548939
 20
-0.4564923265632288
 30
0.0
 11
2.078523525063687
 21
-0.4550229198131604
 31
0.0
  0
LINE
  5
15D
330
83
100
AcDbEntity
  8
Edges
100
AcDbLine
 10
1.801844979247448
 20
-0.6290467115533432
 30
0.0
 11
1.803224607160501
 21
-0.6212541772275984
 31
0.0
  0
LINE
  5
15E
330
83
100
AcDbEntity
  8
Edges
100
AcDbLine
 10
1.822050058701137
 20
-0.5749892623299502
 30
0.0
 11
1.825819272255131
 21
-0.5686444185721911
 31
0.0
  0
LINE
  5
15F
330
83
100
AcDbEntity
  8
Edges
100
AcDbLine
 10
1.889922499589744
 20
-0.5066826114042584
 30
0.0
 11
1.916284578472669
 21
-0.4914586942800625
 31
0.0
  0
LINE
  5
160
330
83
100
AcDbEntity
  8
Edges
100
AcDbLine
 10
1.885333395931013
 20
-0.5099919528245991
 30
0.0
 11
1.889922499589744
 21
-0.5066826114042584
 31
0.0
  0
LINE
  5
161
330
83
100
AcDbEntity
  8
Edges
100
AcDbLine
 10
1.951443067207179
 20
-0.5648637371959069
 30
0.0
 11
1.974315817726846
 21
-0.5547997564285297
 31
0.0
  0
LINE
  5
162
330
83
100
AcDbEntity
  8
Edges
100
AcDbLine
 10
1.945438751063989
 20
-0.4786308958919392
 30
0.0
 11
1.976886181387612
 21
-0.4684187034268419
 31
0.0
  0
LINE
  5
163
330
83
100
AcDbEntity
  8
Edges
100
AcDbLine
 10
1.825819272255131
 20
-0.5686444185721911
 30
0.0
 11
1.841702900391823
 21
-0.5474347676952434
 31
0.0
  0
LINE
  5
164
330
83
100
AcDbEntity
  8
Edges
100
AcDbLine
 10
1.841702900391823
 20
-0.5474347676952434
 30
0.0
 11
1.861654735426839
 21
-0.5277717995002434
 31
0.0
  0
LINE
  5
165
330
83
100
AcDbEntity
  8
Edges
100
AcDbLine
 10
1.916284578472669
 20
-0.4914586942800625
 30
0.0
 11
1.945438751063989
 21
-0.4786308958919392
 31
0.0
  0
LINE
  5
166
330
83
100
AcDbEntity
  8
Edges
100
AcDbLine
 10
1.931548251041121
 20
-0.576352855101157
 30
0.0
 11
1.951443067207179
 21
-0.5648637371959069
 31
0.0
  0
LINE
  5
167
330
83
100
AcDbEntity
  8
Edges
100
AcDbLine
 10
2.052016913656927
 20
-0.5374310600084229
 30
0.0
 11
2.080410151546743
 21
-0.5362055887729156
 31
0.0
  0
LINE
  5
168
330
83
100
AcDbEntity
  8
Edges
100
AcDbLine
 10
1.861654735426839
 20
-0.5277717995002434
 30
0.0
 11
1.885333395931013
 21
-0.5099919528245991
 31
0.0
  0
LINE
  5
169
330
83
100
AcDbEntity
  8
Edges
100
AcDbLine
 10
1.882954365261454
 20
-2.773549142440167
 30
0.0
 11
1.894900713738024
 21
-2.788146142846962
 31
0.0
  0
LINE
  5
16A
330
83
100
AcDbEntity
  8
Edges
100
AcDbLine
 10
1.909078533940771
 20
-2.801345189226097
 30
0.0
 11
1.905377137031706
 21
-2.798035847805756
 31
0.0
  0
LINE
  5
16B
330
83
100
AcDbEntity
  8
Edges
100
AcDbLine
 10
1.868737084960869
 20
-2.864851475111478
 30
0.0
 11
1.872438481869934
 21
-2.868160816531819
 31
0.0
  0
LINE
  5
16C
330
83
100
AcDbEntity
  8
Edges
100
AcDbLine
 10
1.849638775722539
 20
-2.847071628435834
 30
0.0
 11
1.868737084960869
 21
-2.864851475111478
 31
0.0
  0
LINE
  5
16D
330
83
100
AcDbEntity
  8
Edges
100
AcDbLine
 10
1.893701134568644
 20
-2.883384733656015
 30
0.0
 11
1.917215784125716
 21
-2.896212532044138
 31
0.0
  0
LINE
  5
16E
330
83
100
AcDbEntity
  8
Edges
100
AcDbLine
 10
1.981416441572491
 20
-2.833878367846317
 30
0.0
 11
2.003177686695877
 21
-2.837412367927655
 31
0.0
  0
LINE
  5
16F
330
83
100
AcDbEntity
  8
Edges
100
AcDbLine
 10
1.820735250659069
 20
-2.806199009363893
 30
0.0
 11
1.833546382518818
 21
-2.827408660240834
 31
0.0
  0
LINE
  5
170
330
83
100
AcDbEntity
  8
Edges
100
AcDbLine
 10
1.940506930553766
 20
-2.820043671507555
 30
0.0
 11
1.960406360085329
 21
-2.828055592606716
 31
0.0
  0
LINE
  5
171
330
83
100
AcDbEntity
  8
Edges
100
AcDbLine
 10
2.003177686695877
 20
-2.837412367927655
 30
0.0
 11
2.026078595191165
 21
-2.838637839163169
 31
0.0
  0
LINE
  5
172
330
83
100
AcDbEntity
  8
Edges
100
AcDbLine
 10
1.817695146003387
 20
-2.799854165606127
 30
0.0
 11
1.820735250659069
 21
-2.806199009363893
 31
0.0
  0
LINE
  5
173
330
83
100
AcDbEntity
  8
Edges
100
AcDbLine
 10
1.917215784125716
 20
-2.896212532044138
 30
0.0
 11
1.942580088367719
 21
-2.906424724509236
 31
0.0
  0
LINE
  5
174
330
83
100
AcDbEntity
  8
Edges
100
AcDbLine
 10
1.969360057016785
 20
-2.913846577606889
 30
0.0
 11
1.9970974773845
 21
-2.918351101372849
 31
0.0
  0
LINE
  5
175
330
83
100
AcDbEntity
  8
Edges
100
AcDbLine
 10
1.9970974773845
 20
-2.918351101372849
 30
0.0
 11
2.024556913845032
 21
-2.919820508122924
 31
0.0
  0
LINE
  5
176
330
83
100
AcDbEntity
  8
Edges
100
AcDbLine
 10
1.960406360085329
 20
-2.828055592606716
 30
0.0
 11
1.981416441572491
 21
-2.833878367846317
 31
0.0
  0
LINE
  5
177
330
83
100
AcDbEntity
  8
Edges
100
AcDbLine
 10
1.922058637734224
 20
-2.809979690740178
 30
0.0
 11
1.940506930553766
 21
-2.820043671507555
 31
0.0
  0
LINE
  5
178
330
83
100
AcDbEntity
  8
Edges
100
AcDbLine
 10
1.942580088367719
 20
-2.906424724509236
 30
0.0
 11
1.969360057016785
 21
-2.913846577606889
 31
0.0
  0
LINE
  5
179
330
83
100
AcDbEntity
  8
Edges
100
AcDbLine
 10
1.808246120578175
 20
-2.777127967729541
 30
0.0
 11
1.817695146003387
 21
-2.799854165606127
 31
0.0
  0
LINE
  5
17A
330
83
100
AcDbEntity
  8
Edges
100
AcDbLine
 10
1.872438481869934
 20
-2.868160816531819
 30
0.0
 11
1.893701134568644
 21
-2.883384733656015
 31
0.0
  0
LINE
  5
17B
330
83
100
AcDbEntity
  8
Edges
100
AcDbLine
 10
1.833546382518818
 20
-0.5474347676952434
 30
0.0
 11
1.849638775722539
 21
-0.5277717995002434
 31
0.0
  0
LINE
  5
17C
330
83
100
AcDbEntity
  8
Edges
100
AcDbLine
 10
1.868737084960855
 20
-0.5099919528245991
 30
0.0
 11
1.872438481869934
 21
-0.5066826114042584
 31
0.0
  0
LINE
  5
17D
330
83
100
AcDbEntity
  8
Edges
100
AcDbLine
 10
1.849638775722539
 20
-0.5277717995002434
 30
0.0
 11
1.868737084960855
 21
-0.5099919528245991
 31
0.0
  0
LINE
  5
17E
330
83
100
AcDbEntity
  8
Edges
100
AcDbLine
 10
1.917215784125716
 20
-0.4786308958919392
 30
0.0
 11
1.942580088367733
 21
-0.4684187034268419
 31
0.0
  0
LINE
  5
17F
330
83
100
AcDbEntity
  8
Edges
100
AcDbLine
 10
1.820735250659069
 20
-0.5686444185721911
 30
0.0
 11
1.833546382518818
 21
-0.5474347676952434
 31
0.0
  0
LINE
  5
180
330
83
100
AcDbEntity
  8
Edges
100
AcDbLine
 10
1.893701134568658
 20
-0.4914586942800625
 30
0.0
 11
1.917215784125716
 21
-0.4786308958919392
 31
0.0
  0
LINE
  5
181
330
83
100
AcDbEntity
  8
Edges
100
AcDbLine
 10
1.817695146003387
 20
-0.5749892623299502
 30
0.0
 11
1.820735250659069
 21
-0.5686444185721911
 31
0.0
  0
LINE
  5
182
330
83
100
AcDbEntity
  8
Edges
100
AcDbLine
 10
1.969360057016785
 20
-0.4609968503291953
 30
0.0
 11
1.9970974773845
 21
-0.4564923265632288
 31
0.0
  0
LINE
  5
183
330
83
100
AcDbEntity
  8
Edges
100
AcDbLine
 10
1.803224607160501
 20
-0.6212541772275984
 30
0.0
 11
1.808246120578189
 21
-0.597715460206544
 31
0.0
  0
LINE
  5
184
330
83
100
AcDbEntity
  8
Edges
100
AcDbLine
 10
1.942580088367733
 20
-0.4684187034268419
 30
0.0
 11
1.969360057016785
 21
-0.4609968503291953
 31
0.0
  0
LINE
  5
185
330
83
100
AcDbEntity
  8
Edges
100
AcDbLine
 10
1.9970974773845
 20
-0.4564923265632288
 30
0.0
 11
2.024556913845032
 21
-0.4550229198131604
 31
0.0
  0
LINE
  5
186
330
83
100
AcDbEntity
  8
Edges
100
AcDbLine
 10
1.803032045246538
 20
-2.752501605764365
 30
0.0
 11
1.802511250993319
 21
-2.753589250708479
 31
0.0
  0
LINE
  5
187
330
83
100
AcDbEntity
  8
Edges
100
AcDbLine
 10
1.808246120578189
 20
-0.597715460206544
 30
0.0
 11
1.817695146003387
 21
-0.5749892623299502
 31
0.0
  0
LINE
  5
188
330
83
100
AcDbEntity
  8
Edges
100
AcDbLine
 10
1.872438481869934
 20
-0.5066826114042584
 30
0.0
 11
1.893701134568658
 21
-0.4914586942800625
 31
0.0
  0
LINE
  5
189
330
83
100
AcDbEntity
  8
Edges
100
AcDbLine
 10
1.935349942564627
 20
-2.801345189226097
 30
0.0
 11
1.930760838905911
 21
-2.798035847805756
 31
0.0
  0
LINE
  5
18A
330
83
100
AcDbEntity
  8
Edges
100
AcDbLine
 10
2.025036664829912
 20
-2.833878367846317
 30
0.0
 11
2.052016913656927
 21
-2.837412367927655
 31
0.0
  0
LINE
  5
18B
330
83
100
AcDbEntity
  8
Edges
100
AcDbLine
 10
1.974315817726832
 20
-2.820043671507555
 30
0.0
 11
1.998987731361964
 21
-2.828055592606716
 31
0.0
  0
LINE
  5
18C
330
83
100
AcDbEntity
  8
Edges
100
AcDbLine
 10
2.052016913656927
 20
-2.837412367927655
 30
0.0
 11
2.080410151546743
 21
-2.838637839163169
 31
0.0
  0
LINE
  5
18D
330
83
100
AcDbEntity
  8
Edges
100
AcDbLine
 10
1.998987731361964
 20
-2.828055592606716
 30
0.0
 11
2.025036664829912
 21
-2.833878367846317
 31
0.0
  0
LINE
  5
18E
330
83
100
AcDbEntity
  8
Edges
100
AcDbLine
 10
1.802511250993319
 20
-2.753589250708479
 30
0.0
 11
1.803599027616783
 21
-2.754828779446655
 31
0.0
  0
LINE
  5
18F
330
83
100
AcDbEntity
  8
Edges
100
AcDbLine
 10
1.807423273331039
 20
-2.767489045158786
 30
0.0
 11
1.810334871647313
 21
-2.777127967729541
 31
0.0
  0
LINE
  5
190
330
83
100
AcDbEntity
  8
Edges
100
AcDbLine
 10
1.951443067207179
 20
-2.809979690740178
 30
0.0
 11
1.974315817726832
 21
-2.820043671507555
 31
0.0
  0
LINE
  5
191
330
83
100
AcDbEntity
  8
Edges
100
AcDbLine
 10
1.810334871647313
 20
-2.777127967729541
 30
0.0
 11
1.816950710442426
 21
-2.78996198061268
 31
0.0
  0
LINE
  5
192
330
83
100
AcDbEntity
  8
Edges
100
AcDbLine
 10
1.799536829188724
 20
-2.722607104726122
 30
0.0
 11
1.801658317160942
 21
-2.743921352482262
 31
0.0
  0
LINE
  5
193
330
83
100
AcDbEntity
  8
Edges
100
AcDbLine
 10
1.902960409366059
 20
-2.773549142440167
 30
0.0
 11
1.917771852950465
 21
-2.788146142846962
 31
0.0
  0
LINE
  5
194
330
83
100
AcDbEntity
  8
Edges
100
AcDbLine
 10
16.59116335924931
 20
-0.4684187034268419
 30
0.0
 11
16.55796074544509
 21
-0.4609968503291953
 31
0.0
  0
LINE
  5
195
330
83
100
AcDbEntity
  8
Edges
100
AcDbLine
 10
16.66508913127086
 20
-0.6012942854959178
 30
0.0
 11
16.65027768768644
 21
-0.5866972850891159
 31
0.0
  0
LINE
  5
196
330
83
100
AcDbEntity
  8
Edges
100
AcDbLine
 10
16.76851271144818
 20
-0.6522363232099622
 30
0.0
 11
16.76620456138947
 21
-0.6290467115533432
 31
0.0
  0
LINE
  5
197
330
83
100
AcDbEntity
  8
Edges
100
AcDbLine
 10
16.67060983741061
 20
-2.134663513216878
 30
0.0
 11
16.46829460561062
 21
-2.134663513216878
 31
0.0
  0
LINE
  5
198
330
83
100
AcDbEntity
  8
Edges
100
AcDbLine
 10
17.23321960561061
 20
-2.134663513216878
 30
0.0
 11
16.76996004481061
 21
-2.134663513216878
 31
0.0
  0
LINE
  5
199
330
83
100
AcDbEntity
  8
Edges
100
AcDbLine
 10
16.67060983741061
 20
-1.151188513216887
 30
0.0
 11
16.46829460561062
 21
-1.151188513216879
 31
0.0
  0
LINE
  5
19A
330
83
100
AcDbEntity
  8
Edges
100
AcDbLine
 10
17.23321960561061
 20
-1.151188513216887
 30
0.0
 11
16.76996004481061
 21
-1.151188513216887
 31
0.0
  0
LINE
  5
19B
330
83
100
AcDbEntity
  8
Edges
100
AcDbLine
 10
16.76665104517775
 20
-2.745796716382734
 30
0.0
 11
16.7655382896436
 21
-2.753589250708479
 31
0.0
  0
LINE
  5
19C
330
83
100
AcDbEntity
  8
Edges
100
AcDbLine
 10
16.76851271144818
 20
-2.722607104726122
 30
0.0
 11
16.76665104517775
 21
-2.745796716382734
 31
0.0
  0
LINE
  5
19D
330
83
100
AcDbEntity
  8
Edges
100
AcDbLine
 10
16.59373372291009
 20
-0.5547997564285297
 30
0.0
 11
16.56906180927495
 21
-0.5467878353293685
 31
0.0
  0
LINE
  5
19E
330
83
100
AcDbEntity
  8
Edges
100
AcDbLine
 10
16.56906180927495
 20
-0.5467878353293685
 30
0.0
 11
16.54301287580701
 21
-0.5409650600897607
 31
0.0
  0
LINE
  5
19F
330
83
100
AcDbEntity
  8
Edges
100
AcDbLine
 10
16.63269959807229
 20
-0.5734982387099877
 30
0.0
 11
16.63728870173101
 21
-0.5768075801303283
 31
0.0
  0
LINE
  5
1A0
330
83
100
AcDbEntity
  8
Edges
100
AcDbLine
 10
16.76482493347642
 20
-0.6212541772275984
 30
0.0
 11
16.75771466898959
 21
-0.597715460206544
 31
0.0
  0
LINE
  5
1A1
330
83
100
AcDbEntity
  8
Edges
100
AcDbLine
 10
16.75771466898959
 20
-0.597715460206544
 30
0.0
 11
16.74599948193578
 21
-0.5749892623299502
 31
0.0
  0
LINE
  5
1A2
330
83
100
AcDbEntity
  8
Edges
100
AcDbLine
 10
16.55796074544509
 20
-0.4609968503291953
 30
0.0
 11
16.52357105408796
 21
-0.4564923265632288
 31
0.0
  0
LINE
  5
1A3
330
83
100
AcDbEntity
  8
Edges
100
AcDbLine
 10
16.52357105408796
 20
-0.4564923265632288
 30
0.0
 11
16.48952601557323
 21
-0.4550229198131604
 31
0.0
  0
LINE
  5
1A4
330
83
100
AcDbEntity
  8
Edges
100
AcDbLine
 10
16.76620456138947
 20
-0.6290467115533432
 30
0.0
 11
16.76482493347642
 21
-0.6212541772275984
 31
0.0
  0
LINE
  5
1A5
330
83
100
AcDbEntity
  8
Edges
100
AcDbLine
 10
16.74599948193578
 20
-0.5749892623299502
 30
0.0
 11
16.74223026838179
 21
-0.5686444185721911
 31
0.0
  0
LINE
  5
1A6
330
83
100
AcDbEntity
  8
Edges
100
AcDbLine
 10
16.67812704104717
 20
-0.5066826114042584
 30
0.0
 11
16.65176496216426
 21
-0.4914586942800625
 31
0.0
  0
LINE
  5
1A7
330
83
100
AcDbEntity
  8
Edges
100
AcDbLine
 10
16.6827161447059
 20
-0.5099919528245991
 30
0.0
 11
16.67812704104717
 21
-0.5066826114042584
 31
0.0
  0
LINE
  5
1A8
330
83
100
AcDbEntity
  8
Edges
100
AcDbLine
 10
16.61660647342974
 20
-0.5648637371959069
 30
0.0
 11
16.59373372291009
 21
-0.5547997564285297
 31
0.0
  0
LINE
  5
1A9
330
83
100
AcDbEntity
  8
Edges
100
AcDbLine
 10
16.62261078957293
 20
-0.4786308958919392
 30
0.0
 11
16.59116335924931
 21
-0.4684187034268419
 31
0.0
  0
LINE
  5
1AA
330
83
100
AcDbEntity
  8
Edges
100
AcDbLine
 10
16.74223026838179
 20
-0.5686444185721911
 30
0.0
 11
16.72634664024509
 21
-0.5474347676952434
 31
0.0
  0
LINE
  5
1AB
330
83
100
AcDbEntity
  8
Edges
100
AcDbLine
 10
16.72634664024509
 20
-0.5474347676952434
 30
0.0
 11
16.70639480521008
 21
-0.5277717995002434
 31
0.0
  0
LINE
  5
1AC
330
83
100
AcDbEntity
  8
Edges
100
AcDbLine
 10
16.65176496216426
 20
-0.4914586942800625
 30
0.0
 11
16.62261078957293
 21
-0.4786308958919392
 31
0.0
  0
LINE
  5
1AD
330
83
100
AcDbEntity
  8
Edges
100
AcDbLine
 10
16.51603262697999
 20
-0.5374310600084229
 30
0.0
 11
16.48763938909018
 21
-0.5362055887729156
 31
0.0
  0
LINE
  5
1AE
330
83
100
AcDbEntity
  8
Edges
100
AcDbLine
 10
16.70639480521008
 20
-0.5277717995002434
 30
0.0
 11
16.6827161447059
 21
-0.5099919528245991
 31
0.0
  0
LINE
  5
1AF
330
83
100
AcDbEntity
  8
Edges
100
AcDbLine
 10
16.68509517537546
 20
-2.773549142440167
 30
0.0
 11
16.67314882689889
 21
-2.788146142846962
 31
0.0
  0
LINE
  5
1B0
330
83
100
AcDbEntity
  8
Edges
100
AcDbLine
 10
16.66267240360523
 20
-2.798035847805756
 30
0.0
 11
16.64599090290269
 21
-2.809979690740178
 31
0.0
  0
LINE
  5
1B1
330
83
100
AcDbEntity
  8
Edges
100
AcDbLine
 10
16.67314882689889
 20
-2.788146142846962
 30
0.0
 11
16.66267240360523
 21
-2.798035847805756
 31
0.0
  0
LINE
  5
1B2
330
83
100
AcDbEntity
  8
Edges
100
AcDbLine
 10
16.69931245567605
 20
-2.864851475111478
 30
0.0
 11
16.69561105876698
 21
-2.868160816531819
 31
0.0
  0
LINE
  5
1B3
330
83
100
AcDbEntity
  8
Edges
100
AcDbLine
 10
16.71841076491438
 20
-2.847071628435834
 30
0.0
 11
16.69931245567605
 21
-2.864851475111478
 31
0.0
  0
LINE
  5
1B4
330
83
100
AcDbEntity
  8
Edges
100
AcDbLine
 10
16.7345031581181
 20
-2.827408660240834
 30
0.0
 11
16.71841076491438
 21
-2.847071628435834
 31
0.0
  0
LINE
  5
1B5
330
83
100
AcDbEntity
  8
Edges
100
AcDbLine
 10
16.67434840606827
 20
-2.883384733656015
 30
0.0
 11
16.6508337565112
 21
-2.896212532044138
 31
0.0
  0
LINE
  5
1B6
330
83
100
AcDbEntity
  8
Edges
100
AcDbLine
 10
16.58663309906444
 20
-2.833878367846317
 30
0.0
 11
16.56487185394104
 21
-2.837412367927655
 31
0.0
  0
LINE
  5
1B7
330
83
100
AcDbEntity
  8
Edges
100
AcDbLine
 10
16.74731428997785
 20
-2.806199009363893
 30
0.0
 11
16.7345031581181
 21
-2.827408660240834
 31
0.0
  0
LINE
  5
1B8
330
83
100
AcDbEntity
  8
Edges
100
AcDbLine
 10
16.62754261008315
 20
-2.820043671507555
 30
0.0
 11
16.60764318055159
 21
-2.828055592606716
 31
0.0
  0
LINE
  5
1B9
330
83
100
AcDbEntity
  8
Edges
100
AcDbLine
 10
16.56487185394104
 20
-2.837412367927655
 30
0.0
 11
16.54197094544575
 21
-2.838637839163169
 31
0.0
  0
LINE
  5
1BA
330
83
100
AcDbEntity
  8
Edges
100
AcDbLine
 10
16.75035439463355
 20
-2.799854165606127
 30
0.0
 11
16.74731428997785
 21
-2.806199009363893
 31
0.0
  0
LINE
  5
1BB
330
83
100
AcDbEntity
  8
Edges
100
AcDbLine
 10
16.6508337565112
 20
-2.896212532044138
 30
0.0
 11
16.62546945226918
 21
-2.906424724509236
 31
0.0
  0
LINE
  5
1BC
330
83
100
AcDbEntity
  8
Edges
100
AcDbLine
 10
16.59868948362013
 20
-2.913846577606889
 30
0.0
 11
16.57095206325243
 21
-2.918351101372849
 31
0.0
  0
LINE
  5
1BD
330
83
100
AcDbEntity
  8
Edges
100
AcDbLine
 10
16.57095206325243
 20
-2.918351101372849
 30
0.0
 11
16.54349262679189
 21
-2.919820508122924
 31
0.0
  0
LINE
  5
1BE
330
83
100
AcDbEntity
  8
Edges
100
AcDbLine
 10
16.60764318055159
 20
-2.828055592606716
 30
0.0
 11
16.58663309906444
 21
-2.833878367846317
 31
0.0
  0
LINE
  5
1BF
330
83
100
AcDbEntity
  8
Edges
100
AcDbLine
 10
16.64599090290269
 20
-2.809979690740178
 30
0.0
 11
16.62754261008315
 21
-2.820043671507555
 31
0.0
  0
LINE
  5
1C0
330
83
100
AcDbEntity
  8
Edges
100
AcDbLine
 10
16.62546945226918
 20
-2.906424724509236
 30
0.0
 11
16.59868948362013
 21
-2.913846577606889
 31
0.0
  0
LINE
  5
1C1
330
83
100
AcDbEntity
  8
Edges
100
AcDbLine
 10
16.75980342005874
 20
-2.777127967729541
 30
0.0
 11
16.75035439463355
 21
-2.799854165606127
 31
0.0
  0
LINE
  5
1C2
330
83
100
AcDbEntity
  8
Edges
100
AcDbLine
 10
16.69561105876698
 20
-2.868160816531819
 30
0.0
 11
16.67434840606827
 21
-2.883384733656015
 31
0.0
  0
LINE
  5
1C3
330
83
100
AcDbEntity
  8
Edges
100
AcDbLine
 10
16.7345031581181
 20
-0.5474347676952434
 30
0.0
 11
16.71841076491438
 21
-0.5277717995002434
 31
0.0
  0
LINE
  5
1C4
330
83
100
AcDbEntity
  8
Edges
100
AcDbLine
 10
16.69931245567605
 20
-0.5099919528245991
 30
0.0
 11
16.69561105876698
 21
-0.5066826114042584
 31
0.0
  0
LINE
  5
1C5
330
83
100
AcDbEntity
  8
Edges
100
AcDbLine
 10
16.71841076491438
 20
-0.5277717995002434
 30
0.0
 11
16.69931245567605
 21
-0.5099919528245991
 31
0.0
  0
LINE
  5
1C6
330
83
100
AcDbEntity
  8
Edges
100
AcDbLine
 10
16.6508337565112
 20
-0.4786308958919392
 30
0.0
 11
16.62546945226918
 21
-0.4684187034268419
 31
0.0
  0
LINE
  5
1C7
330
83
100
AcDbEntity
  8
Edges
100
AcDbLine
 10
16.74731428997785
 20
-0.5686444185721911
 30
0.0
 11
16.7345031581181
 21
-0.5474347676952434
 31
0.0
  0
LINE
  5
1C8
330
83
100
AcDbEntity
  8
Edges
100
AcDbLine
 10
16.67434840606827
 20
-0.4914586942800625
 30
0.0
 11
16.6508337565112
 21
-0.4786308958919392
 31
0.0
  0
LINE
  5
1C9
330
83
100
AcDbEntity
  8
Edges
100
AcDbLine
 10
16.75035439463355
 20
-0.5749892623299502
 30
0.0
 11
16.74731428997785
 21
-0.5686444185721911
 31
0.0
  0
LINE
  5
1CA
330
83
100
AcDbEntity
  8
Edges
100
AcDbLine
 10
16.59868948362013
 20
-0.4609968503291953
 30
0.0
 11
16.57095206325242
 21
-0.4564923265632288
 31
0.0
  0
LINE
  5
1CB
330
83
100
AcDbEntity
  8
Edges
100
AcDbLine
 10
16.76482493347642
 20
-0.6212541772275984
 30
0.0
 11
16.75980342005874
 21
-0.597715460206544
 31
0.0
  0
LINE
  5
1CC
330
83
100
AcDbEntity
  8
Edges
100
AcDbLine
 10
16.62546945226918
 20
-0.4684187034268419
 30
0.0
 11
16.59868948362013
 21
-0.4609968503291953
 31
0.0
  0
LINE
  5
1CD
330
83
100
AcDbEntity
  8
Edges
100
AcDbLine
 10
16.57095206325242
 20
-0.4564923265632288
 30
0.0
 11
16.54349262679189
 21
-0.4550229198131604
 31
0.0
  0
LINE
  5
1CE
330
83
100
AcDbEntity
  8
Edges
100
AcDbLine
 10
16.75980342005874
 20
-0.597715460206544
 30
0.0
 11
16.75035439463355
 21
-0.5749892623299502
 31
0.0
  0
LINE
  5
1CF
330
83
100
AcDbEntity
  8
Edges
100
AcDbLine
 10
16.69561105876698
 20
-0.5066826114042584
 30
0.0
 11
16.67434840606827
 21
-0.4914586942800625
 31
0.0
  0
LINE
  5
1D0
330
83
100
AcDbEntity
  8
Edges
100
AcDbLine
 10
16.54301287580701
 20
-2.833878367846317
 30
0.0
 11
16.51603262698001
 21
-2.837412367927655
 31
0.0
  0
LINE
  5
1D1
330
83
100
AcDbEntity
  8
Edges
100
AcDbLine
 10
16.59373372291009
 20
-2.820043671507555
 30
0.0
 11
16.56906180927495
 21
-2.828055592606716
 31
0.0
  0
LINE
  5
1D2
330
83
100
AcDbEntity
  8
Edges
100
AcDbLine
 10
16.51603262698001
 20
-2.837412367927655
 30
0.0
 11
16.48763938909019
 21
-2.838637839163169
 31
0.0
  0
LINE
  5
1D3
330
83
100
AcDbEntity
  8
Edges
100
AcDbLine
 10
16.56906180927495
 20
-2.828055592606716
 30
0.0
 11
16.54301287580701
 21
-2.833878367846317
 31
0.0
  0
LINE
  5
1D4
330
83
100
AcDbEntity
  8
Edges
100
AcDbLine
 10
16.7655382896436
 20
-2.753589250708479
 30
0.0
 11
16.76062626730589
 21
-2.767489045158786
 31
0.0
  0
LINE
  5
1D5
330
83
100
AcDbEntity
  8
Edges
100
AcDbLine
 10
16.61660647342974
 20
-2.809979690740178
 30
0.0
 11
16.59373372291009
 21
-2.820043671507555
 31
0.0
  0
LINE
  5
1D6
330
83
100
AcDbEntity
  8
Edges
100
AcDbLine
 10
16.66508913127086
 20
-2.773549142440167
 30
0.0
 11
16.65027768768644
 21
-2.788146142846962
 31
0.0
  0
LINE
  5
1D7
330
83
100
AcDbEntity
  8
Edges
100
AcDbLine
 10
-19.68840877407223
 20
-2.455699386251898
 30
0.0
 11
-19.70264120672574
 21
-2.457666159505273
 31
0.0
  0
LINE
  5
1D8
330
83
100
AcDbEntity
  8
Edges
100
AcDbLine
 10
-19.68840877407223
 20
-2.875699386251922
 30
0.0
 11
-19.70264120672574
 21
-2.877627499593841
 31
0.0
  0
LINE
  5
1D9
330
83
100
AcDbEntity
  8
Edges
100
AcDbLine
 10
-20.5988518036567
 20
-2.432519544921186
 30
0.0
 11
-20.5988518036567
 21
-2.852519544921204
 31
0.0
  0
LINE
  5
1DA
330
83
100
AcDbEntity
  8
Edges
100
AcDbLine
 10
-20.59099459953252
 20
-2.858993368592269
 30
0.0
 11
-20.5988518036567
 21
-2.852519544921204
 31
0.0
  0
LINE
  5
1DB
330
83
100
AcDbEntity
  8
Edges
100
AcDbLine
 10
-19.70264120672574
 20
-2.457666159505273
 30
0.0
 11
-19.70264120672574
 21
-2.877627499593841
 31
0.0
  0
LINE
  5
1DC
330
83
100
AcDbEntity
  8
Edges
100
AcDbLine
 10
-19.7032619880381
 20
-0.3111067531639406
 30
0.0
 11
-19.70264120672574
 21
-0.6966355816859835
 31
0.0
  0
LINE
  5
1DD
330
83
100
AcDbEntity
  8
Edges
100
AcDbLine
 10
-19.70264120672574
 20
-0.6966355816859835
 30
0.0
 11
-20.52205737930186
 21
-0.6965695960707512
 31
0.0
  0
LINE
  5
1DE
330
83
100
AcDbEntity
  8
Edges
100
AcDbLine
 10
-20.59099459953252
 20
-2.438993368592258
 30
0.0
 11
-20.59099459953252
 21
-2.858993368592269
 31
0.0
  0
LINE
  5
1DF
330
83
100
AcDbEntity
  8
Edges
100
AcDbLine
 10
-20.58546675973751
 20
-0.2991644369397575
 30
0.0
 11
-20.58546675973751
 21
-0.3973756247426383
 31
0.0
  0
LINE
  5
1E0
330
83
100
AcDbEntity
  8
Edges
100
AcDbLine
 10
-20.57212682936086
 20
-2.449454576142552
 30
0.0
 11
-20.57212682936086
 21
-2.869454576142546
 31
0.0
  0
LINE
  5
1E1
330
83
100
AcDbEntity
  8
Edges
100
AcDbLine
 10
-20.56143909609213
 20
-2.453262965860268
 30
0.0
 11
-20.56143909609213
 21
-2.873262965860268
 31
0.0
  0
LINE
  5
1E2
330
83
100
AcDbEntity
  8
Edges
100
AcDbLine
 10
-20.59495171462879
 20
-0.3069794210642649
 30
0.0
 11
-20.59495171462879
 21
-0.7269794210642826
 31
0.0
  0
LINE
  5
1E3
330
83
100
AcDbEntity
  8
Edges
100
AcDbLine
 10
-20.59086211910138
 20
-0.7236098611149813
 30
0.0
 11
-20.59495171462879
 21
-0.7269794210642826
 31
0.0
  0
LINE
  5
1E4
330
83
100
AcDbEntity
  8
Edges
100
AcDbLine
 10
-20.58546675973751
 20
-0.2991644369397575
 30
0.0
 11
-20.59495171462879
 21
-0.3069794210642649
 31
0.0
  0
LINE
  5
1E5
330
83
100
AcDbEntity
  8
Edges
100
AcDbLine
 10
-20.61767765600103
 20
-0.3553544667373734
 30
0.0
 11
-20.61673680566683
 21
-0.3449822417420219
 31
0.0
  0
LINE
  5
1E6
330
83
100
AcDbEntity
  8
Edges
100
AcDbLine
 10
-20.56143909609213
 20
-2.873262965860268
 30
0.0
 11
-20.57212682936086
 21
-2.869454576142546
 31
0.0
  0
LINE
  5
1E7
330
83
100
AcDbEntity
  8
Edges
100
AcDbLine
 10
-19.68840877407223
 20
-2.455699386251898
 30
0.0
 11
-19.68840877407223
 21
-2.875699386251922
 31
0.0
  0
LINE
  5
1E8
330
83
100
AcDbEntity
  8
Edges
100
AcDbLine
 10
-20.59099459953252
 20
-2.438993368592258
 30
0.0
 11
-20.5988518036567
 21
-2.432519544921186
 31
0.0
  0
LINE
  5
1E9
330
83
100
AcDbEntity
  8
Edges
100
AcDbLine
 10
-20.56143909609213
 20
-2.453262965860268
 30
0.0
 11
-20.57212682936086
 21
-2.449454576142552
 31
0.0
  0
LINE
  5
1EA
330
83
100
AcDbEntity
  8
Edges
100
AcDbLine
 10
-20.61767765600103
 20
-0.821485768911641
 30
0.0
 11
-20.61767765600103
 21
-1.241485768911658
 31
0.0
  0
LINE
  5
1EB
330
83
100
AcDbEntity
  8
Edges
100
AcDbLine
 10
-19.64202009317549
 20
-0.7183688524958752
 30
0.0
 11
-19.65246591086959
 21
-0.711749566474353
 31
0.0
  0
LINE
  5
1EC
330
83
100
AcDbEntity
  8
Edges
100
AcDbLine
 10
-19.63251739911367
 20
-2.428714651817498
 30
0.0
 11
-19.63251739911367
 21
-2.848714651817516
 31
0.0
  0
LINE
  5
1ED
330
83
100
AcDbEntity
  8
Edges
100
AcDbLine
 10
-19.65246591086959
 20
-0.3111067531639406
 30
0.0
 11
-19.65246591086959
 21
-0.711749566474353
 31
0.0
  0
LINE
  5
1EE
330
83
100
AcDbEntity
  8
Edges
100
AcDbLine
 10
-19.66401807916648
 20
-0.7061721013669993
 30
0.0
 11
-19.67647893726374
 21
-0.7017318891481899
 31
0.0
  0
LINE
  5
1EF
330
83
100
AcDbEntity
  8
Edges
100
AcDbLine
 10
-19.6896352764245
 20
-0.3111067531639406
 30
0.0
 11
-19.6896352764245
 21
-0.6985049030800124
 31
0.0
  0
LINE
  5
1F0
330
83
100
AcDbEntity
  8
Edges
100
AcDbLine
 10
-19.63251739911367
 20
-2.848714651817516
 30
0.0
 11
-19.64153541501497
 21
-2.856144908672872
 31
0.0
  0
LINE
  5
1F1
330
83
100
AcDbEntity
  8
Edges
100
AcDbLine
 10
-20.52657600272066
 20
-2.458273782064265
 30
0.0
 11
-20.53846715462829
 21
-2.45771061911121
 31
0.0
  0
LINE
  5
1F2
330
83
100
AcDbEntity
  8
Edges
100
AcDbLine
 10
-19.71547112054176
 20
-2.458273782064265
 30
0.0
 11
-20.52657600272066
 21
-2.458273782064265
 31
0.0
  0
LINE
  5
1F3
330
83
100
AcDbEntity
  8
Edges
100
AcDbLine
 10
-19.70264120672574
 20
-2.457666159505273
 30
0.0
 11
-19.71547112054176
 21
-2.458273782064265
 31
0.0
  0
LINE
  5
1F4
330
83
100
AcDbEntity
  8
Edges
100
AcDbLine
 10
-20.58203517535668
 20
-2.444670759577268
 30
0.0
 11
-20.59099459953252
 21
-2.438993368592258
 31
0.0
  0
LINE
  5
1F5
330
83
100
AcDbEntity
  8
Edges
100
AcDbLine
 10
-19.67647893726374
 20
-0.7017318891481899
 30
0.0
 11
-19.6896352764245
 21
-0.6985049030800124
 31
0.0
  0
LINE
  5
1F6
330
83
100
AcDbEntity
  8
Edges
100
AcDbLine
 10
-20.58203517535668
 20
-2.444670759577268
 30
0.0
 11
-20.58203517535668
 21
-2.864670759577286
 31
0.0
  0
LINE
  5
1F7
330
83
100
AcDbEntity
  8
Edges
100
AcDbLine
 10
-19.63251739911367
 20
-2.428714651817498
 30
0.0
 11
-19.64153541501497
 21
-2.436144908672847
 31
0.0
  0
LINE
  5
1F8
330
83
100
AcDbEntity
  8
Edges
100
AcDbLine
 10
-20.58203517535668
 20
-2.864670759577286
 30
0.0
 11
-20.59099459953252
 21
-2.858993368592269
 31
0.0
  0
LINE
  5
1F9
330
83
100
AcDbEntity
  8
Edges
100
AcDbLine
 10
-20.55015484562995
 20
-2.456030766126449
 30
0.0
 11
-20.55015484562995
 21
-2.876030766126468
 31
0.0
  0
LINE
  5
1FA
330
83
100
AcDbEntity
  8
Edges
100
AcDbLine
 10
-20.52205737930186
 20
-0.2765695960707273
 30
0.0
 11
-20.52205737930186
 21
-0.6965695960707512
 31
0.0
  0
LINE
  5
1FB
330
83
100
AcDbEntity
  8
Edges
100
AcDbLine
 10
-19.70264120672574
 20
-2.877627499593841
 30
0.0
 11
-20.53846715462829
 21
-2.877710619111216
 31
0.0
  0
LINE
  5
1FC
330
83
100
AcDbEntity
  8
Edges
100
AcDbLine
 10
-19.66401807916648
 20
-0.3111067531639406
 30
0.0
 11
-19.66401807916648
 21
-0.7061721013669993
 31
0.0
  0
LINE
  5
1FD
330
83
100
AcDbEntity
  8
Edges
100
AcDbLine
 10
-20.4531686500109
 20
-0.2758897645274447
 30
0.0
 11
-20.50770277712191
 21
-0.2758897645274447
 31
0.0
  0
LINE
  5
1FE
330
83
100
AcDbEntity
  8
Edges
100
AcDbLine
 10
-19.64202009317549
 20
-0.3111067531639406
 30
0.0
 11
-19.64202009317549
 21
-0.7183688524958752
 31
0.0
  0
LINE
  5
1FF
330
83
100
AcDbEntity
  8
Edges
100
AcDbLine
 10
-20.53846715462829
 20
-2.45771061911121
 30
0.0
 11
-20.53846715462829
 21
-2.877710619111216
 31
0.0
  0
LINE
  5
200
330
83
100
AcDbEntity
  8
Edges
100
AcDbLine
 10
-19.65246591086959
 20
-0.711749566474353
 30
0.0
 11
-19.66401807916648
 21
-0.7061721013669993
 31
0.0
  0
LINE
  5
201
330
83
100
AcDbEntity
  8
Edges
100
AcDbLine
 10
-19.67647893726374
 20
-0.3111067531639406
 30
0.0
 11
-19.67647893726374
 21
-0.7017318891481899
 31
0.0
  0
LINE
  5
202
330
83
100
AcDbEntity
  8
Edges
100
AcDbLine
 10
-20.53846715462829
 20
-2.45771061911121
 30
0.0
 11
-20.55015484562995
 21
-2.456030766126449
 31
0.0
  0
LINE
  5
203
330
83
100
AcDbEntity
  8
Edges
100
AcDbLine
 10
-20.50770277712191
 20
-0.2758897645274447
 30
0.0
 11
-20.52205737930186
 21
-0.2765695960707273
 31
0.0
  0
LINE
  5
204
330
83
100
AcDbEntity
  8
Edges
100
AcDbLine
 10
-20.53846715462829
 20
-2.877710619111216
 30
0.0
 11
-20.55015484562995
 21
-2.876030766126468
 31
0.0
  0
LINE
  5
205
330
83
100
AcDbEntity
  8
Edges
100
AcDbLine
 10
-19.64153541501497
 20
-2.436144908672847
 30
0.0
 11
-19.64153541501497
 21
-2.856144908672872
 31
0.0
  0
LINE
  5
206
330
83
100
AcDbEntity
  8
Edges
100
AcDbLine
 10
-19.6249187443851
 20
-2.840497432237771
 30
0.0
 11
-19.63251739911367
 21
-2.848714651817516
 31
0.0
  0
LINE
  5
207
330
83
100
AcDbEntity
  8
Edges
100
AcDbLine
 10
-20.55015484562995
 20
-2.456030766126449
 30
0.0
 11
-20.56143909609213
 21
-2.453262965860268
 31
0.0
  0
LINE
  5
208
330
83
100
AcDbEntity
  8
Edges
100
AcDbLine
 10
-19.6249187443851
 20
-2.420497432237778
 30
0.0
 11
-19.63251739911367
 21
-2.428714651817498
 31
0.0
  0
LINE
  5
209
330
83
100
AcDbEntity
  8
Edges
100
AcDbLine
 10
-19.61181893284251
 20
-0.7626204942128778
 30
0.0
 11
-19.61181540952484
 21
-1.272804064155081
 31
0.0
  0
LINE
  5
20A
330
83
100
AcDbEntity
  8
Edges
100
AcDbLine
 10
-20.60547234878823
 20
-2.425360057482118
 30
0.0
 11
-20.61074295556435
 21
-2.417637407090019
 31
0.0
  0
LINE
  5
20B
330
83
100
AcDbEntity
  8
Edges
100
AcDbLine
 10
-20.59495171462879
 20
-0.3069794210642649
 30
0.0
 11
-20.60294381600936
 21
-0.315622115632427
 31
0.0
  0
LINE
  5
20C
330
83
100
AcDbEntity
  8
Edges
100
AcDbLine
 10
-19.6754574050491
 20
-2.452522675246631
 30
0.0
 11
-19.6754574050491
 21
-2.872522675246624
 31
0.0
  0
LINE
  5
20D
330
83
100
AcDbEntity
  8
Edges
100
AcDbLine
 10
-20.61457344244181
 20
-2.409483730434229
 30
0.0
 11
-20.61689826872815
 21
-2.401038539182959
 31
0.0
  0
LINE
  5
20E
330
83
100
AcDbEntity
  8
Edges
100
AcDbLine
 10
-20.61074295556435
 20
-2.417637407090019
 30
0.0
 11
-20.61457344244181
 21
-2.409483730434229
 31
0.0
  0
LINE
  5
20F
330
83
100
AcDbEntity
  8
Edges
100
AcDbLine
 10
-19.61091024304215
 20
-2.382721082411332
 30
0.0
 11
-19.61181139616356
 21
-1.853946946825786
 31
0.0
  0
LINE
  5
210
330
83
100
AcDbEntity
  8
Edges
100
AcDbLine
 10
-20.61457344244181
 20
-2.829483730434223
 30
0.0
 11
-20.61689826872815
 21
-2.821038539182941
 31
0.0
  0
LINE
  5
211
330
83
100
AcDbEntity
  8
Edges
100
AcDbLine
 10
-20.5988518036567
 20
-2.852519544921204
 30
0.0
 11
-20.60547234878823
 21
-2.845360057482106
 31
0.0
  0
LINE
  5
212
330
83
100
AcDbEntity
  8
Edges
100
AcDbLine
 10
-20.61074295556435
 20
-2.837637407089989
 30
0.0
 11
-20.61457344244181
 21
-2.829483730434223
 31
0.0
  0
LINE
  5
213
330
83
100
AcDbEntity
  8
Edges
100
AcDbLine
 10
-20.60294381600936
 20
-0.315622115632427
 30
0.0
 11
-20.60294381600936
 21
-0.7356221156324092
 31
0.0
  0
LINE
  5
214
330
83
100
AcDbEntity
  8
Edges
100
AcDbLine
 10
-19.61091024304215
 20
-0.352638171539053
 30
0.0
 11
-19.61181893284251
 21
-0.3426204942128779
 31
0.0
  0
LINE
  5
215
330
83
100
AcDbEntity
  8
Edges
100
AcDbLine
 10
-19.61180477584403
 20
-2.392582688608973
 30
0.0
 11
-19.61091024304215
 21
-2.382721082411332
 31
0.0
  0
LINE
  5
216
330
83
100
AcDbEntity
  8
Edges
100
AcDbLine
 10
-20.61074295556435
 20
-2.417637407090019
 30
0.0
 11
-20.61074295556435
 21
-2.837637407089989
 31
0.0
  0
LINE
  5
217
330
83
100
AcDbEntity
  8
Edges
100
AcDbLine
 10
-20.59495171462879
 20
-0.7269794210642826
 30
0.0
 11
-20.59655161096943
 21
-0.7287095562007551
 31
0.0
  0
LINE
  5
218
330
83
100
AcDbEntity
  8
Edges
100
AcDbLine
 10
-20.60093168681033
 20
-0.7334461900190137
 30
0.0
 11
-20.60294381600936
 21
-0.7356221156324092
 31
0.0
  0
LINE
  5
219
330
83
100
AcDbEntity
  8
Edges
100
AcDbLine
 10
-20.61689826872815
 20
-2.401038539182959
 30
0.0
 11
-20.61689826872815
 21
-2.821038539182941
 31
0.0
  0
LINE
  5
21A
330
83
100
AcDbEntity
  8
Edges
100
AcDbLine
 10
-20.60547234878823
 20
-2.845360057482106
 30
0.0
 11
-20.61074295556435
 21
-2.837637407089989
 31
0.0
  0
LINE
  5
21B
330
83
100
AcDbEntity
  8
Edges
100
AcDbLine
 10
-19.6754574050491
 20
-2.452522675246631
 30
0.0
 11
-19.68840877407223
 21
-2.455699386251898
 31
0.0
  0
LINE
  5
21C
330
83
100
AcDbEntity
  8
Edges
100
AcDbLine
 10
-20.61457344244181
 20
-2.409483730434229
 30
0.0
 11
-20.61457344244181
 21
-2.829483730434223
 31
0.0
  0
LINE
  5
21D
330
83
100
AcDbEntity
  8
Edges
100
AcDbLine
 10
-20.55015484562995
 20
-2.876030766126468
 30
0.0
 11
-20.56143909609213
 21
-2.873262965860268
 31
0.0
  0
LINE
  5
21E
330
83
100
AcDbEntity
  8
Edges
100
AcDbLine
 10
-19.6249187443851
 20
-2.420497432237778
 30
0.0
 11
-19.6249187443851
 21
-2.840497432237771
 31
0.0
  0
LINE
  5
21F
330
83
100
AcDbEntity
  8
Edges
100
AcDbLine
 10
-20.5988518036567
 20
-2.432519544921186
 30
0.0
 11
-20.60547234878823
 21
-2.425360057482118
 31
0.0
  0
LINE
  5
220
330
83
100
AcDbEntity
  8
Edges
100
AcDbLine
 10
-20.60547234878823
 20
-2.425360057482118
 30
0.0
 11
-20.60547234878823
 21
-2.845360057482106
 31
0.0
  0
LINE
  5
221
330
83
100
AcDbEntity
  8
Edges
100
AcDbLine
 10
-19.6754574050491
 20
-2.872522675246624
 30
0.0
 11
-19.68840877407223
 21
-2.875699386251922
 31
0.0
  0
LINE
  5
222
330
83
100
AcDbEntity
  8
Edges
100
AcDbLine
 10
-19.61180477584403
 20
-2.392582688608973
 30
0.0
 11
-19.61180477584403
 21
-2.812582688608991
 31
0.0
  0
LINE
  5
223
330
83
100
AcDbEntity
  8
Edges
100
AcDbLine
 10
-20.52205737930186
 20
-0.6965695960707512
 30
0.0
 11
-20.53616637025867
 21
-0.698597458594433
 31
0.0
  0
LINE
  5
224
330
83
100
AcDbEntity
  8
Edges
100
AcDbLine
 10
-19.66319068179196
 20
-2.448151639635228
 30
0.0
 11
-19.6754574050491
 21
-2.452522675246631
 31
0.0
  0
LINE
  5
225
330
83
100
AcDbEntity
  8
Edges
100
AcDbLine
 10
-19.65181849133668
 20
-2.442661069048978
 30
0.0
 11
-19.66319068179196
 21
-2.448151639635228
 31
0.0
  0
LINE
  5
226
330
83
100
AcDbEntity
  8
Edges
100
AcDbLine
 10
-20.56269021656148
 20
-0.2865360159194079
 30
0.0
 11
-20.57465124154344
 21
-0.2923108798038845
 31
0.0
  0
LINE
  5
227
330
83
100
AcDbEntity
  8
Edges
100
AcDbLine
 10
-20.61393035287428
 20
-0.3347874883920432
 30
0.0
 11
-20.61673680566683
 21
-0.3449822417420219
 31
0.0
  0
LINE
  5
228
330
83
100
AcDbEntity
  8
Edges
100
AcDbLine
 10
-19.66319068179194
 20
-2.868151639635228
 30
0.0
 11
-19.6754574050491
 21
-2.872522675246624
 31
0.0
  0
LINE
  5
229
330
83
100
AcDbEntity
  8
Edges
100
AcDbLine
 10
-20.57465124154344
 20
-0.7123108798038845
 30
0.0
 11
-20.57764120672573
 21
-0.7142055552917697
 31
0.0
  0
LINE
  5
22A
330
83
100
AcDbEntity
  8
Edges
100
AcDbLine
 10
-19.63285935692106
 20
-0.3059167016125066
 30
0.0
 11
-19.63285935692106
 21
-0.7259167016125243
 31
0.0
  0
LINE
  5
22B
330
83
100
AcDbEntity
  8
Edges
100
AcDbLine
 10
-20.57212682936086
 20
-2.449454576142552
 30
0.0
 11
-20.58203517535668
 21
-2.444670759577268
 31
0.0
  0
LINE
  5
22C
330
83
100
AcDbEntity
  8
Edges
100
AcDbLine
 10
-19.61886946591845
 20
-2.831633848838973
 30
0.0
 11
-19.6249187443851
 21
-2.840497432237771
 31
0.0
  0
LINE
  5
22D
330
83
100
AcDbEntity
  8
Edges
100
AcDbLine
 10
-20.60294381600936
 20
-0.7356221156324092
 30
0.0
 11
-20.60629618305334
 21
-0.7405341039036859
 31
0.0
  0
LINE
  5
22E
330
83
100
AcDbEntity
  8
Edges
100
AcDbLine
 10
-19.61452945430918
 20
-0.3327742221231662
 30
0.0
 11
-19.61452945430918
 21
-0.7527742221231902
 31
0.0
  0
LINE
  5
22F
330
83
100
AcDbEntity
  8
Edges
100
AcDbLine
 10
-19.61447306854543
 20
-2.822275559990417
 30
0.0
 11
-19.61886946591845
 21
-2.831633848838973
 31
0.0
  0
LINE
  5
230
330
83
100
AcDbEntity
  8
Edges
100
AcDbLine
 10
-19.61886946591845
 20
-2.411633848838949
 30
0.0
 11
-19.61886946591845
 21
-2.831633848838973
 31
0.0
  0
LINE
  5
231
330
83
100
AcDbEntity
  8
Edges
100
AcDbLine
 10
-20.54978834124532
 20
-0.7019386548085214
 30
0.0
 11
-20.56269021656148
 21
-0.7065360159194319
 31
0.0
  0
LINE
  5
232
330
83
100
AcDbEntity
  8
Edges
100
AcDbLine
 10
-20.56269021656148
 20
-0.2865360159194079
 30
0.0
 11
-20.56269021656148
 21
-0.7065360159194319
 31
0.0
  0
LINE
  5
233
330
83
100
AcDbEntity
  8
Edges
100
AcDbLine
 10
-20.56269021656148
 20
-0.7065360159194319
 30
0.0
 11
-20.57465124154344
 21
-0.7123108798038845
 31
0.0
  0
LINE
  5
234
330
83
100
AcDbEntity
  8
Edges
100
AcDbLine
 10
-19.63285935692106
 20
-0.7259167016125243
 30
0.0
 11
-19.64202009317549
 21
-0.7183688524958752
 31
0.0
  0
LINE
  5
235
330
83
100
AcDbEntity
  8
Edges
100
AcDbLine
 10
-19.66319068179196
 20
-2.448151639635228
 30
0.0
 11
-19.66319068179194
 21
-2.868151639635228
 31
0.0
  0
LINE
  5
236
330
83
100
AcDbEntity
  8
Edges
100
AcDbLine
 10
-20.61393035287428
 20
-0.7547874883920494
 30
0.0
 11
-20.61673680566683
 21
-0.7649822417419921
 31
0.0
  0
LINE
  5
237
330
83
100
AcDbEntity
  8
Edges
100
AcDbLine
 10
-19.61899542966834
 20
-0.3232678277152807
 30
0.0
 11
-19.62514044484342
 21
-0.3142639680332491
 31
0.0
  0
LINE
  5
238
330
83
100
AcDbEntity
  8
Edges
100
AcDbLine
 10
-20.60930631680875
 20
-0.3249446417438304
 30
0.0
 11
-20.60930631680875
 21
-0.4683190390020502
 31
0.0
  0
LINE
  5
239
330
83
100
AcDbEntity
  8
Edges
100
AcDbLine
 10
-20.54978834124532
 20
-0.2819386548085094
 30
0.0
 11
-20.54978834124532
 21
-0.7019386548085214
 31
0.0
  0
LINE
  5
23A
330
83
100
AcDbEntity
  8
Edges
100
AcDbLine
 10
-19.62514044484342
 20
-0.3142639680332491
 30
0.0
 11
-19.63285935692106
 21
-0.3059167016125066
 31
0.0
  0
LINE
  5
23B
330
83
100
AcDbEntity
  8
Edges
100
AcDbLine
 10
-20.52205737930186
 20
-0.2765695960707273
 30
0.0
 11
-20.53616637025867
 21
-0.2785974585944571
 31
0.0
  0
LINE
  5
23C
330
83
100
AcDbEntity
  8
Edges
100
AcDbLine
 10
-19.62514044484342
 20
-0.734263968033249
 30
0.0
 11
-19.63285935692106
 21
-0.7259167016125243
 31
0.0
  0
LINE
  5
23D
330
83
100
AcDbEntity
  8
Edges
100
AcDbLine
 10
-19.63285935692106
 20
-0.3059167016125066
 30
0.0
 11
-19.63941865001089
 21
-0.3005122719707427
 31
0.0
  0
LINE
  5
23E
330
83
100
AcDbEntity
  8
Edges
100
AcDbLine
 10
-19.61452945430918
 20
-0.7527742221231902
 30
0.0
 11
-19.61899542966834
 21
-0.7432678277153047
 31
0.0
  0
LINE
  5
23F
330
83
100
AcDbEntity
  8
Edges
100
AcDbLine
 10
-19.61447306854543
 20
-2.402275559990406
 30
0.0
 11
-19.61886946591845
 21
-2.411633848838949
 31
0.0
  0
LINE
  5
240
330
83
100
AcDbEntity
  8
Edges
100
AcDbLine
 10
-20.57465124154344
 20
-0.2923108798038845
 30
0.0
 11
-20.57465124154344
 21
-0.7123108798038845
 31
0.0
  0
LINE
  5
241
330
83
100
AcDbEntity
  8
Edges
100
AcDbLine
 10
-19.65181849133668
 20
-2.442661069048978
 30
0.0
 11
-19.65181849133668
 21
-2.862661069049002
 31
0.0
  0
LINE
  5
242
330
83
100
AcDbEntity
  8
Edges
100
AcDbLine
 10
-19.61180477584403
 20
-2.392582688608973
 30
0.0
 11
-19.61447306854543
 21
-2.402275559990406
 31
0.0
  0
LINE
  5
243
330
83
100
AcDbEntity
  8
Edges
100
AcDbLine
 10
-19.61452945430918
 20
-0.3327742221231662
 30
0.0
 11
-19.61899542966834
 21
-0.3232678277152807
 31
0.0
  0
LINE
  5
244
330
83
100
AcDbEntity
  8
Edges
100
AcDbLine
 10
-20.61260694188014
 20
-0.7519704404098917
 30
0.0
 11
-20.61393035287428
 21
-0.7547874883920494
 31
0.0
  0
LINE
  5
245
330
83
100
AcDbEntity
  8
Edges
100
AcDbLine
 10
-19.61181893284251
 20
-0.3426204942128779
 30
0.0
 11
-19.61452945430918
 21
-0.3327742221231662
 31
0.0
  0
LINE
  5
246
330
83
100
AcDbEntity
  8
Edges
100
AcDbLine
 10
-19.61181893284251
 20
-0.7626204942128778
 30
0.0
 11
-19.61452945430918
 21
-0.7527742221231902
 31
0.0
  0
LINE
  5
247
330
83
100
AcDbEntity
  8
Edges
100
AcDbLine
 10
-20.60930631680875
 20
-0.3249446417438304
 30
0.0
 11
-20.61393035287428
 21
-0.3347874883920432
 31
0.0
  0
LINE
  5
248
330
83
100
AcDbEntity
  8
Edges
100
AcDbLine
 10
-19.61899542966834
 20
-0.3232678277152807
 30
0.0
 11
-19.61899542966834
 21
-0.7432678277153047
 31
0.0
  0
LINE
  5
249
330
83
100
AcDbEntity
  8
Edges
100
AcDbLine
 10
-20.53616637025867
 20
-0.2785974585944571
 30
0.0
 11
-20.54978834124532
 21
-0.2819386548085094
 31
0.0
  0
LINE
  5
24A
330
83
100
AcDbEntity
  8
Edges
100
AcDbLine
 10
-19.61899542966834
 20
-0.7432678277153047
 30
0.0
 11
-19.62514044484342
 21
-0.734263968033249
 31
0.0
  0
LINE
  5
24B
330
83
100
AcDbEntity
  8
Edges
100
AcDbLine
 10
-20.53616637025867
 20
-0.698597458594433
 30
0.0
 11
-20.54978834124532
 21
-0.7019386548085214
 31
0.0
  0
LINE
  5
24C
330
83
100
AcDbEntity
  8
Edges
100
AcDbLine
 10
-19.6896352764245
 20
-0.6985049030800124
 30
0.0
 11
-19.70264120672574
 21
-0.6966355816859835
 31
0.0
  0
LINE
  5
24D
330
83
100
AcDbEntity
  8
Edges
100
AcDbLine
 10
-19.61447306854543
 20
-2.402275559990406
 30
0.0
 11
-19.61447306854543
 21
-2.822275559990417
 31
0.0
  0
LINE
  5
24E
330
83
100
AcDbEntity
  8
Edges
100
AcDbLine
 10
-19.61180477584403
 20
-2.812582688608991
 30
0.0
 11
-19.61447306854543
 21
-2.822275559990417
 31
0.0
  0
LINE
  5
24F
330
83
100
AcDbEntity
  8
Edges
100
AcDbLine
 10
-20.54978834124532
 20
-0.2819386548085094
 30
0.0
 11
-20.56269021656148
 21
-0.2865360159194079
 31
0.0
  0
LINE
  5
250
330
83
100
AcDbEntity
  8
Edges
100
AcDbLine
 10
-20.57465124154344
 20
-0.2923108798038845
 30
0.0
 11
-20.58546675973751
 21
-0.2991644369397575
 31
0.0
  0
LINE
  5
251
330
83
100
AcDbEntity
  8
Edges
100
AcDbLine
 10
-19.64153541501497
 20
-2.436144908672847
 30
0.0
 11
-19.65181849133668
 21
-2.442661069048978
 31
0.0
  0
LINE
  5
252
330
83
100
AcDbEntity
  8
Edges
100
AcDbLine
 10
-20.53616637025867
 20
-0.2785974585944571
 30
0.0
 11
-20.53616637025867
 21
-0.698597458594433
 31
0.0
  0
LINE
  5
253
330
83
100
AcDbEntity
  8
Edges
100
AcDbLine
 10
-19.62514044484342
 20
-0.3142639680332491
 30
0.0
 11
-19.62514044484342
 21
-0.734263968033249
 31
0.0
  0
LINE
  5
254
330
83
100
AcDbEntity
  8
Edges
100
AcDbLine
 10
-19.64153541501497
 20
-2.856144908672872
 30
0.0
 11
-19.65181849133668
 21
-2.862661069049002
 31
0.0
  0
LINE
  5
255
330
83
100
AcDbEntity
  8
Edges
100
AcDbLine
 10
-19.61886946591845
 20
-2.411633848838949
 30
0.0
 11
-19.6249187443851
 21
-2.420497432237778
 31
0.0
  0
LINE
  5
256
330
83
100
AcDbEntity
  8
Edges
100
AcDbLine
 10
-20.57212682936086
 20
-2.869454576142546
 30
0.0
 11
-20.58203517535668
 21
-2.864670759577286
 31
0.0
  0
LINE
  5
257
330
83
100
AcDbEntity
  8
Edges
100
AcDbLine
 10
-19.65181849133668
 20
-2.862661069049002
 30
0.0
 11
-19.66319068179194
 21
-2.868151639635228
 31
0.0
  0
LINE
  5
258
330
83
100
AcDbEntity
  8
Edges
100
AcDbLine
 10
24.57108440835734
 20
-0.2294496115955917
 30
0.0
 11
26.6313787287647
 21
-0.2476748377140909
 31
0.0
  0
LINE
  5
259
330
83
100
AcDbEntity
  8
Edges
100
AcDbLine
 10
24.09476993129123
 20
0.4299860362870139
 30
0.0
 11
26.6313787287647
 21
0.5520172868534888
 31
0.0
  0
LINE
  5
25A
330
83
100
AcDbEntity
  8
Edges
100
AcDbLine
 10
-23.36693213335391
 20
0.7924798374611584
 30
0.0
 11
-23.36372837213634
 21
0.8021570518224194
 31
0.0
  0
LINE
  5
25B
330
83
100
AcDbEntity
  8
Edges
100
AcDbLine
 10
-23.36962235686014
 20
0.7826816137526578
 30
0.0
 11
-23.36693213335391
 21
0.7924798374611584
 31
0.0
  0
LINE
  5
25C
330
83
100
AcDbEntity
  8
Edges
100
AcDbLine
 10
-22.32764120672573
 20
2.27638421998764
 30
0.0
 11
-21.07764120672573
 21
2.27638421998764
 31
0.0
  0
LINE
  5
25D
330
83
100
AcDbEntity
  8
Edges
100
AcDbLine
 10
-22.32667609515289
 20
-2.351029510969745
 30
0.0
 11
-22.32764120672573
 21
-2.354801339725916
 31
0.0
  0
LINE
  5
25E
330
83
100
AcDbEntity
  8
Edges
100
AcDbLine
 10
-22.17962805868203
 20
-3.387529679092246
 30
0.0
 11
-22.19952897188213
 21
-3.381175568479875
 31
0.0
  0
LINE
  5
25F
330
83
100
AcDbEntity
  8
Edges
100
AcDbLine
 10
-22.31962710451781
 20
-3.270678543004393
 30
0.0
 11
-22.32764120672573
 21
-3.251349272027063
 31
0.0
  0
LINE
  5
260
330
83
100
AcDbEntity
  8
Edges
100
AcDbLine
 10
-22.30979176259081
 20
-3.289143995795896
 30
0.0
 11
-22.31962710451781
 21
-3.270678543004393
 31
0.0
  0
LINE
  5
261
330
83
100
AcDbEntity
  8
Edges
100
AcDbLine
 10
-22.2703531004727
 20
-3.337688676333478
 30
0.0
 11
-22.28503958366204
 21
-3.322805697180747
 31
0.0
  0
LINE
  5
262
330
83
100
AcDbEntity
  8
Edges
100
AcDbLine
 10
-22.28503958366204
 20
-3.322805697180747
 30
0.0
 11
-22.29822671262426
 21
-3.306573783411394
 31
0.0
  0
LINE
  5
263
330
83
100
AcDbEntity
  8
Edges
100
AcDbLine
 10
-22.23704146649456
 20
-3.362867645371991
 30
0.0
 11
-22.25430394142323
 21
-3.351084213831541
 31
0.0
  0
LINE
  5
264
330
83
100
AcDbEntity
  8
Edges
100
AcDbLine
 10
-22.13846120672574
 20
-3.394343079110548
 30
0.0
 11
-22.15920879364353
 21
-3.391932507471118
 31
0.0
  0
LINE
  5
265
330
83
100
AcDbEntity
  8
Edges
100
AcDbLine
 10
-22.25430394142323
 20
-3.351084213831541
 30
0.0
 11
-22.2703531004727
 21
-3.337688676333478
 31
0.0
  0
LINE
  5
266
330
83
100
AcDbEntity
  8
Edges
100
AcDbLine
 10
-22.19952897188213
 20
-3.381175568479875
 30
0.0
 11
-22.21872632727717
 21
-3.372929309563531
 31
0.0
  0
LINE
  5
267
330
83
100
AcDbEntity
  8
Edges
100
AcDbLine
 10
-22.15920879364353
 20
-3.391932507471118
 30
0.0
 11
-22.17962805868203
 21
-3.387529679092246
 31
0.0
  0
LINE
  5
268
330
83
100
AcDbEntity
  8
Edges
100
AcDbLine
 10
-22.29822671262426
 20
-3.306573783411394
 30
0.0
 11
-22.30979176259081
 21
-3.289143995795896
 31
0.0
  0
LINE
  5
269
330
83
100
AcDbEntity
  8
Edges
100
AcDbLine
 10
-22.21872632727717
 20
-3.372929309563531
 30
0.0
 11
-22.23704146649456
 21
-3.362867645371991
 31
0.0
  0
LINE
  5
26A
330
83
100
AcDbEntity
  8
Edges
100
AcDbLine
 10
-22.32764120672573
 20
-2.383846891889277
 30
0.0
 11
-22.32764120672573
 21
-2.385161783364907
 31
0.0
  0
LINE
  5
26B
330
83
100
AcDbEntity
  8
Edges
100
AcDbLine
 10
-22.32764120672573
 20
-2.385161783364907
 30
0.0
 11
-22.31962710451779
 21
-2.385161783364907
 31
0.0
  0
LINE
  5
26C
330
83
100
AcDbEntity
  8
Edges
100
AcDbLine
 10
-20.70264120672573
 20
2.325119688002438
 30
0.0
 11
-21.07764120672573
 21
2.325119688002438
 31
0.0
  0
LINE
  5
26D
330
83
100
AcDbEntity
  8
Edges
100
AcDbLine
 10
-20.70264120672574
 20
-3.443140834213068
 30
0.0
 11
-21.07764120672573
 21
-3.443140834213075
 31
0.0
  0
LINE
  5
26E
330
83
100
AcDbEntity
  8
Edges
100
AcDbLine
 10
-23.36372837213634
 20
0.8021570518224194
 30
0.0
 11
-23.36001800714769
 21
0.8113872014378708
 31
0.0
  0
LINE
  5
26F
330
83
100
AcDbEntity
  8
Edges
100
AcDbLine
 10
-20.60593946655382
 20
0.7947931511050613
 30
0.0
 11
-20.60610630071206
 21
0.2375037907752926
 31
0.0
  0
LINE
  5
270
330
83
100
AcDbEntity
  8
Edges
100
AcDbLine
 10
-20.60621213510339
 20
-0.1160232140061961
 30
0.0
 11
-20.60627334894093
 21
-0.3205006466805145
 31
0.0
  0
LINE
  5
271
330
83
100
AcDbEntity
  8
Edges
100
AcDbLine
 10
-22.13846120672574
 20
-3.394343079110548
 30
0.0
 11
-21.07764120672573
 21
-3.394343079110548
 31
0.0
  0
LINE
  5
272
330
83
100
AcDbEntity
  8
Edges
100
AcDbLine
 10
-22.81215175373573
 20
-1.887393947500319
 30
0.0
 11
-22.32764120672573
 21
-2.385161783364907
 31
0.0
  0
LINE
  5
273
330
83
100
AcDbEntity
  8
Edges
100
AcDbLine
 10
-23.32764120672573
 20
0.8937808566558942
 30
0.0
 11
-22.32764120672573
 21
2.27638421998764
 31
0.0
  0
LINE
  5
274
330
83
100
AcDbEntity
  8
Edges
100
AcDbLine
 10
22.1512063499891
 20
-0.3111067531639406
 30
0.0
 11
21.3374563499891
 21
-0.3111067531639406
 31
0.0
  0
LINE
  5
275
330
83
100
AcDbEntity
  8
Edges
100
AcDbLine
 10
22.1512063499891
 20
0.5024932825750384
 30
0.0
 11
21.3374563499891
 21
0.5024932825750384
 31
0.0
  0
LINE
  5
276
330
83
100
AcDbEntity
  8
Edges
100
AcDbLine
 10
-2.78256665934866
 20
1.190650066769144
 30
0.0
 11
-2.815769273152866
 21
1.198071919866791
 31
0.0
  0
LINE
  5
277
330
83
100
AcDbEntity
  8
Edges
100
AcDbLine
 10
-2.708640887327106
 20
1.057774484700068
 30
0.0
 11
-2.723452330911513
 21
1.07237148510687
 31
0.0
  0
LINE
  5
278
330
83
100
AcDbEntity
  8
Edges
100
AcDbLine
 10
-2.605217307149771
 20
1.006832446986024
 30
0.0
 11
-2.607525457208481
 21
1.030022058642643
 31
0.0
  0
LINE
  5
279
330
83
100
AcDbEntity
  8
Edges
100
AcDbLine
 10
-2.703120181187344
 20
-0.475594743020892
 30
0.0
 11
-2.905435412987344
 21
-0.475594743020892
 31
0.0
  0
LINE
  5
27A
330
83
100
AcDbEntity
  8
Edges
100
AcDbLine
 10
-2.140510412987339
 20
-0.475594743020892
 30
0.0
 11
-2.60376997378735
 21
-0.475594743020892
 31
0.0
  0
LINE
  5
27B
330
83
100
AcDbEntity
  8
Edges
100
AcDbLine
 10
-2.703120181187344
 20
0.5078802569790995
 30
0.0
 11
-2.905435412987344
 21
0.5078802569791066
 31
0.0
  0
LINE
  5
27C
330
83
100
AcDbEntity
  8
Edges
100
AcDbLine
 10
-2.140510412987339
 20
0.5078802569790995
 30
0.0
 11
-2.60376997378735
 21
0.5078802569790995
 31
0.0
  0
LINE
  5
27D
330
83
100
AcDbEntity
  8
Edges
100
AcDbLine
 10
-2.723452330911513
 20
1.07237148510687
 30
0.0
 11
-2.737228729002154
 21
1.082715915094829
 31
0.0
  0
LINE
  5
27E
330
83
100
AcDbEntity
  8
Edges
100
AcDbLine
 10
-2.77999629568788
 20
1.104269013767456
 30
0.0
 11
-2.804668209323011
 21
1.112280934866618
 31
0.0
  0
LINE
  5
27F
330
83
100
AcDbEntity
  8
Edges
100
AcDbLine
 10
-2.804668209323011
 20
1.112280934866618
 30
0.0
 11
-2.830717142790959
 21
1.118103710106225
 31
0.0
  0
LINE
  5
280
330
83
100
AcDbEntity
  8
Edges
100
AcDbLine
 10
-2.608905085121534
 20
1.037814592968388
 30
0.0
 11
-2.61601534960836
 21
1.061353309989442
 31
0.0
  0
LINE
  5
281
330
83
100
AcDbEntity
  8
Edges
100
AcDbLine
 10
-2.61601534960836
 20
1.061353309989442
 30
0.0
 11
-2.62773053666217
 21
1.084079507866036
 31
0.0
  0
LINE
  5
282
330
83
100
AcDbEntity
  8
Edges
100
AcDbLine
 10
-2.815769273152866
 20
1.198071919866791
 30
0.0
 11
-2.850158964509986
 21
1.202576443632757
 31
0.0
  0
LINE
  5
283
330
83
100
AcDbEntity
  8
Edges
100
AcDbLine
 10
-2.850158964509986
 20
1.202576443632757
 30
0.0
 11
-2.884204003024734
 21
1.204045850382826
 31
0.0
  0
LINE
  5
284
330
83
100
AcDbEntity
  8
Edges
100
AcDbLine
 10
-2.607525457208481
 20
1.030022058642643
 30
0.0
 11
-2.608905085121534
 21
1.037814592968388
 31
0.0
  0
LINE
  5
285
330
83
100
AcDbEntity
  8
Edges
100
AcDbLine
 10
-2.62773053666217
 20
1.084079507866036
 30
0.0
 11
-2.631499750216164
 21
1.090424351623795
 31
0.0
  0
LINE
  5
286
330
83
100
AcDbEntity
  8
Edges
100
AcDbLine
 10
-2.695602977550791
 20
1.152386158791728
 30
0.0
 11
-2.721965056433703
 21
1.167610075915924
 31
0.0
  0
LINE
  5
287
330
83
100
AcDbEntity
  8
Edges
100
AcDbLine
 10
-2.69101387389206
 20
1.149076817371387
 30
0.0
 11
-2.695602977550791
 21
1.152386158791728
 31
0.0
  0
LINE
  5
288
330
83
100
AcDbEntity
  8
Edges
100
AcDbLine
 10
-2.751119229025022
 20
1.180437874304047
 30
0.0
 11
-2.78256665934866
 21
1.190650066769144
 31
0.0
  0
LINE
  5
289
330
83
100
AcDbEntity
  8
Edges
100
AcDbLine
 10
-2.647383378352856
 20
1.111634002500743
 30
0.0
 11
-2.667335213387872
 21
1.131296970695743
 31
0.0
  0
LINE
  5
28A
330
83
100
AcDbEntity
  8
Edges
100
AcDbLine
 10
-2.721965056433703
 20
1.167610075915924
 30
0.0
 11
-2.751119229025022
 21
1.180437874304047
 31
0.0
  0
LINE
  5
28B
330
83
100
AcDbEntity
  8
Edges
100
AcDbLine
 10
-2.737228729002154
 20
1.082715915094829
 30
0.0
 11
-2.757123545168226
 21
1.094205033000079
 31
0.0
  0
LINE
  5
28C
330
83
100
AcDbEntity
  8
Edges
100
AcDbLine
 10
-2.857697391617961
 20
1.121637710187563
 30
0.0
 11
-2.886090629507776
 21
1.12286318142307
 31
0.0
  0
LINE
  5
28D
330
83
100
AcDbEntity
  8
Edges
100
AcDbLine
 10
-2.667335213387872
 20
1.131296970695743
 30
0.0
 11
-2.69101387389206
 21
1.149076817371387
 31
0.0
  0
LINE
  5
28E
330
83
100
AcDbEntity
  8
Edges
100
AcDbLine
 10
-2.688634843222502
 20
-1.11448037224418
 30
0.0
 11
-2.700581191699058
 21
-1.129077372650975
 31
0.0
  0
LINE
  5
28F
330
83
100
AcDbEntity
  8
Edges
100
AcDbLine
 10
-2.714759011901804
 20
-1.14227641903011
 30
0.0
 11
-2.711057614992739
 21
-1.13896707760977
 31
0.0
  0
LINE
  5
290
330
83
100
AcDbEntity
  8
Edges
100
AcDbLine
 10
-2.674417562921902
 20
-1.205782704915492
 30
0.0
 11
-2.678118959830968
 21
-1.209092046335833
 31
0.0
  0
LINE
  5
291
330
83
100
AcDbEntity
  8
Edges
100
AcDbLine
 10
-2.655319253683572
 20
-1.188002858239848
 30
0.0
 11
-2.674417562921902
 21
-1.205782704915492
 31
0.0
  0
LINE
  5
292
330
83
100
AcDbEntity
  8
Edges
100
AcDbLine
 10
-2.639226860479851
 20
-1.168339890044848
 30
0.0
 11
-2.655319253683572
 21
-1.188002858239848
 31
0.0
  0
LINE
  5
293
330
83
100
AcDbEntity
  8
Edges
100
AcDbLine
 10
-2.699381612529691
 20
-1.224315963460028
 30
0.0
 11
-2.722896262086749
 21
-1.237143761848152
 31
0.0
  0
LINE
  5
294
330
83
100
AcDbEntity
  8
Edges
100
AcDbLine
 10
-2.787096919533524
 20
-1.17480959765033
 30
0.0
 11
-2.808858164656925
 21
-1.178343597731668
 31
0.0
  0
LINE
  5
295
330
83
100
AcDbEntity
  8
Edges
100
AcDbLine
 10
-2.626415728620116
 20
-1.147130239167907
 30
0.0
 11
-2.639226860479851
 21
-1.168339890044848
 31
0.0
  0
LINE
  5
296
330
83
100
AcDbEntity
  8
Edges
100
AcDbLine
 10
-2.746187408514799
 20
-1.160974901311568
 30
0.0
 11
-2.766086838046362
 21
-1.16898682241073
 31
0.0
  0
LINE
  5
297
330
83
100
AcDbEntity
  8
Edges
100
AcDbLine
 10
-2.808858164656925
 20
-1.178343597731668
 30
0.0
 11
-2.831759073152198
 21
-1.179569068967182
 31
0.0
  0
LINE
  5
298
330
83
100
AcDbEntity
  8
Edges
100
AcDbLine
 10
-2.62337562396442
 20
-1.140785395410141
 30
0.0
 11
-2.626415728620116
 21
-1.147130239167907
 31
0.0
  0
LINE
  5
299
330
83
100
AcDbEntity
  8
Edges
100
AcDbLine
 10
-2.775040534977819
 20
-1.254777807410903
 30
0.0
 11
-2.802777955345533
 21
-1.259282331176862
 31
0.0
  0
LINE
  5
29A
330
83
100
AcDbEntity
  8
Edges
100
AcDbLine
 10
-2.802777955345533
 20
-1.259282331176862
 30
0.0
 11
-2.830237391806065
 21
-1.260751737926938
 31
0.0
  0
LINE
  5
29B
330
83
100
AcDbEntity
  8
Edges
100
AcDbLine
 10
-2.766086838046362
 20
-1.16898682241073
 30
0.0
 11
-2.787096919533524
 21
-1.17480959765033
 31
0.0
  0
LINE
  5
29C
330
83
100
AcDbEntity
  8
Edges
100
AcDbLine
 10
-2.748260566328767
 20
-1.247355954313249
 30
0.0
 11
-2.775040534977819
 21
-1.254777807410903
 31
0.0
  0
LINE
  5
29D
330
83
100
AcDbEntity
  8
Edges
100
AcDbLine
 10
-2.613926598539222
 20
-1.118059197533554
 30
0.0
 11
-2.62337562396442
 21
-1.140785395410141
 31
0.0
  0
LINE
  5
29E
330
83
100
AcDbEntity
  8
Edges
100
AcDbLine
 10
-2.678118959830968
 20
-1.209092046335833
 30
0.0
 11
-2.699381612529691
 21
-1.224315963460028
 31
0.0
  0
LINE
  5
29F
330
83
100
AcDbEntity
  8
Edges
100
AcDbLine
 10
-2.674417562921902
 20
1.149076817371387
 30
0.0
 11
-2.678118959830982
 21
1.152386158791728
 31
0.0
  0
LINE
  5
2A0
330
83
100
AcDbEntity
  8
Edges
100
AcDbLine
 10
-2.655319253683586
 20
1.131296970695743
 30
0.0
 11
-2.674417562921902
 21
1.149076817371387
 31
0.0
  0
LINE
  5
2A1
330
83
100
AcDbEntity
  8
Edges
100
AcDbLine
 10
-2.722896262086763
 20
1.180437874304047
 30
0.0
 11
-2.748260566328767
 21
1.190650066769144
 31
0.0
  0
LINE
  5
2A2
330
83
100
AcDbEntity
  8
Edges
100
AcDbLine
 10
-2.626415728620116
 20
1.090424351623795
 30
0.0
 11
-2.639226860479851
 21
1.111634002500743
 31
0.0
  0
LINE
  5
2A3
330
83
100
AcDbEntity
  8
Edges
100
AcDbLine
 10
-2.699381612529691
 20
1.167610075915924
 30
0.0
 11
-2.722896262086763
 21
1.180437874304047
 31
0.0
  0
LINE
  5
2A4
330
83
100
AcDbEntity
  8
Edges
100
AcDbLine
 10
-2.62337562396442
 20
1.084079507866036
 30
0.0
 11
-2.626415728620116
 21
1.090424351623795
 31
0.0
  0
LINE
  5
2A5
330
83
100
AcDbEntity
  8
Edges
100
AcDbLine
 10
-2.775040534977819
 20
1.198071919866791
 30
0.0
 11
-2.802777955345533
 21
1.202576443632757
 31
0.0
  0
LINE
  5
2A6
330
83
100
AcDbEntity
  8
Edges
100
AcDbLine
 10
-2.608905085121534
 20
1.037814592968388
 30
0.0
 11
-2.613926598539222
 21
1.061353309989442
 31
0.0
  0
LINE
  5
2A7
330
83
100
AcDbEntity
  8
Edges
100
AcDbLine
 10
-2.802777955345533
 20
1.202576443632757
 30
0.0
 11
-2.830237391806079
 21
1.204045850382826
 31
0.0
  0
LINE
  5
2A8
330
83
100
AcDbEntity
  8
Edges
100
AcDbLine
 10
-2.608712523207572
 20
-1.093432835568378
 30
0.0
 11
-2.608191728954352
 21
-1.094520480512493
 31
0.0
  0
LINE
  5
2A9
330
83
100
AcDbEntity
  8
Edges
100
AcDbLine
 10
-2.613926598539222
 20
1.061353309989442
 30
0.0
 11
-2.62337562396442
 21
1.084079507866036
 31
0.0
  0
LINE
  5
2AA
330
83
100
AcDbEntity
  8
Edges
100
AcDbLine
 10
-2.678118959830982
 20
1.152386158791728
 30
0.0
 11
-2.699381612529691
 21
1.167610075915924
 31
0.0
  0
LINE
  5
2AB
330
83
100
AcDbEntity
  8
Edges
100
AcDbLine
 10
-2.741030420525675
 20
-1.14227641903011
 30
0.0
 11
-2.736441316866944
 21
-1.13896707760977
 31
0.0
  0
LINE
  5
2AC
330
83
100
AcDbEntity
  8
Edges
100
AcDbLine
 10
-2.830717142790945
 20
-1.17480959765033
 30
0.0
 11
-2.857697391617961
 21
-1.178343597731668
 31
0.0
  0
LINE
  5
2AD
330
83
100
AcDbEntity
  8
Edges
100
AcDbLine
 10
-2.77999629568788
 20
-1.160974901311568
 30
0.0
 11
-2.804668209322997
 21
-1.16898682241073
 31
0.0
  0
LINE
  5
2AE
330
83
100
AcDbEntity
  8
Edges
100
AcDbLine
 10
-2.857697391617961
 20
-1.178343597731668
 30
0.0
 11
-2.886090629507776
 21
-1.179569068967182
 31
0.0
  0
LINE
  5
2AF
330
83
100
AcDbEntity
  8
Edges
100
AcDbLine
 10
-2.804668209322997
 20
-1.16898682241073
 30
0.0
 11
-2.830717142790945
 21
-1.17480959765033
 31
0.0
  0
LINE
  5
2B0
330
83
100
AcDbEntity
  8
Edges
100
AcDbLine
 10
-2.608191728954352
 20
-1.094520480512493
 30
0.0
 11
-2.609279505577831
 21
-1.095760009250668
 31
0.0
  0
LINE
  5
2B1
330
83
100
AcDbEntity
  8
Edges
100
AcDbLine
 10
-2.613103751292072
 20
-1.1084202749628
 30
0.0
 11
-2.61601534960836
 21
-1.118059197533554
 31
0.0
  0
LINE
  5
2B2
330
83
100
AcDbEntity
  8
Edges
100
AcDbLine
 10
-2.757123545168212
 20
-1.150910920544191
 30
0.0
 11
-2.77999629568788
 21
-1.160974901311568
 31
0.0
  0
LINE
  5
2B3
330
83
100
AcDbEntity
  8
Edges
100
AcDbLine
 10
-2.61601534960836
 20
-1.118059197533554
 30
0.0
 11
-2.62263118840346
 21
-1.130893210416694
 31
0.0
  0
LINE
  5
2B4
330
83
100
AcDbEntity
  8
Edges
100
AcDbLine
 10
-2.605217307149771
 20
-1.063538334530136
 30
0.0
 11
-2.607338795121989
 21
-1.084852582286275
 31
0.0
  0
LINE
  5
2B5
330
83
100
AcDbEntity
  8
Edges
100
AcDbLine
 10
-2.708640887327106
 20
-1.11448037224418
 30
0.0
 11
-2.723452330911513
 21
-1.129077372650975
 31
0.0
  0
LINE
  5
2B6
330
83
100
AcDbEntity
  8
Edges
100
AcDbLine
 10
-16.34576960923189
 20
1.057774484700068
 30
0.0
 11
-16.33095816564749
 21
1.07237148510687
 31
0.0
  0
LINE
  5
2B7
330
83
100
AcDbEntity
  8
Edges
100
AcDbLine
 10
-16.44919318940923
 20
1.006832446986024
 30
0.0
 11
-16.44688503935052
 21
1.030022058642643
 31
0.0
  0
LINE
  5
2B8
330
83
100
AcDbEntity
  8
Edges
100
AcDbLine
 10
-16.35129031537166
 20
-0.475594743020892
 30
0.0
 11
-16.14897508357165
 21
-0.475594743020892
 31
0.0
  0
LINE
  5
2B9
330
83
100
AcDbEntity
  8
Edges
100
AcDbLine
 10
-16.35129031537166
 20
0.5078802569790995
 30
0.0
 11
-16.14897508357165
 21
0.5078802569791066
 31
0.0
  0
LINE
  5
2BA
330
83
100
AcDbEntity
  8
Edges
100
AcDbLine
 10
-16.91390008357166
 20
0.5078802569790995
 30
0.0
 11
-16.45064052277165
 21
0.5078802569790995
 31
0.0
  0
LINE
  5
2BB
330
83
100
AcDbEntity
  8
Edges
100
AcDbLine
 10
-16.44733152313878
 20
-1.086727946186748
 30
0.0
 11
-16.44621876760465
 21
-1.094520480512493
 31
0.0
  0
LINE
  5
2BC
330
83
100
AcDbEntity
  8
Edges
100
AcDbLine
 10
-16.44919318940923
 20
-1.063538334530136
 30
0.0
 11
-16.44733152313878
 21
-1.086727946186748
 31
0.0
  0
LINE
  5
2BD
330
83
100
AcDbEntity
  8
Edges
100
AcDbLine
 10
-16.27441420087112
 20
1.104269013767456
 30
0.0
 11
-16.24974228723599
 21
1.112280934866618
 31
0.0
  0
LINE
  5
2BE
330
83
100
AcDbEntity
  8
Edges
100
AcDbLine
 10
-16.31338007603332
 20
1.085570531485998
 30
0.0
 11
-16.31796917969206
 21
1.082261190065658
 31
0.0
  0
LINE
  5
2BF
330
83
100
AcDbEntity
  8
Edges
100
AcDbLine
 10
-16.44550541143746
 20
1.037814592968388
 30
0.0
 11
-16.43839514695064
 21
1.061353309989442
 31
0.0
  0
LINE
  5
2C0
330
83
100
AcDbEntity
  8
Edges
100
AcDbLine
 10
-16.43839514695064
 20
1.061353309989442
 30
0.0
 11
-16.42667995989683
 21
1.084079507866036
 31
0.0
  0
LINE
  5
2C1
330
83
100
AcDbEntity
  8
Edges
100
AcDbLine
 10
-16.23864122340613
 20
1.198071919866791
 30
0.0
 11
-16.20425153204901
 21
1.202576443632757
 31
0.0
  0
LINE
  5
2C2
330
83
100
AcDbEntity
  8
Edges
100
AcDbLine
 10
-16.20425153204901
 20
1.202576443632757
 30
0.0
 11
-16.17020649353426
 21
1.204045850382826
 31
0.0
  0
LINE
  5
2C3
330
83
100
AcDbEntity
  8
Edges
100
AcDbLine
 10
-16.44688503935052
 20
1.030022058642643
 30
0.0
 11
-16.44550541143746
 21
1.037814592968388
 31
0.0
  0
LINE
  5
2C4
330
83
100
AcDbEntity
  8
Edges
100
AcDbLine
 10
-16.42667995989683
 20
1.084079507866036
 30
0.0
 11
-16.42291074634283
 21
1.090424351623795
 31
0.0
  0
LINE
  5
2C5
330
83
100
AcDbEntity
  8
Edges
100
AcDbLine
 10
-16.35880751900821
 20
1.152386158791728
 30
0.0
 11
-16.3324454401253
 21
1.167610075915924
 31
0.0
  0
LINE
  5
2C6
330
83
100
AcDbEntity
  8
Edges
100
AcDbLine
 10
-16.36339662266694
 20
1.149076817371387
 30
0.0
 11
-16.35880751900821
 21
1.152386158791728
 31
0.0
  0
LINE
  5
2C7
330
83
100
AcDbEntity
  8
Edges
100
AcDbLine
 10
-16.29728695139077
 20
1.094205033000079
 30
0.0
 11
-16.27441420087112
 21
1.104269013767456
 31
0.0
  0
LINE
  5
2C8
330
83
100
AcDbEntity
  8
Edges
100
AcDbLine
 10
-16.30329126753398
 20
1.180437874304047
 30
0.0
 11
-16.27184383721034
 21
1.190650066769144
 31
0.0
  0
LINE
  5
2C9
330
83
100
AcDbEntity
  8
Edges
100
AcDbLine
 10
-16.42291074634283
 20
1.090424351623795
 30
0.0
 11
-16.40702711820614
 21
1.111634002500743
 31
0.0
  0
LINE
  5
2CA
330
83
100
AcDbEntity
  8
Edges
100
AcDbLine
 10
-16.40702711820614
 20
1.111634002500743
 30
0.0
 11
-16.38707528317113
 21
1.131296970695743
 31
0.0
  0
LINE
  5
2CB
330
83
100
AcDbEntity
  8
Edges
100
AcDbLine
 10
-16.3324454401253
 20
1.167610075915924
 30
0.0
 11
-16.30329126753398
 21
1.180437874304047
 31
0.0
  0
LINE
  5
2CC
330
83
100
AcDbEntity
  8
Edges
100
AcDbLine
 10
-16.19671310494104
 20
1.121637710187563
 30
0.0
 11
-16.16831986705122
 21
1.12286318142307
 31
0.0
  0
LINE
  5
2CD
330
83
100
AcDbEntity
  8
Edges
100
AcDbLine
 10
-16.38707528317113
 20
1.131296970695743
 30
0.0
 11
-16.36339662266694
 21
1.149076817371387
 31
0.0
  0
LINE
  5
2CE
330
83
100
AcDbEntity
  8
Edges
100
AcDbLine
 10
-16.3657756533365
 20
-1.11448037224418
 30
0.0
 11
-16.35382930485994
 21
-1.129077372650975
 31
0.0
  0
LINE
  5
2CF
330
83
100
AcDbEntity
  8
Edges
100
AcDbLine
 10
-16.34335288156626
 20
-1.13896707760977
 30
0.0
 11
-16.32667138086373
 21
-1.150910920544191
 31
0.0
  0
LINE
  5
2D0
330
83
100
AcDbEntity
  8
Edges
100
AcDbLine
 10
-16.35382930485994
 20
-1.129077372650975
 30
0.0
 11
-16.34335288156626
 21
-1.13896707760977
 31
0.0
  0
LINE
  5
2D1
330
83
100
AcDbEntity
  8
Edges
100
AcDbLine
 10
-16.3799929336371
 20
-1.205782704915492
 30
0.0
 11
-16.37629153672803
 21
-1.209092046335833
 31
0.0
  0
LINE
  5
2D2
330
83
100
AcDbEntity
  8
Edges
100
AcDbLine
 10
-16.39909124287543
 20
-1.188002858239848
 30
0.0
 11
-16.3799929336371
 21
-1.205782704915492
 31
0.0
  0
LINE
  5
2D3
330
83
100
AcDbEntity
  8
Edges
100
AcDbLine
 10
-16.41518363607915
 20
-1.168339890044848
 30
0.0
 11
-16.39909124287543
 21
-1.188002858239848
 31
0.0
  0
LINE
  5
2D4
330
83
100
AcDbEntity
  8
Edges
100
AcDbLine
 10
-16.35502888402931
 20
-1.224315963460028
 30
0.0
 11
-16.33151423447225
 21
-1.237143761848152
 31
0.0
  0
LINE
  5
2D5
330
83
100
AcDbEntity
  8
Edges
100
AcDbLine
 10
-16.26731357702547
 20
-1.17480959765033
 30
0.0
 11
-16.24555233190207
 21
-1.178343597731668
 31
0.0
  0
LINE
  5
2D6
330
83
100
AcDbEntity
  8
Edges
100
AcDbLine
 10
-16.42799476793888
 20
-1.147130239167907
 30
0.0
 11
-16.41518363607915
 21
-1.168339890044848
 31
0.0
  0
LINE
  5
2D7
330
83
100
AcDbEntity
  8
Edges
100
AcDbLine
 10
-16.3082230880442
 20
-1.160974901311568
 30
0.0
 11
-16.28832365851264
 21
-1.16898682241073
 31
0.0
  0
LINE
  5
2D8
330
83
100
AcDbEntity
  8
Edges
100
AcDbLine
 10
-16.24555233190207
 20
-1.178343597731668
 30
0.0
 11
-16.2226514234068
 21
-1.179569068967182
 31
0.0
  0
LINE
  5
2D9
330
83
100
AcDbEntity
  8
Edges
100
AcDbLine
 10
-16.43103487259458
 20
-1.140785395410141
 30
0.0
 11
-16.42799476793888
 21
-1.147130239167907
 31
0.0
  0
LINE
  5
2DA
330
83
100
AcDbEntity
  8
Edges
100
AcDbLine
 10
-16.33151423447225
 20
-1.237143761848152
 30
0.0
 11
-16.30614993023023
 21
-1.247355954313249
 31
0.0
  0
LINE
  5
2DB
330
83
100
AcDbEntity
  8
Edges
100
AcDbLine
 10
-16.27936996158118
 20
-1.254777807410903
 30
0.0
 11
-16.25163254121346
 21
-1.259282331176862
 31
0.0
  0
LINE
  5
2DC
330
83
100
AcDbEntity
  8
Edges
100
AcDbLine
 10
-16.28832365851264
 20
-1.16898682241073
 30
0.0
 11
-16.26731357702547
 21
-1.17480959765033
 31
0.0
  0
LINE
  5
2DD
330
83
100
AcDbEntity
  8
Edges
100
AcDbLine
 10
-16.32667138086373
 20
-1.150910920544191
 30
0.0
 11
-16.3082230880442
 21
-1.160974901311568
 31
0.0
  0
LINE
  5
2DE
330
83
100
AcDbEntity
  8
Edges
100
AcDbLine
 10
-16.30614993023023
 20
-1.247355954313249
 30
0.0
 11
-16.27936996158118
 21
-1.254777807410903
 31
0.0
  0
LINE
  5
2DF
330
83
100
AcDbEntity
  8
Edges
100
AcDbLine
 10
-16.44048389801978
 20
-1.118059197533554
 30
0.0
 11
-16.43103487259458
 21
-1.140785395410141
 31
0.0
  0
LINE
  5
2E0
330
83
100
AcDbEntity
  8
Edges
100
AcDbLine
 10
-16.37629153672803
 20
-1.209092046335833
 30
0.0
 11
-16.35502888402931
 21
-1.224315963460028
 31
0.0
  0
LINE
  5
2E1
330
83
100
AcDbEntity
  8
Edges
100
AcDbLine
 10
-16.41518363607915
 20
1.111634002500743
 30
0.0
 11
-16.39909124287541
 21
1.131296970695743
 31
0.0
  0
LINE
  5
2E2
330
83
100
AcDbEntity
  8
Edges
100
AcDbLine
 10
-16.3799929336371
 20
1.149076817371387
 30
0.0
 11
-16.37629153672802
 21
1.152386158791728
 31
0.0
  0
LINE
  5
2E3
330
83
100
AcDbEntity
  8
Edges
100
AcDbLine
 10
-16.39909124287541
 20
1.131296970695743
 30
0.0
 11
-16.3799929336371
 21
1.149076817371387
 31
0.0
  0
LINE
  5
2E4
330
83
100
AcDbEntity
  8
Edges
100
AcDbLine
 10
-16.33151423447223
 20
1.180437874304047
 30
0.0
 11
-16.30614993023023
 21
1.190650066769144
 31
0.0
  0
LINE
  5
2E5
330
83
100
AcDbEntity
  8
Edges
100
AcDbLine
 10
-16.42799476793888
 20
1.090424351623795
 30
0.0
 11
-16.41518363607915
 21
1.111634002500743
 31
0.0
  0
LINE
  5
2E6
330
83
100
AcDbEntity
  8
Edges
100
AcDbLine
 10
-16.35502888402931
 20
1.167610075915924
 30
0.0
 11
-16.33151423447223
 21
1.180437874304047
 31
0.0
  0
LINE
  5
2E7
330
83
100
AcDbEntity
  8
Edges
100
AcDbLine
 10
-16.43103487259458
 20
1.084079507866036
 30
0.0
 11
-16.42799476793888
 21
1.090424351623795
 31
0.0
  0
LINE
  5
2E8
330
83
100
AcDbEntity
  8
Edges
100
AcDbLine
 10
-16.27936996158118
 20
1.198071919866791
 30
0.0
 11
-16.25163254121346
 21
1.202576443632757
 31
0.0
  0
LINE
  5
2E9
330
83
100
AcDbEntity
  8
Edges
100
AcDbLine
 10
-16.44550541143746
 20
1.037814592968388
 30
0.0
 11
-16.44048389801978
 21
1.061353309989442
 31
0.0
  0
LINE
  5
2EA
330
83
100
AcDbEntity
  8
Edges
100
AcDbLine
 10
-16.30614993023023
 20
1.190650066769144
 30
0.0
 11
-16.27936996158118
 21
1.198071919866791
 31
0.0
  0
LINE
  5
2EB
330
83
100
AcDbEntity
  8
Edges
100
AcDbLine
 10
-16.44048389801978
 20
1.061353309989442
 30
0.0
 11
-16.43103487259458
 21
1.084079507866036
 31
0.0
  0
LINE
  5
2EC
330
83
100
AcDbEntity
  8
Edges
100
AcDbLine
 10
-16.27441420087112
 20
-1.160974901311568
 30
0.0
 11
-16.249742287236
 21
-1.16898682241073
 31
0.0
  0
LINE
  5
2ED
330
83
100
AcDbEntity
  8
Edges
100
AcDbLine
 10
-16.19671310494104
 20
-1.178343597731668
 30
0.0
 11
-16.16831986705122
 21
-1.179569068967182
 31
0.0
  0
LINE
  5
2EE
330
83
100
AcDbEntity
  8
Edges
100
AcDbLine
 10
-16.44621876760465
 20
-1.094520480512493
 30
0.0
 11
-16.44130674526692
 21
-1.1084202749628
 31
0.0
  0
LINE
  5
2EF
330
83
100
AcDbEntity
  8
Edges
100
AcDbLine
 10
-16.29728695139078
 20
-1.150910920544191
 30
0.0
 11
-16.27441420087112
 21
-1.160974901311568
 31
0.0
  0
LINE
  5
2F0
330
83
100
AcDbEntity
  8
Edges
100
AcDbLine
 10
-16.34576960923189
 20
-1.11448037224418
 30
0.0
 11
-16.33095816564749
 21
-1.129077372650975
 31
0.0
  0
LINE
  5
2F1
330
83
100
AcDbEntity
  8
Edges
100
AcDbLine
 10
-19.40691865001091
 20
-0.3111067531639406
 30
0.0
 11
-19.3487936500109
 21
-0.3111067531639406
 31
0.0
  0
LINE
  5
2F2
330
83
100
AcDbEntity
  8
Edges
100
AcDbLine
 10
-19.40691865001091
 20
0.5024932825750384
 30
0.0
 11
-19.3487936500109
 21
0.5024932825750384
 31
0.0
  0
LINE
  5
2F3
330
83
100
AcDbEntity
  8
Edges
100
AcDbLine
 10
20.53662563242487
 20
0.6190469436084194
 30
0.0
 11
20.53962097386588
 21
0.6190495189051584
 31
0.0
  0
LINE
  5
2F4
330
83
100
AcDbEntity
  8
Edges
100
AcDbLine
 10
-4.277128746093183
 20
1.203346378730266
 30
0.0
 11
-4.277128746093183
 21
4.792147713123175
 31
0.0
  0
LINE
  5
2F5
330
83
100
AcDbEntity
  8
Edges
100
AcDbLine
 10
-3.521616935069573
 20
4.792147713123174
 30
0.0
 11
-3.521616935069573
 21
1.203346378730265
 31
0.0
  0
LINE
  5
2F6
330
83
100
AcDbEntity
  8
Edges
100
AcDbLine
 10
1.766965893782568
 20
0.6527320818182476
 30
0.0
 11
1.766965893782568
 21
4.792147713123175
 31
0.0
  0
LINE
  5
2F7
330
83
100
AcDbEntity
  8
Edges
100
AcDbLine
 10
-4.157837407510513
 20
4.792147713123174
 30
0.0
 11
-4.157837407510513
 21
1.203346378730265
 31
0.0
  0
LINE
  5
2F8
330
83
100
AcDbEntity
  8
Edges
100
AcDbLine
 10
-0.380278200705618
 20
0.652656801774568
 30
0.0
 11
-0.380278200705618
 21
4.792147713123175
 31
0.0
  0
LINE
  5
2F9
330
83
100
AcDbEntity
  8
Edges
100
AcDbLine
 10
-10.20193128895236
 20
4.792147713123174
 30
0.0
 11
-10.20193128895236
 21
0.6523124652944308
 31
0.0
  0
LINE
  5
2FA
330
83
100
AcDbEntity
  8
Edges
100
AcDbLine
 10
4.908304324772956
 20
0.6528422137286829
 30
0.0
 11
4.908304324772956
 21
4.792147713123175
 31
0.0
  0
LINE
  5
2FB
330
83
100
AcDbEntity
  8
Edges
100
AcDbLine
 10
-9.565710816511426
 20
4.792147713123174
 30
0.0
 11
-9.565710816511426
 21
0.6523347704925575
 31
0.0
  0
LINE
  5
2FC
330
83
100
AcDbEntity
  8
Edges
100
AcDbLine
 10
-9.446420084675864
 20
0.6523389526959358
 30
0.0
 11
-9.446420084675864
 21
4.792147713123175
 31
0.0
  0
LINE
  5
2FD
330
83
100
AcDbEntity
  8
Edges
100
AcDbLine
 10
4.789012986190272
 20
0.6528380315040341
 30
0.0
 11
4.789012986190272
 21
4.792147713123175
 31
0.0
  0
LINE
  5
2FE
330
83
100
AcDbEntity
  8
Edges
100
AcDbLine
 10
10.07759566335562
 20
0.6530234434634675
 30
0.0
 11
10.07759566335562
 21
4.792147713123175
 31
0.0
  0
LINE
  5
2FF
330
83
100
AcDbEntity
  8
Edges
100
AcDbLine
 10
-0.499569539288288
 20
4.792147713123174
 30
0.0
 11
-0.499569539288288
 21
0.6526526195499179
 31
0.0
  0
LINE
  5
300
330
83
100
AcDbEntity
  8
Edges
100
AcDbLine
 10
7.174839757843813
 20
0.6529216759970114
 30
0.0
 11
7.174839757843813
 21
4.792147713123175
 31
0.0
  0
LINE
  5
301
330
83
100
AcDbEntity
  8
Edges
100
AcDbLine
 10
7.055548419261143
 20
0.6529174937723626
 30
0.0
 11
7.055548419261143
 21
4.792147713123175
 31
0.0
  0
LINE
  5
302
330
83
100
AcDbEntity
  8
Edges
100
AcDbLine
 10
0.3752335723963114
 20
0.6526832891960144
 30
0.0
 11
0.3752335723963114
 21
4.792147713123175
 31
0.0
  0
LINE
  5
303
330
83
100
AcDbEntity
  8
Edges
100
AcDbLine
 10
7.93035156886745
 20
4.792147713123174
 30
0.0
 11
7.93035156886745
 21
0.6529481634197865
 31
0.0
  0
LINE
  5
304
330
83
100
AcDbEntity
  8
Edges
100
AcDbLine
 10
-3.402325596486889
 20
1.203346378730266
 30
0.0
 11
-3.402325596486889
 21
4.792147713123175
 31
0.0
  0
LINE
  5
305
330
83
100
AcDbEntity
  8
Edges
100
AcDbLine
 10
-16.36531711572402
 20
1.053595302506988
 30
0.0
 11
-16.36531711572402
 21
1.051652920954798
 31
0.0
  0
LINE
  5
306
330
83
100
AcDbEntity
  8
Edges
100
AcDbLine
 10
-16.36531711572402
 20
1.033918900183008
 30
0.0
 11
-16.36531711572402
 21
1.02678361904072
 31
0.0
  0
LINE
  5
307
330
83
100
AcDbEntity
  8
Edges
100
AcDbLine
 10
0.2559422338136272
 20
0.6526791069713656
 30
0.0
 11
0.2559422338136272
 21
4.792147713123175
 31
0.0
  0
LINE
  5
308
330
83
100
AcDbEntity
  8
Edges
100
AcDbLine
 10
-8.054687801211301
 20
4.792147713123174
 30
0.0
 11
-8.054687801211301
 21
0.6523877453168386
 31
0.0
  0
LINE
  5
309
330
83
100
AcDbEntity
  8
Edges
100
AcDbLine
 10
7.811060230284766
 20
0.652943981195139
 30
0.0
 11
7.811060230284766
 21
4.792147713123175
 31
0.0
  0
LINE
  5
30A
330
83
100
AcDbEntity
  8
Edges
100
AcDbLine
 10
10.19688700193831
 20
4.792147713123174
 30
0.0
 11
10.19688700193831
 21
0.6530276256881145
 31
0.0
  0
LINE
  5
30B
330
83
100
AcDbEntity
  8
Edges
100
AcDbLine
 10
-11.07673443855866
 20
0.6522817956470064
 30
0.0
 11
-11.07673443855866
 21
4.792147713123175
 31
0.0
  0
LINE
  5
30C
330
83
100
AcDbEntity
  8
Edges
100
AcDbLine
 10
-5.032640557116806
 20
1.203346378730266
 30
0.0
 11
-5.032640557116806
 21
4.792147713123175
 31
0.0
  0
LINE
  5
30D
330
83
100
AcDbEntity
  8
Edges
100
AcDbLine
 10
-4.913349218534136
 20
4.792147713123174
 30
0.0
 11
-4.913349218534136
 21
1.203346378730265
 31
0.0
  0
LINE
  5
30E
330
83
100
AcDbEntity
  8
Edges
100
AcDbLine
 10
-7.299175990187677
 20
4.792147713123174
 30
0.0
 11
-7.299175990187677
 21
0.6524142327396146
 31
0.0
  0
LINE
  5
30F
330
83
100
AcDbEntity
  8
Edges
100
AcDbLine
 10
-18.9304510109973
 20
5.074182648881272
 30
0.0
 11
-18.84968568780894
 21
5.091275644267103
 31
0.0
  0
LINE
  5
310
330
83
100
AcDbEntity
  8
Edges
100
AcDbLine
 10
-18.94110549049718
 20
5.071473481551993
 30
0.0
 11
-18.9304510109973
 21
5.074182648881272
 31
0.0
  0
LINE
  5
311
330
83
100
AcDbEntity
  8
Edges
100
AcDbLine
 10
-19.14834239773528
 20
4.985833318028443
 30
0.0
 11
-19.23704640029587
 21
4.924388342373976
 31
0.0
  0
LINE
  5
312
330
83
100
AcDbEntity
  8
Edges
100
AcDbLine
 10
-7.179884651604993
 20
0.6524184149642643
 30
0.0
 11
-7.179884651604993
 21
4.792147713123175
 31
0.0
  0
LINE
  5
313
330
83
100
AcDbEntity
  8
Edges
100
AcDbLine
 10
-19.39819722297288
 20
4.728783159852088
 30
0.0
 11
-19.41840068871245
 21
4.68436720695065
 31
0.0
  0
LINE
  5
314
330
83
100
AcDbEntity
  8
Edges
100
AcDbLine
 10
-19.41840068871245
 20
4.68436720695065
 30
0.0
 11
-19.42991553563436
 21
4.65283513570294
 31
0.0
  0
LINE
  5
315
330
83
100
AcDbEntity
  8
Edges
100
AcDbLine
 10
-19.37375866230681
 20
4.77177645981958
 30
0.0
 11
-19.39819722297288
 21
4.728783159852088
 31
0.0
  0
LINE
  5
316
330
83
100
AcDbEntity
  8
Edges
100
AcDbLine
 10
-18.84968568780894
 20
5.091275644267103
 30
0.0
 11
-18.71138010785
 21
5.102323471902327
 31
0.0
  0
LINE
  5
317
330
83
100
AcDbEntity
  8
Edges
100
AcDbLine
 10
-19.04887955516945
 20
5.035267431875528
 30
0.0
 11
-19.14834239773528
 21
4.985833318028443
 31
0.0
  0
LINE
  5
318
330
83
100
AcDbEntity
  8
Edges
100
AcDbLine
 10
-19.37375866230681
 20
4.77177645981958
 30
0.0
 11
-19.32949888658939
 21
4.833022136118035
 31
0.0
  0
LINE
  5
319
330
83
100
AcDbEntity
  8
Edges
100
AcDbLine
 10
-18.9958692724277
 20
5.055087629807143
 30
0.0
 11
-19.04887955516945
 21
5.035267431875528
 31
0.0
  0
LINE
  5
31A
330
83
100
AcDbEntity
  8
Edges
100
AcDbLine
 10
-18.94110549049718
 20
5.071473481551993
 30
0.0
 11
-18.9958692724277
 21
5.055087629807143
 31
0.0
  0
LINE
  5
31B
330
83
100
AcDbEntity
  8
Edges
100
AcDbLine
 10
-19.32949888658939
 20
4.833022136118035
 30
0.0
 11
-19.23704640029587
 21
4.924388342373976
 31
0.0
  0
LINE
  5
31C
330
83
100
AcDbEntity
  8
Edges
100
AcDbLine
 10
-19.14878168265315
 20
4.463484508279766
 30
0.0
 11
-19.14037702148957
 21
4.53269280897258
 31
0.0
  0
LINE
  5
31D
330
83
100
AcDbEntity
  8
Edges
100
AcDbLine
 10
-19.15426784607106
 20
0.6437278305830923
 30
0.0
 11
-19.15266729123613
 21
0.6423888902743507
 31
0.0
  0
LINE
  5
31E
330
83
100
AcDbEntity
  8
Edges
100
AcDbLine
 10
-19.45759048546057
 20
4.559339871017844
 30
0.0
 11
-19.46689191887361
 21
4.463484508279766
 31
0.0
  0
LINE
  5
31F
330
83
100
AcDbEntity
  8
Edges
100
AcDbLine
 10
-19.46689191887361
 20
4.463484508279766
 30
0.0
 11
-19.46689191887361
 21
0.3862647060409046
 31
0.0
  0
LINE
  5
320
330
83
100
AcDbEntity
  8
Edges
100
AcDbLine
 10
-19.15266729123613
 20
0.6423888902743507
 30
0.0
 11
-19.14878168265315
 21
0.6257246846567668
 31
0.0
  0
LINE
  5
321
330
83
100
AcDbEntity
  8
Edges
100
AcDbLine
 10
-19.42991553563436
 20
4.65283513570294
 30
0.0
 11
-19.45759048546057
 21
4.559339871017844
 31
0.0
  0
LINE
  5
322
330
83
100
AcDbEntity
  8
Edges
100
AcDbLine
 10
-2.010593313022326
 20
4.792147713123174
 30
0.0
 11
-2.010593313022326
 21
0.6525996446990474
 31
0.0
  0
LINE
  5
323
330
83
100
AcDbEntity
  8
Edges
100
AcDbLine
 10
-19.14878168265315
 20
0.2811362370281372
 30
0.0
 11
-19.14878168265315
 21
0.3406558805082507
 31
0.0
  0
LINE
  5
324
330
83
100
AcDbEntity
  8
Edges
100
AcDbLine
 10
-1.891301974439642
 20
0.6526038269236976
 30
0.0
 11
-1.891301974439642
 21
4.792147713123175
 31
0.0
  0
LINE
  5
325
330
83
100
AcDbEntity
  8
Edges
100
AcDbLine
 10
20.6119034345728
 20
0.3525656805379889
 30
0.0
 11
20.57982228713108
 21
0.3411080349030833
 31
0.0
  0
LINE
  5
326
330
83
100
AcDbEntity
  8
Edges
100
AcDbLine
 10
-19.19095060778079
 20
0.340655400580367
 30
0.0
 11
-19.23924161139101
 21
0.3596492239490665
 31
0.0
  0
LINE
  5
327
330
83
100
AcDbEntity
  8
Edges
100
AcDbLine
 10
-2.625592757798216
 20
0.3404036814299798
 30
0.0
 11
-2.635421099085931
 21
0.3404038307766912
 31
0.0
  0
LINE
  5
328
330
83
100
AcDbEntity
  8
Edges
100
AcDbLine
 10
-2.905435412987344
 20
0.3404079337833576
 30
0.0
 11
-16.14897508357165
 21
0.3406091761944294
 31
0.0
  0
LINE
  5
329
330
83
100
AcDbEntity
  8
Edges
100
AcDbLine
 10
-16.37315097236215
 20
0.340612582662601
 30
0.0
 11
-16.37962704946588
 21
0.3406126810699304
 31
0.0
  0
LINE
  5
32A
330
83
100
AcDbEntity
  8
Edges
100
AcDbLine
 10
20.65073646401193
 20
0.3743066277382816
 30
0.0
 11
20.6119034345728
 21
0.3525656805379889
 31
0.0
  0
LINE
  5
32B
330
83
100
AcDbEntity
  8
Edges
100
AcDbLine
 10
3.277989364143024
 20
0.6527850566584817
 30
0.0
 11
3.277989364143024
 21
4.792147713123175
 31
0.0
  0
LINE
  5
32C
330
83
100
AcDbEntity
  8
Edges
100
AcDbLine
 10
3.397280702725709
 20
4.792147713123174
 30
0.0
 11
3.397280702725709
 21
0.6527892388831287
 31
0.0
  0
LINE
  5
32D
330
83
100
AcDbEntity
  8
Edges
100
AcDbLine
 10
-17.12082892674763
 20
4.792147713123174
 30
0.0
 11
-17.12082892674763
 21
0.6520698962647967
 31
0.0
  0
LINE
  5
32E
330
83
100
AcDbEntity
  8
Edges
100
AcDbLine
 10
-17.00153758816496
 20
4.792147713123174
 30
0.0
 11
-17.00153758816496
 21
0.652074078489445
 31
0.0
  0
LINE
  5
32F
330
83
100
AcDbEntity
  8
Edges
100
AcDbLine
 10
2.641769043388876
 20
4.792147713123174
 30
0.0
 11
2.641769043388876
 21
0.6527627514656711
 31
0.0
  0
LINE
  5
330
330
83
100
AcDbEntity
  8
Edges
100
AcDbLine
 10
2.522477704806192
 20
0.6527585692410236
 30
0.0
 11
2.522477704806192
 21
4.792147713123175
 31
0.0
  0
LINE
  5
331
330
83
100
AcDbEntity
  8
Edges
100
AcDbLine
 10
11.58861989215
 20
0.6530764183302918
 30
0.0
 11
11.58861989215
 21
4.792147713123175
 31
0.0
  0
LINE
  5
332
330
83
100
AcDbEntity
  8
Edges
100
AcDbLine
 10
20.81660292533773
 20
4.65283513570294
 30
0.0
 11
20.84427787516395
 21
4.559339871017844
 31
0.0
  0
LINE
  5
333
330
83
100
AcDbEntity
  8
Edges
100
AcDbLine
 10
20.84427787516395
 20
4.559339871017844
 30
0.0
 11
20.85358052207126
 21
4.463484508279766
 31
0.0
  0
LINE
  5
334
330
83
100
AcDbEntity
  8
Edges
100
AcDbLine
 10
20.41591925949898
 20
4.686708192128339
 30
0.0
 11
20.34780218686041
 21
4.732047073282149
 31
0.0
  0
LINE
  5
335
330
83
100
AcDbEntity
  8
Edges
100
AcDbLine
 10
20.09806871104764
 20
4.792147713123174
 30
0.0
 11
20.17378104418617
 21
4.787315072812642
 31
0.0
  0
LINE
  5
336
330
83
100
AcDbEntity
  8
Edges
100
AcDbLine
 10
20.53547028585078
 20
4.463484508279766
 30
0.0
 11
20.52706562468721
 21
4.53269280897258
 31
0.0
  0
LINE
  5
337
330
83
100
AcDbEntity
  8
Edges
100
AcDbLine
 10
13.21893485277992
 20
4.792147713123174
 30
0.0
 11
13.21893485277992
 21
0.6531335754004921
 31
0.0
  0
LINE
  5
338
330
83
100
AcDbEntity
  8
Edges
100
AcDbLine
 10
-2.766105124045935
 20
1.104712710463303
 30
0.0
 11
-2.766105124045935
 21
1.099982864440264
 31
0.0
  0
LINE
  5
339
330
83
100
AcDbEntity
  8
Edges
100
AcDbLine
 10
-2.766105124045935
 20
1.098156916137541
 30
0.0
 11
-2.766105124045935
 21
0.6525731572762714
 31
0.0
  0
LINE
  5
33A
330
83
100
AcDbEntity
  8
Edges
100
AcDbLine
 10
6.419327946820203
 20
0.6528951885742354
 30
0.0
 11
6.419327946820203
 21
4.792147713123175
 31
0.0
  0
LINE
  5
33B
330
83
100
AcDbEntity
  8
Edges
100
AcDbLine
 10
10.83310747437926
 20
0.6530499308862435
 30
0.0
 11
10.83310747437926
 21
4.792147713123175
 31
0.0
  0
LINE
  5
33C
330
83
100
AcDbEntity
  8
Edges
100
AcDbLine
 10
6.300036608237519
 20
4.792147713123174
 30
0.0
 11
6.300036608237519
 21
0.6528910063495852
 31
0.0
  0
LINE
  5
33D
330
83
100
AcDbEntity
  8
Edges
100
AcDbLine
 10
10.95239941970905
 20
4.792147713123174
 30
0.0
 11
10.95239941970905
 21
0.6530541131321633
 31
0.0
  0
LINE
  5
33E
330
83
100
AcDbEntity
  8
Edges
100
AcDbLine
 10
-5.78815236814043
 20
4.792147713123174
 30
0.0
 11
-5.78815236814043
 21
1.203346378730265
 31
0.0
  0
LINE
  5
33F
330
83
100
AcDbEntity
  8
Edges
100
AcDbLine
 10
1.01145404483725
 20
4.792147713123174
 30
0.0
 11
1.01145404483725
 21
0.6527055943941411
 31
0.0
  0
LINE
  5
340
330
83
100
AcDbEntity
  8
Edges
100
AcDbLine
 10
20.69949466290772
 20
4.852445457677735
 30
0.0
 11
20.62373500349349
 21
4.924388342373976
 31
0.0
  0
LINE
  5
341
330
83
100
AcDbEntity
  8
Edges
100
AcDbLine
 10
20.31713840070068
 20
5.074182648881272
 30
0.0
 11
20.20896873690347
 21
5.095244654034896
 31
0.0
  0
LINE
  5
342
330
83
100
AcDbEntity
  8
Edges
100
AcDbLine
 10
20.76044605201021
 20
4.77177645981958
 30
0.0
 11
20.69949466290772
 21
4.852445457677735
 31
0.0
  0
LINE
  5
343
330
83
100
AcDbEntity
  8
Edges
100
AcDbLine
 10
20.38255666213108
 20
5.055087629807143
 30
0.0
 11
20.32779288020056
 21
5.071473481551993
 31
0.0
  0
LINE
  5
344
330
83
100
AcDbEntity
  8
Edges
100
AcDbLine
 10
20.32779288020056
 20
5.071473481551993
 30
0.0
 11
20.31713840070068
 21
5.074182648881272
 31
0.0
  0
LINE
  5
345
330
83
100
AcDbEntity
  8
Edges
100
AcDbLine
 10
20.09806871104764
 20
5.102323471902327
 30
0.0
 11
20.20896873690347
 21
5.095244654034896
 31
0.0
  0
LINE
  5
346
330
83
100
AcDbEntity
  8
Edges
100
AcDbLine
 10
20.43556694487285
 20
5.035267431875528
 30
0.0
 11
20.38255666213108
 21
5.055087629807143
 31
0.0
  0
LINE
  5
347
330
83
100
AcDbEntity
  8
Edges
100
AcDbLine
 10
20.51108147844892
 20
4.999370665273769
 30
0.0
 11
20.43556694487285
 21
5.035267431875528
 31
0.0
  0
LINE
  5
348
330
83
100
AcDbEntity
  8
Edges
100
AcDbLine
 10
20.78488461267626
 20
4.728783159852088
 30
0.0
 11
20.76044605201021
 21
4.77177645981958
 31
0.0
  0
LINE
  5
349
330
83
100
AcDbEntity
  8
Edges
100
AcDbLine
 10
20.81660292533773
 20
4.65283513570294
 30
0.0
 11
20.80508807841583
 21
4.68436720695065
 31
0.0
  0
LINE
  5
34A
330
83
100
AcDbEntity
  8
Edges
100
AcDbLine
 10
20.80508807841583
 20
4.68436720695065
 30
0.0
 11
20.78488461267626
 21
4.728783159852088
 31
0.0
  0
LINE
  5
34B
330
83
100
AcDbEntity
  8
Edges
100
AcDbLine
 10
20.62373500349349
 20
4.924388342373976
 30
0.0
 11
20.51108147844892
 21
4.999370665273769
 31
0.0
  0
LINE
  5
34C
330
83
100
AcDbEntity
  8
Edges
100
AcDbLine
 10
-18.71138010785
 20
4.792147713123174
 30
0.0
 11
-18.80580209530848
 21
4.784605339716566
 31
0.0
  0
LINE
  5
34D
330
83
100
AcDbEntity
  8
Edges
100
AcDbLine
 10
-18.97559542402172
 20
4.723861528867363
 30
0.0
 11
-19.02923186979559
 21
4.686708192128339
 31
0.0
  0
LINE
  5
34E
330
83
100
AcDbEntity
  8
Edges
100
AcDbLine
 10
16.99649390789803
 20
0.6532660125143735
 30
0.0
 11
16.99649390789803
 21
4.792147713123175
 31
0.0
  0
LINE
  5
34F
330
83
100
AcDbEntity
  8
Edges
100
AcDbLine
 10
-17.87634073777126
 20
4.792147713123174
 30
0.0
 11
-17.87634073777126
 21
0.6520434088420198
 31
0.0
  0
LINE
  5
350
330
83
100
AcDbEntity
  8
Edges
100
AcDbLine
 10
-1.255081350311911
 20
0.6526261321271427
 30
0.0
 11
-1.255081350311911
 21
4.792147713123175
 31
0.0
  0
LINE
  5
351
330
83
100
AcDbEntity
  8
Edges
100
AcDbLine
 10
-17.75704939918859
 20
0.6520475910666699
 30
0.0
 11
-17.75704939918859
 21
4.792147713123175
 31
0.0
  0
LINE
  5
352
330
83
100
AcDbEntity
  8
Edges
100
AcDbLine
 10
8.68586337989106
 20
4.792147713123174
 30
0.0
 11
8.68586337989106
 21
0.6529746508425625
 31
0.0
  0
LINE
  5
353
330
83
100
AcDbEntity
  8
Edges
100
AcDbLine
 10
4.033501175166662
 20
4.792147713123174
 30
0.0
 11
4.033501175166662
 21
0.6528115440812572
 31
0.0
  0
LINE
  5
354
330
83
100
AcDbEntity
  8
Edges
100
AcDbLine
 10
4.152792513749332
 20
0.6528157263059069
 30
0.0
 11
4.152792513749332
 21
4.792147713123175
 31
0.0
  0
LINE
  5
355
330
83
100
AcDbEntity
  8
Edges
100
AcDbLine
 10
5.544524797213895
 20
0.6528645189268101
 30
0.0
 11
5.544524797213895
 21
4.792147713123175
 31
0.0
  0
LINE
  5
356
330
83
100
AcDbEntity
  8
Edges
100
AcDbLine
 10
8.56657204130839
 20
0.652970468617915
 30
0.0
 11
8.56657204130839
 21
4.792147713123175
 31
0.0
  0
LINE
  5
357
330
83
100
AcDbEntity
  8
Edges
100
AcDbLine
 10
-1.135790011729241
 20
4.792147713123174
 30
0.0
 11
-1.135790011729241
 21
0.6526303143517911
 31
0.0
  0
LINE
  5
358
330
83
100
AcDbEntity
  8
Edges
100
AcDbLine
 10
20.01854115199251
 20
4.792147713123174
 30
0.0
 11
20.01854115199251
 21
0.653371962205477
 31
0.0
  0
LINE
  5
359
330
83
100
AcDbEntity
  8
Edges
100
AcDbLine
 10
19.89924981340985
 20
0.6533677799808295
 30
0.0
 11
19.89924981340985
 21
4.792147713123175
 31
0.0
  0
LINE
  5
35A
330
83
100
AcDbEntity
  8
Edges
100
AcDbLine
 10
5.663816135796579
 20
4.792147713123174
 30
0.0
 11
5.663816135796579
 21
0.6528687011514576
 31
0.0
  0
LINE
  5
35B
330
83
100
AcDbEntity
  8
Edges
100
AcDbLine
 10
13.09964351419724
 20
0.6531293931758438
 30
0.0
 11
13.09964351419724
 21
4.792147713123175
 31
0.0
  0
LINE
  5
35C
330
83
100
AcDbEntity
  8
Edges
100
AcDbLine
 10
-16.24602577714134
 20
0.6521005659122224
 30
0.0
 11
-16.24602577714134
 21
1.113111694520696
 31
0.0
  0
LINE
  5
35D
330
83
100
AcDbEntity
  8
Edges
100
AcDbLine
 10
-10.95744309997599
 20
4.792147713123174
 30
0.0
 11
-10.95744309997599
 21
0.6522859778716539
 31
0.0
  0
LINE
  5
35E
330
83
100
AcDbEntity
  8
Edges
100
AcDbLine
 10
9.322083852332013
 20
4.792147713123174
 30
0.0
 11
9.322083852332013
 21
0.6529969560406901
 31
0.0
  0
LINE
  5
35F
330
83
100
AcDbEntity
  8
Edges
100
AcDbLine
 10
9.441375190914683
 20
4.792147713123174
 30
0.0
 11
9.441375190914683
 21
0.6530011382653385
 31
0.0
  0
LINE
  5
360
330
83
100
AcDbEntity
  8
Edges
100
AcDbLine
 10
-2.646813785463265
 20
1.113176508605465
 30
0.0
 11
-2.646813785463265
 21
1.110661945147922
 31
0.0
  0
LINE
  5
361
330
83
100
AcDbEntity
  8
Edges
100
AcDbLine
 10
11.70791123073267
 20
0.6530806005549401
 30
0.0
 11
11.70791123073267
 21
4.792147713123175
 31
0.0
  0
LINE
  5
362
330
83
100
AcDbEntity
  8
Edges
100
AcDbLine
 10
17.63271438033896
 20
0.6532883177125007
 30
0.0
 11
17.63271438033896
 21
4.792147713123175
 31
0.0
  0
LINE
  5
363
330
83
100
AcDbEntity
  8
Edges
100
AcDbLine
 10
-8.810199612234924
 20
0.652361257894063
 30
0.0
 11
-8.810199612234924
 21
4.792147713123175
 31
0.0
  0
LINE
  5
364
330
83
100
AcDbEntity
  8
Edges
100
AcDbLine
 10
-19.19388483687314
 20
0.5261447613098192
 30
0.0
 11
-19.22561043050009
 21
0.4860424685510587
 31
0.0
  0
LINE
  5
365
330
83
100
AcDbEntity
  8
Edges
100
AcDbLine
 10
-18.51256121021221
 20
4.792147713123174
 30
0.0
 11
-18.5125612102122
 21
0.652021103643893
 31
0.0
  0
LINE
  5
366
330
83
100
AcDbEntity
  8
Edges
100
AcDbLine
 10
20.55142166774439
 20
0.5733729008019637
 30
0.0
 11
20.53958524484669
 21
0.6019407991843018
 31
0.0
  0
LINE
  5
367
330
83
100
AcDbEntity
  8
Edges
100
AcDbLine
 10
-18.63185254879488
 20
0.6520169214192446
 30
0.0
 11
-18.63185254879488
 21
4.792147713123175
 31
0.0
  0
LINE
  5
368
330
83
100
AcDbEntity
  8
Edges
100
AcDbLine
 10
20.51336042064716
 20
4.568432882081264
 30
0.0
 11
20.49858370118591
 21
4.594429391660714
 31
0.0
  0
LINE
  5
369
330
83
100
AcDbEntity
  8
Edges
100
AcDbLine
 10
20.85358052207126
 20
4.463484508279766
 30
0.0
 11
20.85358052207126
 21
0.2811362370286829
 31
0.0
  0
LINE
  5
36A
330
83
100
AcDbEntity
  8
Edges
100
AcDbLine
 10
20.55567739207311
 20
0.3400514300823261
 30
0.0
 11
20.55392610171023
 21
0.3411077401765419
 31
0.0
  0
LINE
  5
36B
330
83
100
AcDbEntity
  8
Edges
100
AcDbLine
 10
20.57839400440086
 20
0.5292054976482419
 30
0.0
 11
20.55142166774439
 21
0.5733729008019637
 31
0.0
  0
LINE
  5
36C
330
83
100
AcDbEntity
  8
Edges
100
AcDbLine
 10
20.62609889028916
 20
0.4706096896763974
 30
0.0
 11
20.57839400440086
 21
0.5292054976482419
 31
0.0
  0
LINE
  5
36D
330
83
100
AcDbEntity
  8
Edges
100
AcDbLine
 10
20.49858370118591
 20
4.594429391660714
 30
0.0
 11
20.46172866737145
 21
4.643207047875879
 31
0.0
  0
LINE
  5
36E
330
83
100
AcDbEntity
  8
Edges
100
AcDbLine
 10
20.57982228713108
 20
0.3411080349030833
 30
0.0
 11
20.55567739207311
 21
0.3400514300823261
 31
0.0
  0
LINE
  5
36F
330
83
100
AcDbEntity
  8
Edges
100
AcDbLine
 10
-8.69090827365224
 20
0.6523654401187118
 30
0.0
 11
-8.69090827365224
 21
4.792147713123175
 31
0.0
  0
LINE
  5
370
330
83
100
AcDbEntity
  8
Edges
100
AcDbLine
 10
-16.37962704946587
 20
0.642521765693485
 30
0.0
 11
-16.37315097236214
 21
0.6425220760068538
 31
0.0
  0
LINE
  5
371
330
83
100
AcDbEntity
  8
Edges
100
AcDbLine
 10
-2.635421099085917
 20
0.6431803450746339
 30
0.0
 11
-2.625592757798216
 21
0.6431808160180222
 31
0.0
  0
LINE
  5
372
330
83
100
AcDbEntity
  8
Edges
100
AcDbLine
 10
-19.16962830034431
 20
0.5641175478359238
 30
0.0
 11
-19.15418779952922
 21
0.5979731316724149
 31
0.0
  0
LINE
  5
373
330
83
100
AcDbEntity
  8
Edges
100
AcDbLine
 10
-19.15418779952922
 20
0.5979731316724149
 30
0.0
 11
-19.14878168265315
 21
0.6257246846567668
 31
0.0
  0
LINE
  5
374
330
83
100
AcDbEntity
  8
Edges
100
AcDbLine
 10
-19.16962830034431
 20
0.5641175478359238
 30
0.0
 11
-19.19388483687314
 21
0.5261447613098192
 31
0.0
  0
LINE
  5
375
330
83
100
AcDbEntity
  8
Edges
100
AcDbLine
 10
-2.625592757798216
 20
0.6530491316094636
 30
0.0
 11
-2.635421099085931
 21
0.6530489867525629
 31
0.0
  0
LINE
  5
376
330
83
100
AcDbEntity
  8
Edges
100
AcDbLine
 10
-16.37315097236215
 20
0.6528465105753427
 30
0.0
 11
-16.37962704946588
 21
0.6528464151264331
 31
0.0
  0
LINE
  5
377
330
83
100
AcDbEntity
  8
Edges
100
AcDbLine
 10
-16.37962704946587
 20
0.5982504682343857
 30
0.0
 11
-16.37315097236214
 21
0.5982511155631421
 31
0.0
  0
LINE
  5
378
330
83
100
AcDbEntity
  8
Edges
100
AcDbLine
 10
-2.635421099085931
 20
0.599624296803543
 30
0.0
 11
-2.625592757798216
 21
0.5996252792143202
 31
0.0
  0
LINE
  5
379
330
83
100
AcDbEntity
  8
Edges
100
AcDbLine
 10
-19.26395563525142
 20
0.4455684555609203
 30
0.0
 11
-19.22561043050009
 21
0.4860424685510587
 31
0.0
  0
LINE
  5
37A
330
83
100
AcDbEntity
  8
Edges
100
AcDbLine
 10
-2.625592757798216
 20
0.6354495228689788
 30
0.0
 11
-2.635421099085931
 21
0.6354536495806391
 31
0.0
  0
LINE
  5
37B
330
83
100
AcDbEntity
  8
Edges
100
AcDbLine
 10
-16.37315097236214
 20
0.6412218304352444
 30
0.0
 11
-16.37962704946587
 21
0.641224549602407
 31
0.0
  0
LINE
  5
37C
330
83
100
AcDbEntity
  8
Edges
100
AcDbLine
 10
20.53966669416224
 20
0.6409425278272103
 30
0.0
 11
20.53547028585078
 21
0.6257246846567668
 31
0.0
  0
LINE
  5
37D
330
83
100
AcDbEntity
  8
Edges
100
AcDbLine
 10
20.46172866737145
 20
4.643207047875879
 30
0.0
 11
20.41591925949898
 21
4.686708192128339
 31
0.0
  0
LINE
  5
37E
330
83
100
AcDbEntity
  8
Edges
100
AcDbLine
 10
-16.37962704946587
 20
0.6257246846567668
 30
0.0
 11
-16.37315097236214
 21
0.6257246846567668
 31
0.0
  0
LINE
  5
37F
330
83
100
AcDbEntity
  8
Edges
100
AcDbLine
 10
-2.635421099085931
 20
0.6257246846567668
 30
0.0
 11
-2.625592757798216
 21
0.6257246846567668
 31
0.0
  0
LINE
  5
380
330
83
100
AcDbEntity
  8
Edges
100
AcDbLine
 10
17.75200571892165
 20
4.792147713123174
 30
0.0
 11
17.75200571892165
 21
0.653292499937149
 31
0.0
  0
LINE
  5
381
330
83
100
AcDbEntity
  8
Edges
100
AcDbLine
 10
20.34780218686041
 20
4.732047073282149
 30
0.0
 11
20.30214082528622
 21
4.753752495492545
 31
0.0
  0
LINE
  5
382
330
83
100
AcDbEntity
  8
Edges
100
AcDbLine
 10
20.30214082528622
 20
4.753752495492545
 30
0.0
 11
20.27008758821223
 21
4.765737030101046
 31
0.0
  0
LINE
  5
383
330
83
100
AcDbEntity
  8
Edges
100
AcDbLine
 10
-19.23117743829881
 20
0.2811362370281358
 30
0.0
 11
-19.23924161139101
 21
0.3596492239490665
 31
0.0
  0
LINE
  5
384
330
83
100
AcDbEntity
  8
Edges
100
AcDbLine
 10
-19.30783680076338
 20
0.4063973648709372
 30
0.0
 11
-19.29422897039356
 21
0.2811362370281354
 31
0.0
  0
LINE
  5
385
330
83
100
AcDbEntity
  8
Edges
100
AcDbLine
 10
-19.08513390933099
 20
4.631462410640356
 30
0.0
 11
-19.02923186979559
 21
4.686708192128339
 31
0.0
  0
LINE
  5
386
330
83
100
AcDbEntity
  8
Edges
100
AcDbLine
 10
-19.11189631148251
 20
4.594429391660714
 30
0.0
 11
-19.12667303094378
 21
4.568432882081264
 31
0.0
  0
LINE
  5
387
330
83
100
AcDbEntity
  8
Edges
100
AcDbLine
 10
-18.91545343558283
 20
4.753752495492545
 30
0.0
 11
-18.97559542402172
 21
4.723861528867363
 31
0.0
  0
LINE
  5
388
330
83
100
AcDbEntity
  8
Edges
100
AcDbLine
 10
-18.88340019850884
 20
4.765737030101046
 30
0.0
 11
-18.91545343558283
 21
4.753752495492545
 31
0.0
  0
LINE
  5
389
330
83
100
AcDbEntity
  8
Edges
100
AcDbLine
 10
-19.08513390933099
 20
4.631462410640356
 30
0.0
 11
-19.11189631148251
 21
4.594429391660714
 31
0.0
  0
LINE
  5
38A
330
83
100
AcDbEntity
  8
Edges
100
AcDbLine
 10
-10.32122262753503
 20
4.792147713123174
 30
0.0
 11
-10.32122262753503
 21
0.6523082830697815
 31
0.0
  0
LINE
  5
38B
330
83
100
AcDbEntity
  8
Edges
100
AcDbLine
 10
-7.935396462628617
 20
0.6523919275414883
 30
0.0
 11
-7.935396462628617
 21
4.792147713123175
 31
0.0
  0
LINE
  5
38C
330
83
100
AcDbEntity
  8
Edges
100
AcDbLine
 10
1.886257232365238
 20
4.792147713123174
 30
0.0
 11
1.886257232365238
 21
0.6527362640428951
 31
0.0
  0
LINE
  5
38D
330
83
100
AcDbEntity
  8
Edges
100
AcDbLine
 10
12.34413170317361
 20
0.6531029057530678
 30
0.0
 11
12.34413170317361
 21
4.792147713123175
 31
0.0
  0
LINE
  5
38E
330
83
100
AcDbEntity
  8
Edges
100
AcDbLine
 10
12.4634230417563
 20
4.792147713123174
 30
0.0
 11
12.4634230417563
 21
0.6531070879777153
 31
0.0
  0
LINE
  5
38F
330
83
100
AcDbEntity
  8
Edges
100
AcDbLine
 10
1.130745383419935
 20
0.6527097766187904
 30
0.0
 11
1.130745383419935
 21
4.792147713123175
 31
0.0
  0
LINE
  5
390
330
83
100
AcDbEntity
  8
Edges
100
AcDbLine
 10
-5.66886102955776
 20
4.792147713123174
 30
0.0
 11
-5.66886102955776
 21
1.203346378730265
 31
0.0
  0
LINE
  5
391
330
83
100
AcDbEntity
  8
Edges
100
AcDbLine
 10
19.26302934096888
 20
4.792147713123174
 30
0.0
 11
19.26302934096888
 21
0.653345474782701
 31
0.0
  0
LINE
  5
392
330
83
100
AcDbEntity
  8
Edges
100
AcDbLine
 10
19.14373800238623
 20
4.792147713123174
 30
0.0
 11
19.14373800238623
 21
0.6533412925580518
 31
0.0
  0
LINE
  5
393
330
83
100
AcDbEntity
  8
Edges
100
AcDbLine
 10
18.50751752994527
 20
4.792147713123174
 30
0.0
 11
18.50751752994527
 21
0.653318987359925
 31
0.0
  0
LINE
  5
394
330
83
100
AcDbEntity
  8
Edges
100
AcDbLine
 10
18.38822619136259
 20
0.6533148051352771
 30
0.0
 11
18.38822619136259
 21
4.792147713123175
 31
0.0
  0
LINE
  5
395
330
83
100
AcDbEntity
  8
Edges
100
AcDbLine
 10
-11.83224624958228
 20
4.792147713123174
 30
0.0
 11
-11.83224624958228
 21
0.6522553082242295
 31
0.0
  0
LINE
  5
396
330
83
100
AcDbEntity
  8
Edges
100
AcDbLine
 10
-11.71295491099961
 20
4.792147713123174
 30
0.0
 11
-11.71295491099961
 21
0.6522594904488779
 31
0.0
  0
LINE
  5
397
330
83
100
AcDbEntity
  8
Edges
100
AcDbLine
 10
-20.174999970413
 20
-15.55927304143761
 30
0.0
 11
-20.174999970413
 21
-15.62177304143761
 31
0.0
  0
LINE
  5
398
330
83
100
AcDbEntity
  8
Edges
100
AcDbLine
 10
-16.362499970413
 20
-15.60651701577786
 30
0.0
 11
-16.362499970413
 21
-15.55927304143761
 31
0.0
  0
LINE
  5
399
330
83
100
AcDbEntity
  8
Edges
100
AcDbLine
 10
18.01495634998909
 20
-15.55927304143761
 30
0.0
 11
18.01495634998909
 21
-15.60651701577786
 31
0.0
  0
LINE
  5
39A
330
83
100
AcDbEntity
  8
Edges
100
AcDbLine
 10
21.82745634998909
 20
-15.55927304143761
 30
0.0
 11
21.82745634998909
 21
-15.62177304143761
 31
0.0
  0
LINE
  5
39B
330
83
100
AcDbEntity
  8
Edges
100
AcDbLine
 10
-17.95264120672574
 20
-14.71297415930189
 30
0.0
 11
-17.95264120672574
 21
-14.80927304143761
 31
0.0
  0
LINE
  5
39C
330
83
100
AcDbEntity
  8
Edges
100
AcDbLine
 10
19.57745634998909
 20
-14.71297415930189
 30
0.0
 11
19.57745634998909
 21
-14.80927304143761
 31
0.0
  0
LINE
  5
39D
330
83
100
AcDbEntity
  8
Edges
100
AcDbLine
 10
19.57745634998909
 20
-13.14377879844657
 30
0.0
 11
19.57745634998909
 21
-13.86667527716618
 31
0.0
  0
LINE
  5
39E
330
83
100
AcDbEntity
  8
Edges
100
AcDbLine
 10
19.57745634998909
 20
-13.86667527716618
 30
0.0
 11
19.57745634998909
 21
-14.71297415930189
 31
0.0
  0
LINE
  5
39F
330
83
100
AcDbEntity
  8
Edges
100
AcDbLine
 10
-20.20264120672575
 20
-7.029036218328727
 30
0.0
 11
-20.20264120672575
 21
-7.008065048257194
 31
0.0
  0
LINE
  5
3A0
330
83
100
AcDbEntity
  8
Edges
100
AcDbLine
 10
-20.20264120672575
 20
-6.942435204706825
 30
0.0
 11
-20.20264120672575
 21
-6.91986699813097
 31
0.0
  0
LINE
  5
3A1
330
83
100
AcDbEntity
  8
Edges
100
AcDbLine
 10
-20.20264120672575
 20
-6.964700962554978
 30
0.0
 11
-20.20264120672575
 21
-6.942435204706825
 31
0.0
  0
LINE
  5
3A2
330
83
100
AcDbEntity
  8
Edges
100
AcDbLine
 10
-20.20264120672575
 20
-6.986598981139515
 30
0.0
 11
-20.20264120672575
 21
-6.964700962554978
 31
0.0
  0
LINE
  5
3A3
330
83
100
AcDbEntity
  8
Edges
100
AcDbLine
 10
-20.20264120672575
 20
-7.049450996975991
 30
0.0
 11
-20.20264120672575
 21
-7.029036218328727
 31
0.0
  0
LINE
  5
3A4
330
83
100
AcDbEntity
  8
Edges
100
AcDbLine
 10
-20.20264120672575
 20
-6.91986699813097
 30
0.0
 11
-20.20264120672575
 21
-6.897062520242585
 31
0.0
  0
LINE
  5
3A5
330
83
100
AcDbEntity
  8
Edges
100
AcDbLine
 10
-20.20264120672575
 20
-7.069249521343778
 30
0.0
 11
-20.20264120672575
 21
-7.049450996975991
 31
0.0
  0
LINE
  5
3A6
330
83
100
AcDbEntity
  8
Edges
100
AcDbLine
 10
-20.20264120672575
 20
-7.106767561361465
 30
0.0
 11
-20.20264120672575
 21
-7.088373735637418
 31
0.0
  0
LINE
  5
3A7
330
83
100
AcDbEntity
  8
Edges
100
AcDbLine
 10
-20.20264120672575
 20
-7.141150599978679
 30
0.0
 11
-20.20264120672575
 21
-7.106767561361465
 31
0.0
  0
LINE
  5
3A8
330
83
100
AcDbEntity
  8
Edges
100
AcDbLine
 10
-20.20264120672575
 20
-7.088373735637418
 30
0.0
 11
-20.20264120672575
 21
-7.069249521343778
 31
0.0
  0
LINE
  5
3A9
330
83
100
AcDbEntity
  8
Edges
100
AcDbLine
 10
-20.20264120672575
 20
-7.008065048257194
 30
0.0
 11
-20.20264120672575
 21
-6.986598981139515
 31
0.0
  0
LINE
  5
3AA
330
83
100
AcDbEntity
  8
Edges
100
AcDbLine
 10
21.82745634998909
 20
-7.141150599978679
 30
0.0
 11
21.82745634998909
 21
-7.550247431779681
 31
0.0
  0
LINE
  5
3AB
330
83
100
AcDbEntity
  8
Edges
100
AcDbLine
 10
21.82745634998909
 20
-7.049450996975991
 30
0.0
 11
21.82745634998909
 21
-7.029036218328727
 31
0.0
  0
LINE
  5
3AC
330
83
100
AcDbEntity
  8
Edges
100
AcDbLine
 10
-20.20264120672575
 20
-6.942435204706825
 30
0.0
 11
21.82745634998909
 21
-6.942435204706825
 31
0.0
  0
LINE
  5
3AD
330
83
100
AcDbEntity
  8
Edges
100
AcDbLine
 10
-20.20264120672575
 20
-6.964700962554978
 30
0.0
 11
21.82745634998909
 21
-6.964700962554978
 31
0.0
  0
LINE
  5
3AE
330
83
100
AcDbEntity
  8
Edges
100
AcDbLine
 10
-20.20264120672575
 20
-7.029036218328727
 30
0.0
 11
21.82745634998909
 21
-7.029036218328727
 31
0.0
  0
LINE
  5
3AF
330
83
100
AcDbEntity
  8
Edges
100
AcDbLine
 10
-20.20264120672575
 20
-7.008065048257194
 30
0.0
 11
21.82745634998909
 21
-7.008065048257194
 31
0.0
  0
LINE
  5
3B0
330
83
100
AcDbEntity
  8
Edges
100
AcDbLine
 10
21.82745634998909
 20
-6.964700962554978
 30
0.0
 11
21.82745634998909
 21
-6.942435204706825
 31
0.0
  0
LINE
  5
3B1
330
83
100
AcDbEntity
  8
Edges
100
AcDbLine
 10
-17.95264120672574
 20
-7.992067903953675
 30
0.0
 11
19.57745634998909
 21
-7.992067903953675
 31
0.0
  0
LINE
  5
3B2
330
83
100
AcDbEntity
  8
Edges
100
AcDbLine
 10
-20.20264120672575
 20
-7.550247431779681
 30
0.0
 11
-20.20264120672575
 21
-15.55927304143761
 31
0.0
  0
LINE
  5
3B3
330
83
100
AcDbEntity
  8
Edges
100
AcDbLine
 10
21.82745634998909
 20
-7.008065048257194
 30
0.0
 11
21.82745634998909
 21
-6.986598981139515
 31
0.0
  0
LINE
  5
3B4
330
83
100
AcDbEntity
  8
Edges
100
AcDbLine
 10
21.82745634998909
 20
-7.141150599978679
 30
0.0
 11
21.82745634998909
 21
-7.106767561361465
 31
0.0
  0
LINE
  5
3B5
330
83
100
AcDbEntity
  8
Edges
100
AcDbLine
 10
-20.20264120672575
 20
-7.106767561361465
 30
0.0
 11
21.82745634998909
 21
-7.106767561361465
 31
0.0
  0
LINE
  5
3B6
330
83
100
AcDbEntity
  8
Edges
100
AcDbLine
 10
-17.95264120672574
 20
-13.86667527716618
 30
0.0
 11
-17.95264120672574
 21
-13.14377879844657
 31
0.0
  0
LINE
  5
3B7
330
83
100
AcDbEntity
  8
Edges
100
AcDbLine
 10
-20.20264120672575
 20
-7.141150599978679
 30
0.0
 11
21.82745634998909
 21
-7.141150599978679
 31
0.0
  0
LINE
  5
3B8
330
83
100
AcDbEntity
  8
Edges
100
AcDbLine
 10
19.57745634998909
 20
-7.992067903953675
 30
0.0
 11
19.57745634998909
 21
-13.14377879844657
 31
0.0
  0
LINE
  5
3B9
330
83
100
AcDbEntity
  8
Edges
100
AcDbLine
 10
-20.20264120672575
 20
-7.141150599978679
 30
0.0
 11
-20.20264120672575
 21
-7.550247431779681
 31
0.0
  0
LINE
  5
3BA
330
83
100
AcDbEntity
  8
Edges
100
AcDbLine
 10
-17.95264120672574
 20
-14.71297415930189
 30
0.0
 11
19.57745634998909
 21
-14.71297415930189
 31
0.0
  0
LINE
  5
3BB
330
83
100
AcDbEntity
  8
Edges
100
AcDbLine
 10
21.82745634998909
 20
-6.986598981139515
 30
0.0
 11
21.82745634998909
 21
-6.964700962554978
 31
0.0
  0
LINE
  5
3BC
330
83
100
AcDbEntity
  8
Edges
100
AcDbLine
 10
-17.95264120672574
 20
-13.86667527716618
 30
0.0
 11
-17.95264120672574
 21
-14.71297415930189
 31
0.0
  0
LINE
  5
3BD
330
83
100
AcDbEntity
  8
Edges
100
AcDbLine
 10
-20.20264120672575
 20
-6.986598981139515
 30
0.0
 11
21.82745634998909
 21
-6.986598981139515
 31
0.0
  0
LINE
  5
3BE
330
83
100
AcDbEntity
  8
Edges
100
AcDbLine
 10
-17.95264120672574
 20
-14.80927304143761
 30
0.0
 11
-17.95264120672574
 21
-15.55927304143761
 31
0.0
  0
LINE
  5
3BF
330
83
100
AcDbEntity
  8
Edges
100
AcDbLine
 10
-20.20264120672575
 20
-7.049450996975991
 30
0.0
 11
21.82745634998909
 21
-7.049450996975991
 31
0.0
  0
LINE
  5
3C0
330
83
100
AcDbEntity
  8
Edges
100
AcDbLine
 10
-19.01514120672574
 20
-4.862422767884773
 30
0.0
 11
20.63995634998909
 21
-4.862422767884773
 31
0.0
  0
LINE
  5
3C1
330
83
100
AcDbEntity
  8
Edges
100
AcDbLine
 10
-20.20264120672575
 20
-6.897062520242585
 30
0.0
 11
21.82745634998909
 21
-6.897062520242585
 31
0.0
  0
LINE
  5
3C2
330
83
100
AcDbEntity
  8
Edges
100
AcDbLine
 10
21.82745634998909
 20
-6.942435204706825
 30
0.0
 11
21.82745634998909
 21
-6.91986699813097
 31
0.0
  0
LINE
  5
3C3
330
83
100
AcDbEntity
  8
Edges
100
AcDbLine
 10
21.82745634998909
 20
-7.069249521343778
 30
0.0
 11
21.82745634998909
 21
-7.049450996975991
 31
0.0
  0
LINE
  5
3C4
330
83
100
AcDbEntity
  8
Edges
100
AcDbLine
 10
21.82745634998909
 20
-7.106767561361465
 30
0.0
 11
21.82745634998909
 21
-7.088373735637418
 31
0.0
  0
LINE
  5
3C5
330
83
100
AcDbEntity
  8
Edges
100
AcDbLine
 10
19.57745634998909
 20
-13.86667527716618
 30
0.0
 11
-17.95264120672574
 21
-13.86667527716618
 31
0.0
  0
LINE
  5
3C6
330
83
100
AcDbEntity
  8
Edges
100
AcDbLine
 10
-17.95264120672574
 20
-13.14377879844657
 30
0.0
 11
19.57745634998909
 21
-13.14377879844657
 31
0.0
  0
LINE
  5
3C7
330
83
100
AcDbEntity
  8
Edges
100
AcDbLine
 10
-20.20264120672575
 20
-7.088373735637418
 30
0.0
 11
21.82745634998909
 21
-7.088373735637418
 31
0.0
  0
LINE
  5
3C8
330
83
100
AcDbEntity
  8
Edges
100
AcDbLine
 10
-20.20264120672575
 20
-5.245556643532225
 30
0.0
 11
21.82745634998909
 21
-5.245556643532225
 31
0.0
  0
LINE
  5
3C9
330
83
100
AcDbEntity
  8
Edges
100
AcDbLine
 10
21.82745634998909
 20
-6.91986699813097
 30
0.0
 11
21.82745634998909
 21
-6.897062520242585
 31
0.0
  0
LINE
  5
3CA
330
83
100
AcDbEntity
  8
Edges
100
AcDbLine
 10
21.82745634998909
 20
-7.550247431779681
 30
0.0
 11
21.82745634998909
 21
-15.55927304143761
 31
0.0
  0
LINE
  5
3CB
330
83
100
AcDbEntity
  8
Edges
100
AcDbLine
 10
21.82745634998909
 20
-7.088373735637418
 30
0.0
 11
21.82745634998909
 21
-7.069249521343778
 31
0.0
  0
LINE
  5
3CC
330
83
100
AcDbEntity
  8
Edges
100
AcDbLine
 10
-20.20264120672575
 20
-6.91986699813097
 30
0.0
 11
21.82745634998909
 21
-6.91986699813097
 31
0.0
  0
LINE
  5
3CD
330
83
100
AcDbEntity
  8
Edges
100
AcDbLine
 10
21.82745634998909
 20
-7.029036218328727
 30
0.0
 11
21.82745634998909
 21
-7.008065048257194
 31
0.0
  0
LINE
  5
3CE
330
83
100
AcDbEntity
  8
Edges
100
AcDbLine
 10
-20.20264120672575
 20
-7.069249521343778
 30
0.0
 11
21.82745634998909
 21
-7.069249521343778
 31
0.0
  0
LINE
  5
3CF
330
83
100
AcDbEntity
  8
Edges
100
AcDbLine
 10
19.57745634998909
 20
-14.80927304143761
 30
0.0
 11
19.57745634998909
 21
-15.55927304143761
 31
0.0
  0
LINE
  5
3D0
330
83
100
AcDbEntity
  8
Edges
100
AcDbLine
 10
21.82745634998909
 20
-6.897062520242585
 30
0.0
 11
21.82745634998909
 21
-5.245556643532225
 31
0.0
  0
LINE
  5
3D1
330
83
100
AcDbEntity
  8
Edges
100
AcDbLine
 10
-4.536176186755469
 20
-9.983602704960709
 30
0.0
 11
-4.381825468527125
 21
-10.35623388709208
 31
0.0
  0
LINE
  5
3D2
330
83
100
AcDbEntity
  8
Edges
100
AcDbLine
 10
-6.966705179634899
 20
-11.8486293730726
 30
0.0
 11
-7.21224059855686
 21
-11.52864416069851
 31
0.0
  0
LINE
  5
3D3
330
83
100
AcDbEntity
  8
Edges
100
AcDbLine
 10
-4.781702452421967
 20
-11.84862021981814
 30
0.0
 11
-5.10168766479326
 21
-12.09415563874225
 31
0.0
  0
LINE
  5
3D4
330
83
100
AcDbEntity
  8
Edges
100
AcDbLine
 10
-5.118876817303359
 20
-11.51144125820366
 30
0.0
 11
-5.340104502042208
 21
-11.68119670361136
 31
0.0
  0
LINE
  5
3D5
330
83
100
AcDbEntity
  8
Edges
100
AcDbLine
 10
-5.10168766479326
 20
-12.09415563874225
 30
0.0
 11
-5.474318888117508
 21
-12.24850637403616
 31
0.0
  0
LINE
  5
3D6
330
83
100
AcDbEntity
  8
Edges
100
AcDbLine
 10
-4.329178171363906
 20
-10.75612333851357
 30
0.0
 11
-4.381822154608414
 21
-11.15600056288275
 31
0.0
  0
LINE
  5
3D7
330
83
100
AcDbEntity
  8
Edges
100
AcDbLine
 10
-4.806019582917059
 20
-10.75612433772891
 30
0.0
 11
-4.842417547952862
 21
-11.03259880516419
 31
0.0
  0
LINE
  5
3D8
330
83
100
AcDbEntity
  8
Edges
100
AcDbLine
 10
-4.381825468527125
 20
-10.35623388709208
 30
0.0
 11
-4.329178171363906
 21
-10.75612333851357
 31
0.0
  0
LINE
  5
3D9
330
83
100
AcDbEntity
  8
Edges
100
AcDbLine
 10
-4.842420213483549
 20
-10.47963857354052
 30
0.0
 11
-4.806019582917059
 21
-10.75612433772891
 31
0.0
  0
LINE
  5
3DA
330
83
100
AcDbEntity
  8
Edges
100
AcDbLine
 10
-4.842417547952862
 20
-11.03259880516419
 30
0.0
 11
-4.949123225404946
 21
-11.29021215121631
 31
0.0
  0
LINE
  5
3DB
330
83
100
AcDbEntity
  8
Edges
100
AcDbLine
 10
-4.536169714426179
 20
-11.52863295029706
 30
0.0
 11
-4.781702452421967
 21
-11.84862021981814
 31
0.0
  0
LINE
  5
3DC
330
83
100
AcDbEntity
  8
Edges
100
AcDbLine
 10
-4.949123225404946
 20
-11.29021215121631
 30
0.0
 11
-5.118876817303359
 21
-11.51144125820366
 31
0.0
  0
LINE
  5
3DD
330
83
100
AcDbEntity
  8
Edges
100
AcDbLine
 10
-4.381822154608414
 20
-11.15600056288275
 30
0.0
 11
-4.536169714426179
 21
-11.52863295029706
 31
0.0
  0
LINE
  5
3DE
330
83
100
AcDbEntity
  8
Edges
100
AcDbLine
 10
-6.150663318865056
 20
-11.78791225067712
 30
0.0
 11
-6.408289689387018
 21
-11.68120117837502
 31
0.0
  0
LINE
  5
3DF
330
83
100
AcDbEntity
  8
Edges
100
AcDbLine
 10
-6.64671791011662
 20
-12.09416211107055
 30
0.0
 11
-6.966705179634899
 21
-11.8486293730726
 31
0.0
  0
LINE
  5
3E0
330
83
100
AcDbEntity
  8
Edges
100
AcDbLine
 10
-5.874201920327379
 20
-12.30115367816624
 30
0.0
 11
-6.27408539361572
 21
-12.24850972435982
 31
0.0
  0
LINE
  5
3E1
330
83
100
AcDbEntity
  8
Edges
100
AcDbLine
 10
-5.340104502042208
 20
-11.68119670361136
 30
0.0
 11
-5.597729978502584
 21
-11.787909934369
 31
0.0
  0
LINE
  5
3E2
330
83
100
AcDbEntity
  8
Edges
100
AcDbLine
 10
-5.474318888117508
 20
-12.24850637403616
 30
0.0
 11
-5.874201920327379
 21
-12.30115367816624
 31
0.0
  0
LINE
  5
3E3
330
83
100
AcDbEntity
  8
Edges
100
AcDbLine
 10
-5.597729978502584
 20
-11.787909934369
 30
0.0
 11
-5.874196496209947
 21
-11.82430862015241
 31
0.0
  0
LINE
  5
3E4
330
83
100
AcDbEntity
  8
Edges
100
AcDbLine
 10
-5.874214864983969
 20
-9.211093187493545
 30
0.0
 11
-5.474331391695912
 21
-9.26373714129993
 31
0.0
  0
LINE
  5
3E5
330
83
100
AcDbEntity
  8
Edges
100
AcDbLine
 10
-5.474331391695912
 20
-9.26373714129993
 30
0.0
 11
-5.101698875195282
 21
-9.418084754589088
 31
0.0
  0
LINE
  5
3E6
330
83
100
AcDbEntity
  8
Edges
100
AcDbLine
 10
-5.101698875195282
 20
-9.418084754589088
 30
0.0
 11
-4.781711605677244
 21
-9.663617492586849
 31
0.0
  0
LINE
  5
3E7
330
83
100
AcDbEntity
  8
Edges
100
AcDbLine
 10
-4.781711605677244
 20
-9.663617492586849
 30
0.0
 11
-4.536176186755469
 21
-9.983602704960709
 31
0.0
  0
LINE
  5
3E8
330
83
100
AcDbEntity
  8
Edges
100
AcDbLine
 10
-6.27408539361572
 20
-12.24850972435982
 30
0.0
 11
-6.64671791011662
 21
-12.09416211107055
 31
0.0
  0
LINE
  5
3E9
330
83
100
AcDbEntity
  8
Edges
100
AcDbLine
 10
-5.874196496209947
 20
-11.82430862015241
 30
0.0
 11
-6.150663318865056
 21
-11.78791225067712
 31
0.0
  0
LINE
  5
3EA
330
83
100
AcDbEntity
  8
Edges
100
AcDbLine
 10
-5.597738623128847
 20
-9.724334615093489
 30
0.0
 11
-5.340112252650385
 21
-9.831045687377573
 31
0.0
  0
LINE
  5
3EB
330
83
100
AcDbEntity
  8
Edges
100
AcDbLine
 10
-5.340112252650385
 20
-9.831045687377573
 30
0.0
 11
-5.118883145702312
 21
-10.00079927924881
 31
0.0
  0
LINE
  5
3EC
330
83
100
AcDbEntity
  8
Edges
100
AcDbLine
 10
-5.118883145702312
 20
-10.00079927924881
 30
0.0
 11
-4.949127700324751
 21
-10.22202696395227
 31
0.0
  0
LINE
  5
3ED
330
83
100
AcDbEntity
  8
Edges
100
AcDbLine
 10
-4.949127700324751
 20
-10.22202696395227
 30
0.0
 11
-4.842420213483549
 21
-10.47963857354052
 31
0.0
  0
LINE
  5
3EE
330
83
100
AcDbEntity
  8
Edges
100
AcDbLine
 10
-5.874205445737288
 20
-9.687938245624343
 30
0.0
 11
-5.597738623128847
 21
-9.724334615093489
 31
0.0
  0
LINE
  5
3EF
330
83
100
AcDbEntity
  8
Edges
100
AcDbLine
 10
-6.966714332888557
 20
-9.663626645841308
 30
0.0
 11
-6.646729120517505
 21
-9.418091226917386
 31
0.0
  0
LINE
  5
3F0
330
83
100
AcDbEntity
  8
Edges
100
AcDbLine
 10
-6.629532113502335
 20
-10.00080501233815
 30
0.0
 11
-6.408304254467992
 21
-9.831049433187665
 31
0.0
  0
LINE
  5
3F1
330
83
100
AcDbEntity
  8
Edges
100
AcDbLine
 10
-6.274097897193541
 20
-9.26374049162359
 30
0.0
 11
-5.874214864983969
 21
-9.211093187493545
 31
0.0
  0
LINE
  5
3F2
330
83
100
AcDbEntity
  8
Edges
100
AcDbLine
 10
-6.150678575035925
 20
-9.724336118355395
 30
0.0
 11
-5.874205445737288
 21
-9.687938245624343
 31
0.0
  0
LINE
  5
3F3
330
83
100
AcDbEntity
  8
Edges
100
AcDbLine
 10
-6.646729120517505
 20
-9.418091226917386
 30
0.0
 11
-6.274097897193541
 21
-9.26374049162359
 31
0.0
  0
LINE
  5
3F4
330
83
100
AcDbEntity
  8
Edges
100
AcDbLine
 10
-6.408304254467992
 20
-9.831049433187665
 30
0.0
 11
-6.150678575035925
 21
-9.724336118355395
 31
0.0
  0
LINE
  5
3F5
330
83
100
AcDbEntity
  8
Edges
100
AcDbLine
 10
-6.408289689387018
 20
-11.68120117837502
 30
0.0
 11
-6.629522672322892
 21
-11.51144791652847
 31
0.0
  0
LINE
  5
3F6
330
83
100
AcDbEntity
  8
Edges
100
AcDbLine
 10
-6.629522672322892
 20
-11.51144791652847
 30
0.0
 11
-6.799274241778633
 21
-11.29021990173433
 31
0.0
  0
LINE
  5
3F7
330
83
100
AcDbEntity
  8
Edges
100
AcDbLine
 10
-7.21224059855686
 20
-11.52864416069851
 30
0.0
 11
-7.366591387319829
 21
-11.15601280828353
 31
0.0
  0
LINE
  5
3F8
330
83
100
AcDbEntity
  8
Edges
100
AcDbLine
 10
-6.799274241778633
 20
-11.29021990173433
 30
0.0
 11
-6.905992867316612
 21
-11.03258140127192
 31
0.0
  0
LINE
  5
3F9
330
83
100
AcDbEntity
  8
Edges
100
AcDbLine
 10
-6.905992867316612
 20
-11.03258140127192
 30
0.0
 11
-6.942392166477461
 21
-10.7561225285958
 31
0.0
  0
LINE
  5
3FA
330
83
100
AcDbEntity
  8
Edges
100
AcDbLine
 10
-7.366591387319829
 20
-11.15601280828353
 30
0.0
 11
-7.419238662063705
 21
-10.756123527151
 31
0.0
  0
LINE
  5
3FB
330
83
100
AcDbEntity
  8
Edges
100
AcDbLine
 10
-7.366594701237104
 20
-10.35624647306543
 30
0.0
 11
-7.21224707088416
 21
-9.983613915362163
 31
0.0
  0
LINE
  5
3FC
330
83
100
AcDbEntity
  8
Edges
100
AcDbLine
 10
-7.419238662063705
 20
-10.756123527151
 30
0.0
 11
-7.366594701237104
 21
-10.35624647306543
 31
0.0
  0
LINE
  5
3FD
330
83
100
AcDbEntity
  8
Edges
100
AcDbLine
 10
-6.942392166477461
 20
-10.7561225285958
 30
0.0
 11
-6.905995532622
 21
-10.47967495224378
 31
0.0
  0
LINE
  5
3FE
330
83
100
AcDbEntity
  8
Edges
100
AcDbLine
 10
-7.21224707088416
 20
-9.983613915362163
 30
0.0
 11
-6.966714332888557
 21
-9.663626645841308
 31
0.0
  0
LINE
  5
3FF
330
83
100
AcDbEntity
  8
Edges
100
AcDbLine
 10
-6.905995532622
 20
-10.47967495224378
 30
0.0
 11
-6.799282666587274
 21
-10.22203448107259
 31
0.0
  0
LINE
  5
400
330
83
100
AcDbEntity
  8
Edges
100
AcDbLine
 10
-6.799282666587274
 20
-10.22203448107259
 30
0.0
 11
-6.629532113502335
 21
-10.00080501233815
 31
0.0
  0
LINE
  5
401
330
83
100
AcDbEntity
  8
Edges
100
AcDbLine
 10
-16.25623982610493
 20
2.762225713637869
 30
0.0
 11
-16.25198504742961
 21
2.762225713637869
 31
0.0
  0
LINE
  5
402
330
83
100
AcDbEntity
  8
Edges
100
AcDbLine
 10
-16.24680201503347
 20
2.762225713637869
 30
0.0
 11
-15.60897329624492
 21
2.762225713637869
 31
0.0
  0
LINE
  5
403
330
83
100
AcDbEntity
  8
Edges
100
AcDbLine
 10
-15.60382994845707
 20
2.762225713637869
 30
0.0
 11
-15.59345557195381
 21
2.762225713637869
 31
0.0
  0
LINE
  5
404
330
83
100
AcDbEntity
  8
Edges
100
AcDbLine
 10
-14.85071603319279
 20
2.762225713637869
 30
0.0
 11
-14.8438144352445
 21
2.762225713637869
 31
0.0
  0
LINE
  5
405
330
83
100
AcDbEntity
  8
Edges
100
AcDbLine
 10
-14.83794376093019
 20
2.762225713637869
 30
0.0
 11
-14.83181563876289
 21
2.762225713637869
 31
0.0
  0
LINE
  5
406
330
83
100
AcDbEntity
  8
Edges
100
AcDbLine
 10
-14.00173916191599
 20
2.762225713637869
 30
0.0
 11
-13.9959124334387
 21
2.762225713637869
 31
0.0
  0
LINE
  5
407
330
83
100
AcDbEntity
  8
Edges
100
AcDbLine
 10
-13.98544961435876
 20
2.762225713637869
 30
0.0
 11
-13.98319867635201
 21
2.762225713637869
 31
0.0
  0
LINE
  5
408
330
83
100
AcDbEntity
  8
Edges
100
AcDbLine
 10
-13.09710161691987
 20
2.621362502597023
 30
0.0
 11
-13.10332414095231
 21
2.644684417658459
 31
0.0
  0
LINE
  5
409
330
83
100
AcDbEntity
  8
Edges
100
AcDbLine
 10
-13.09501314136727
 20
2.597551448227983
 30
0.0
 11
-13.09710161691987
 21
2.621362502597023
 31
0.0
  0
LINE
  5
40A
330
83
100
AcDbEntity
  8
Edges
100
AcDbLine
 10
-13.09501314136727
 20
2.597551448227983
 30
0.0
 11
-13.09501314136727
 21
2.579627185888449
 31
0.0
  0
LINE
  5
40B
330
83
100
AcDbEntity
  8
Edges
100
AcDbLine
 10
-16.7269780410474
 20
2.625516799068801
 30
0.0
 11
-16.72927713317227
 21
2.604808205163763
 31
0.0
  0
LINE
  5
40C
330
83
100
AcDbEntity
  8
Edges
100
AcDbLine
 10
-16.72145322109389
 20
2.645812391187069
 30
0.0
 11
-16.7269780410474
 21
2.625516799068801
 31
0.0
  0
LINE
  5
40D
330
83
100
AcDbEntity
  8
Edges
100
AcDbLine
 10
-16.53197591521251
 20
2.744301451298335
 30
0.0
 11
-16.53197591521251
 21
2.762225713637869
 31
0.0
  0
LINE
  5
40E
330
83
100
AcDbEntity
  8
Edges
100
AcDbLine
 10
-13.09501314136727
 20
1.511746846568373
 30
0.0
 11
-13.09501314136727
 21
1.529671108907907
 31
0.0
  0
LINE
  5
40F
330
83
100
AcDbEntity
  8
Edges
100
AcDbLine
 10
13.49812164150231
 20
2.762225713637869
 30
0.0
 11
13.85598733367634
 21
2.762225713637869
 31
0.0
  0
LINE
  5
410
330
83
100
AcDbEntity
  8
Edges
100
AcDbLine
 10
13.86113068146417
 20
2.762225713637869
 30
0.0
 11
13.86563438365314
 21
2.762225713637869
 31
0.0
  0
LINE
  5
411
330
83
100
AcDbEntity
  8
Edges
100
AcDbLine
 10
14.61424459672847
 20
2.762225713637869
 30
0.0
 11
14.61664249248781
 21
2.762225713637869
 31
0.0
  0
LINE
  5
412
330
83
100
AcDbEntity
  8
Edges
100
AcDbLine
 10
14.62701686899108
 20
2.762225713637869
 30
0.0
 11
14.63314499115837
 21
2.762225713637869
 31
0.0
  0
LINE
  5
413
330
83
100
AcDbEntity
  8
Edges
100
AcDbLine
 10
15.47525623688719
 20
2.762225713637869
 30
0.0
 11
15.4795110155625
 21
2.762225713637869
 31
0.0
  0
LINE
  5
414
330
83
100
AcDbEntity
  8
Edges
100
AcDbLine
 10
16.22456000750617
 20
2.762225713637869
 30
0.0
 11
16.23076804791081
 21
2.762225713637869
 31
0.0
  0
LINE
  5
415
330
83
100
AcDbEntity
  8
Edges
100
AcDbLine
 10
13.30311951566743
 20
2.625516799068801
 30
0.0
 11
13.30082042354256
 21
2.604808205163763
 31
0.0
  0
LINE
  5
416
330
83
100
AcDbEntity
  8
Edges
100
AcDbLine
 10
13.30864433562094
 20
2.64581239118708
 30
0.0
 11
13.30311951566743
 21
2.625516799068801
 31
0.0
  0
LINE
  5
417
330
83
100
AcDbEntity
  8
Edges
100
AcDbLine
 10
13.49812164150232
 20
2.744301451298335
 30
0.0
 11
13.49812164150231
 21
2.762225713637869
 31
0.0
  0
LINE
  5
418
330
83
100
AcDbEntity
  8
Edges
100
AcDbLine
 10
16.70124664150232
 20
2.744301451298335
 30
0.0
 11
16.70124664150232
 21
2.762225714149626
 31
0.0
  0
LINE
  5
419
330
83
100
AcDbEntity
  8
Edges
100
AcDbLine
 10
-11.53617618675547
 20
-9.983602704960709
 30
0.0
 11
-11.38182546852712
 21
-10.35623388709208
 31
0.0
  0
LINE
  5
41A
330
83
100
AcDbEntity
  8
Edges
100
AcDbLine
 10
-13.96670517963491
 20
-11.8486293730726
 30
0.0
 11
-14.21224059855686
 21
-11.52864416069851
 31
0.0
  0
LINE
  5
41B
330
83
100
AcDbEntity
  8
Edges
100
AcDbLine
 10
-11.78170245242198
 20
-11.84862021981814
 30
0.0
 11
-12.10168766479326
 21
-12.09415563874225
 31
0.0
  0
LINE
  5
41C
330
83
100
AcDbEntity
  8
Edges
100
AcDbLine
 10
-12.11887681730336
 20
-11.51144125820366
 30
0.0
 11
-12.34010450204221
 21
-11.68119670361136
 31
0.0
  0
LINE
  5
41D
330
83
100
AcDbEntity
  8
Edges
100
AcDbLine
 10
-12.10168766479326
 20
-12.09415563874225
 30
0.0
 11
-12.47431888811751
 21
-12.24850637403616
 31
0.0
  0
LINE
  5
41E
330
83
100
AcDbEntity
  8
Edges
100
AcDbLine
 10
-11.3291781713639
 20
-10.75612333851357
 30
0.0
 11
-11.38182215460841
 21
-11.15600056288275
 31
0.0
  0
LINE
  5
41F
330
83
100
AcDbEntity
  8
Edges
100
AcDbLine
 10
-11.80601958291707
 20
-10.75612433772891
 30
0.0
 11
-11.84241754795286
 21
-11.03259880516419
 31
0.0
  0
LINE
  5
420
330
83
100
AcDbEntity
  8
Edges
100
AcDbLine
 10
-11.38182546852712
 20
-10.35623388709208
 30
0.0
 11
-11.3291781713639
 21
-10.75612333851357
 31
0.0
  0
LINE
  5
421
330
83
100
AcDbEntity
  8
Edges
100
AcDbLine
 10
-11.84242021348355
 20
-10.47963857354052
 30
0.0
 11
-11.80601958291707
 21
-10.75612433772891
 31
0.0
  0
LINE
  5
422
330
83
100
AcDbEntity
  8
Edges
100
AcDbLine
 10
-11.84241754795286
 20
-11.03259880516419
 30
0.0
 11
-11.94912322540496
 21
-11.29021215121631
 31
0.0
  0
LINE
  5
423
330
83
100
AcDbEntity
  8
Edges
100
AcDbLine
 10
-11.53616971442619
 20
-11.52863295029706
 30
0.0
 11
-11.78170245242198
 21
-11.84862021981814
 31
0.0
  0
LINE
  5
424
330
83
100
AcDbEntity
  8
Edges
100
AcDbLine
 10
-11.94912322540496
 20
-11.29021215121631
 30
0.0
 11
-12.11887681730336
 21
-11.51144125820366
 31
0.0
  0
LINE
  5
425
330
83
100
AcDbEntity
  8
Edges
100
AcDbLine
 10
-11.38182215460841
 20
-11.15600056288275
 30
0.0
 11
-11.53616971442619
 21
-11.52863295029706
 31
0.0
  0
LINE
  5
426
330
83
100
AcDbEntity
  8
Edges
100
AcDbLine
 10
-13.15066331886507
 20
-11.78791225067712
 30
0.0
 11
-13.40828968938702
 21
-11.68120117837502
 31
0.0
  0
LINE
  5
427
330
83
100
AcDbEntity
  8
Edges
100
AcDbLine
 10
-13.64671791011662
 20
-12.09416211107055
 30
0.0
 11
-13.96670517963491
 21
-11.8486293730726
 31
0.0
  0
LINE
  5
428
330
83
100
AcDbEntity
  8
Edges
100
AcDbLine
 10
-12.87420192032738
 20
-12.30115367816624
 30
0.0
 11
-13.27408539361572
 21
-12.24850972435982
 31
0.0
  0
LINE
  5
429
330
83
100
AcDbEntity
  8
Edges
100
AcDbLine
 10
-12.34010450204221
 20
-11.68119670361136
 30
0.0
 11
-12.5977299785026
 21
-11.787909934369
 31
0.0
  0
LINE
  5
42A
330
83
100
AcDbEntity
  8
Edges
100
AcDbLine
 10
-12.47431888811751
 20
-12.24850637403616
 30
0.0
 11
-12.87420192032738
 21
-12.30115367816624
 31
0.0
  0
LINE
  5
42B
330
83
100
AcDbEntity
  8
Edges
100
AcDbLine
 10
-12.5977299785026
 20
-11.787909934369
 30
0.0
 11
-12.87419649620996
 21
-11.82430862015241
 31
0.0
  0
LINE
  5
42C
330
83
100
AcDbEntity
  8
Edges
100
AcDbLine
 10
-12.87421486498397
 20
-9.211093187493545
 30
0.0
 11
-12.47433139169592
 21
-9.26373714129993
 31
0.0
  0
LINE
  5
42D
330
83
100
AcDbEntity
  8
Edges
100
AcDbLine
 10
-12.47433139169592
 20
-9.26373714129993
 30
0.0
 11
-12.10169887519528
 21
-9.418084754589088
 31
0.0
  0
LINE
  5
42E
330
83
100
AcDbEntity
  8
Edges
100
AcDbLine
 10
-12.10169887519528
 20
-9.418084754589088
 30
0.0
 11
-11.78171160567724
 21
-9.663617492586849
 31
0.0
  0
LINE
  5
42F
330
83
100
AcDbEntity
  8
Edges
100
AcDbLine
 10
-11.78171160567724
 20
-9.663617492586849
 30
0.0
 11
-11.53617618675547
 21
-9.983602704960709
 31
0.0
  0
LINE
  5
430
330
83
100
AcDbEntity
  8
Edges
100
AcDbLine
 10
-13.27408539361572
 20
-12.24850972435982
 30
0.0
 11
-13.64671791011662
 21
-12.09416211107055
 31
0.0
  0
LINE
  5
431
330
83
100
AcDbEntity
  8
Edges
100
AcDbLine
 10
-12.87419649620996
 20
-11.82430862015241
 30
0.0
 11
-13.15066331886507
 21
-11.78791225067712
 31
0.0
  0
LINE
  5
432
330
83
100
AcDbEntity
  8
Edges
100
AcDbLine
 10
-12.59773862312885
 20
-9.724334615093489
 30
0.0
 11
-12.34011225265038
 21
-9.831045687377573
 31
0.0
  0
LINE
  5
433
330
83
100
AcDbEntity
  8
Edges
100
AcDbLine
 10
-12.34011225265038
 20
-9.831045687377573
 30
0.0
 11
-12.11888314570231
 21
-10.00079927924881
 31
0.0
  0
LINE
  5
434
330
83
100
AcDbEntity
  8
Edges
100
AcDbLine
 10
-12.11888314570231
 20
-10.00079927924881
 30
0.0
 11
-11.94912770032476
 21
-10.22202696395227
 31
0.0
  0
LINE
  5
435
330
83
100
AcDbEntity
  8
Edges
100
AcDbLine
 10
-11.94912770032476
 20
-10.22202696395227
 30
0.0
 11
-11.84242021348355
 21
-10.47963857354052
 31
0.0
  0
LINE
  5
436
330
83
100
AcDbEntity
  8
Edges
100
AcDbLine
 10
-12.8742054457373
 20
-9.687938245624343
 30
0.0
 11
-12.59773862312885
 21
-9.724334615093489
 31
0.0
  0
LINE
  5
437
330
83
100
AcDbEntity
  8
Edges
100
AcDbLine
 10
-13.96671433288856
 20
-9.663626645841308
 30
0.0
 11
-13.6467291205175
 21
-9.418091226917386
 31
0.0
  0
LINE
  5
438
330
83
100
AcDbEntity
  8
Edges
100
AcDbLine
 10
-13.62953211350233
 20
-10.00080501233815
 30
0.0
 11
-13.40830425446799
 21
-9.831049433187665
 31
0.0
  0
LINE
  5
439
330
83
100
AcDbEntity
  8
Edges
100
AcDbLine
 10
-13.27409789719354
 20
-9.26374049162359
 30
0.0
 11
-12.87421486498397
 21
-9.211093187493545
 31
0.0
  0
LINE
  5
43A
330
83
100
AcDbEntity
  8
Edges
100
AcDbLine
 10
-13.15067857503592
 20
-9.724336118355395
 30
0.0
 11
-12.8742054457373
 21
-9.687938245624343
 31
0.0
  0
LINE
  5
43B
330
83
100
AcDbEntity
  8
Edges
100
AcDbLine
 10
-13.6467291205175
 20
-9.418091226917386
 30
0.0
 11
-13.27409789719354
 21
-9.26374049162359
 31
0.0
  0
LINE
  5
43C
330
83
100
AcDbEntity
  8
Edges
100
AcDbLine
 10
-13.40830425446799
 20
-9.831049433187665
 30
0.0
 11
-13.15067857503592
 21
-9.724336118355395
 31
0.0
  0
LINE
  5
43D
330
83
100
AcDbEntity
  8
Edges
100
AcDbLine
 10
-13.40828968938702
 20
-11.68120117837502
 30
0.0
 11
-13.62952267232289
 21
-11.51144791652847
 31
0.0
  0
LINE
  5
43E
330
83
100
AcDbEntity
  8
Edges
100
AcDbLine
 10
-13.62952267232289
 20
-11.51144791652847
 30
0.0
 11
-13.79927424177863
 21
-11.29021990173433
 31
0.0
  0
LINE
  5
43F
330
83
100
AcDbEntity
  8
Edges
100
AcDbLine
 10
-14.21224059855686
 20
-11.52864416069851
 30
0.0
 11
-14.36659138731983
 21
-11.15601280828353
 31
0.0
  0
LINE
  5
440
330
83
100
AcDbEntity
  8
Edges
100
AcDbLine
 10
-13.79927424177863
 20
-11.29021990173433
 30
0.0
 11
-13.90599286731661
 21
-11.03258140127192
 31
0.0
  0
LINE
  5
441
330
83
100
AcDbEntity
  8
Edges
100
AcDbLine
 10
-13.90599286731661
 20
-11.03258140127192
 30
0.0
 11
-13.94239216647746
 21
-10.7561225285958
 31
0.0
  0
LINE
  5
442
330
83
100
AcDbEntity
  8
Edges
100
AcDbLine
 10
-14.36659138731983
 20
-11.15601280828353
 30
0.0
 11
-14.41923866206372
 21
-10.756123527151
 31
0.0
  0
LINE
  5
443
330
83
100
AcDbEntity
  8
Edges
100
AcDbLine
 10
-14.3665947012371
 20
-10.35624647306543
 30
0.0
 11
-14.21224707088417
 21
-9.983613915362163
 31
0.0
  0
LINE
  5
444
330
83
100
AcDbEntity
  8
Edges
100
AcDbLine
 10
-14.41923866206372
 20
-10.756123527151
 30
0.0
 11
-14.3665947012371
 21
-10.35624647306543
 31
0.0
  0
LINE
  5
445
330
83
100
AcDbEntity
  8
Edges
100
AcDbLine
 10
-13.94239216647746
 20
-10.7561225285958
 30
0.0
 11
-13.905995532622
 21
-10.47967495224378
 31
0.0
  0
LINE
  5
446
330
83
100
AcDbEntity
  8
Edges
100
AcDbLine
 10
-14.21224707088417
 20
-9.983613915362163
 30
0.0
 11
-13.96671433288856
 21
-9.663626645841308
 31
0.0
  0
LINE
  5
447
330
83
100
AcDbEntity
  8
Edges
100
AcDbLine
 10
-13.905995532622
 20
-10.47967495224378
 30
0.0
 11
-13.79928266658727
 21
-10.22203448107259
 31
0.0
  0
LINE
  5
448
330
83
100
AcDbEntity
  8
Edges
100
AcDbLine
 10
-13.79928266658727
 20
-10.22203448107259
 30
0.0
 11
-13.62953211350233
 21
-10.00080501233815
 31
0.0
  0
LINE
  5
449
330
83
100
AcDbEntity
  8
Edges
100
AcDbLine
 10
-19.57764120672574
 20
-1.220462918322105
 30
0.0
 11
-19.57764120672574
 21
-1.272804064155081
 31
0.0
  0
LINE
  5
44A
330
83
100
AcDbEntity
  8
Edges
100
AcDbLine
 10
-16.23705321691329
 20
-11.89586832144752
 30
0.0
 11
-16.27638557600628
 21
-11.84460939310384
 31
0.0
  0
LINE
  5
44B
330
83
100
AcDbEntity
  8
Edges
100
AcDbLine
 10
-16.32764450434995
 20
-11.80527703401087
 30
0.0
 11
-16.38733679068707
 21
-11.78055167944097
 31
0.0
  0
LINE
  5
44C
330
83
100
AcDbEntity
  8
Edges
100
AcDbLine
 10
-16.27638557600628
 20
-11.84460939310384
 30
0.0
 11
-16.32764450434995
 21
-11.80527703401087
 31
0.0
  0
LINE
  5
44D
330
83
100
AcDbEntity
  8
Edges
100
AcDbLine
 10
-16.35530793385564
 20
-11.6610183584377
 30
0.0
 11
-16.26576950434994
 21
-11.69810639029254
 31
0.0
  0
LINE
  5
44E
330
83
100
AcDbEntity
  8
Edges
100
AcDbLine
 10
-16.26576950434994
 20
-11.69810639029254
 30
0.0
 11
-16.18888111183444
 21
-11.75710492893201
 31
0.0
  0
LINE
  5
44F
330
83
100
AcDbEntity
  8
Edges
100
AcDbLine
 10
-16.08014450434996
 20
-12.01961832144752
 30
0.0
 11
-16.09279454134014
 21
-12.11570489194182
 31
0.0
  0
LINE
  5
450
330
83
100
AcDbEntity
  8
Edges
100
AcDbLine
 10
-16.09279454134014
 20
-11.92353175095321
 30
0.0
 11
-16.08014450434996
 21
-12.01961832144752
 31
0.0
  0
LINE
  5
451
330
83
100
AcDbEntity
  8
Edges
100
AcDbLine
 10
-16.20389450434996
 20
-12.01961832144752
 30
0.0
 11
-16.21232786234341
 21
-11.95556060778464
 31
0.0
  0
LINE
  5
452
330
83
100
AcDbEntity
  8
Edges
100
AcDbLine
 10
-16.12988257319497
 20
-11.83399332144752
 30
0.0
 11
-16.09279454134014
 21
-11.92353175095321
 31
0.0
  0
LINE
  5
453
330
83
100
AcDbEntity
  8
Edges
100
AcDbLine
 10
-16.23705321691329
 20
-12.14336832144751
 30
0.0
 11
-16.21232786234341
 21
-12.08367603511039
 31
0.0
  0
LINE
  5
454
330
83
100
AcDbEntity
  8
Edges
100
AcDbLine
 10
-16.09279454134014
 20
-12.11570489194182
 30
0.0
 11
-16.12988257319497
 21
-12.20524332144751
 31
0.0
  0
LINE
  5
455
330
83
100
AcDbEntity
  8
Edges
100
AcDbLine
 10
-16.21232786234341
 20
-11.95556060778464
 30
0.0
 11
-16.23705321691329
 21
-11.89586832144752
 31
0.0
  0
LINE
  5
456
330
83
100
AcDbEntity
  8
Edges
100
AcDbLine
 10
-16.18888111183444
 20
-11.75710492893201
 30
0.0
 11
-16.12988257319497
 21
-11.83399332144752
 31
0.0
  0
LINE
  5
457
330
83
100
AcDbEntity
  8
Edges
100
AcDbLine
 10
-16.21232786234341
 20
-12.08367603511039
 30
0.0
 11
-16.20389450434996
 21
-12.01961832144752
 31
0.0
  0
LINE
  5
458
330
83
100
AcDbEntity
  8
Edges
100
AcDbLine
 10
-16.32764450434995
 20
-12.23395960888416
 30
0.0
 11
-16.27638557600628
 21
-12.19462724979119
 31
0.0
  0
LINE
  5
459
330
83
100
AcDbEntity
  8
Edges
100
AcDbLine
 10
-16.12988257319497
 20
-12.20524332144751
 30
0.0
 11
-16.18888111183444
 21
-12.28213171396302
 31
0.0
  0
LINE
  5
45A
330
83
100
AcDbEntity
  8
Edges
100
AcDbLine
 10
-16.26576950434994
 20
-12.34113025260249
 30
0.0
 11
-16.35530793385564
 21
-12.37821828445733
 31
0.0
  0
LINE
  5
45B
330
83
100
AcDbEntity
  8
Edges
100
AcDbLine
 10
-16.51545221801282
 20
-12.25868496345406
 30
0.0
 11
-16.45139450434995
 21
-12.26711832144752
 31
0.0
  0
LINE
  5
45C
330
83
100
AcDbEntity
  8
Edges
100
AcDbLine
 10
-16.45139450434995
 20
-12.39086832144751
 30
0.0
 11
-16.54748107484425
 21
-12.37821828445733
 31
0.0
  0
LINE
  5
45D
330
83
100
AcDbEntity
  8
Edges
100
AcDbLine
 10
-16.27638557600628
 20
-12.19462724979119
 30
0.0
 11
-16.23705321691329
 21
-12.14336832144751
 31
0.0
  0
LINE
  5
45E
330
83
100
AcDbEntity
  8
Edges
100
AcDbLine
 10
-16.35530793385564
 20
-12.37821828445733
 30
0.0
 11
-16.45139450434995
 21
-12.39086832144751
 31
0.0
  0
LINE
  5
45F
330
83
100
AcDbEntity
  8
Edges
100
AcDbLine
 10
-16.45139450434995
 20
-12.26711832144752
 30
0.0
 11
-16.38733679068707
 21
-12.25868496345406
 31
0.0
  0
LINE
  5
460
330
83
100
AcDbEntity
  8
Edges
100
AcDbLine
 10
-16.18888111183444
 20
-12.28213171396302
 30
0.0
 11
-16.26576950434994
 21
-12.34113025260249
 31
0.0
  0
LINE
  5
461
330
83
100
AcDbEntity
  8
Edges
100
AcDbLine
 10
-16.38733679068707
 20
-12.25868496345406
 30
0.0
 11
-16.32764450434995
 21
-12.23395960888416
 31
0.0
  0
LINE
  5
462
330
83
100
AcDbEntity
  8
Edges
100
AcDbLine
 10
-16.63701950434995
 20
-12.34113025260249
 30
0.0
 11
-16.71390789686546
 21
-12.28213171396302
 31
0.0
  0
LINE
  5
463
330
83
100
AcDbEntity
  8
Edges
100
AcDbLine
 10
-16.77290643550492
 20
-12.20524332144751
 30
0.0
 11
-16.80999446735977
 21
-12.11570489194182
 31
0.0
  0
LINE
  5
464
330
83
100
AcDbEntity
  8
Edges
100
AcDbLine
 10
-16.57514450434995
 20
-12.23395960888416
 30
0.0
 11
-16.51545221801282
 21
-12.25868496345406
 31
0.0
  0
LINE
  5
465
330
83
100
AcDbEntity
  8
Edges
100
AcDbLine
 10
-16.54748107484425
 20
-12.37821828445733
 30
0.0
 11
-16.63701950434995
 21
-12.34113025260249
 31
0.0
  0
LINE
  5
466
330
83
100
AcDbEntity
  8
Edges
100
AcDbLine
 10
-16.6657357917866
 20
-12.14336832144751
 30
0.0
 11
-16.62640343269362
 21
-12.19462724979119
 31
0.0
  0
LINE
  5
467
330
83
100
AcDbEntity
  8
Edges
100
AcDbLine
 10
-16.62640343269362
 20
-12.19462724979119
 30
0.0
 11
-16.57514450434995
 21
-12.23395960888416
 31
0.0
  0
LINE
  5
468
330
83
100
AcDbEntity
  8
Edges
100
AcDbLine
 10
-16.71390789686546
 20
-12.28213171396302
 30
0.0
 11
-16.77290643550492
 21
-12.20524332144751
 31
0.0
  0
LINE
  5
469
330
83
100
AcDbEntity
  8
Edges
100
AcDbLine
 10
-16.6904611463565
 20
-12.08367603511039
 30
0.0
 11
-16.6657357917866
 21
-12.14336832144751
 31
0.0
  0
LINE
  5
46A
330
83
100
AcDbEntity
  8
Edges
100
AcDbLine
 10
-16.69889450434995
 20
-12.01961832144752
 30
0.0
 11
-16.6904611463565
 21
-12.08367603511039
 31
0.0
  0
LINE
  5
46B
330
83
100
AcDbEntity
  8
Edges
100
AcDbLine
 10
-16.80999446735977
 20
-12.11570489194182
 30
0.0
 11
-16.82264450434995
 21
-12.01961832144752
 31
0.0
  0
LINE
  5
46C
330
83
100
AcDbEntity
  8
Edges
100
AcDbLine
 10
-16.45139450434995
 20
-11.77211832144752
 30
0.0
 11
-16.51545221801282
 21
-11.78055167944097
 31
0.0
  0
LINE
  5
46D
330
83
100
AcDbEntity
  8
Edges
100
AcDbLine
 10
-16.80999446735977
 20
-11.92353175095321
 30
0.0
 11
-16.77290643550492
 21
-11.83399332144752
 31
0.0
  0
LINE
  5
46E
330
83
100
AcDbEntity
  8
Edges
100
AcDbLine
 10
-16.63701950434995
 20
-11.69810639029254
 30
0.0
 11
-16.54748107484425
 21
-11.6610183584377
 31
0.0
  0
LINE
  5
46F
330
83
100
AcDbEntity
  8
Edges
100
AcDbLine
 10
-16.77290643550492
 20
-11.83399332144752
 30
0.0
 11
-16.71390789686546
 21
-11.75710492893201
 31
0.0
  0
LINE
  5
470
330
83
100
AcDbEntity
  8
Edges
100
AcDbLine
 10
-16.57514450434995
 20
-11.80527703401087
 30
0.0
 11
-16.62640343269362
 21
-11.84460939310384
 31
0.0
  0
LINE
  5
471
330
83
100
AcDbEntity
  8
Edges
100
AcDbLine
 10
-16.62640343269362
 20
-11.84460939310384
 30
0.0
 11
-16.6657357917866
 21
-11.89586832144752
 31
0.0
  0
LINE
  5
472
330
83
100
AcDbEntity
  8
Edges
100
AcDbLine
 10
-16.82264450434995
 20
-12.01961832144752
 30
0.0
 11
-16.80999446735977
 21
-11.92353175095321
 31
0.0
  0
LINE
  5
473
330
83
100
AcDbEntity
  8
Edges
100
AcDbLine
 10
-16.51545221801282
 20
-11.78055167944097
 30
0.0
 11
-16.57514450434995
 21
-11.80527703401087
 31
0.0
  0
LINE
  5
474
330
83
100
AcDbEntity
  8
Edges
100
AcDbLine
 10
-16.6657357917866
 20
-11.89586832144752
 30
0.0
 11
-16.6904611463565
 21
-11.95556060778464
 31
0.0
  0
LINE
  5
475
330
83
100
AcDbEntity
  8
Edges
100
AcDbLine
 10
-16.6904611463565
 20
-11.95556060778464
 30
0.0
 11
-16.69889450434995
 21
-12.01961832144752
 31
0.0
  0
LINE
  5
476
330
83
100
AcDbEntity
  8
Edges
100
AcDbLine
 10
-16.71390789686546
 20
-11.75710492893201
 30
0.0
 11
-16.63701950434995
 21
-11.69810639029254
 31
0.0
  0
LINE
  5
477
330
83
100
AcDbEntity
  8
Edges
100
AcDbLine
 10
-16.54748107484425
 20
-11.6610183584377
 30
0.0
 11
-16.45139450434995
 21
-11.64836832144751
 31
0.0
  0
LINE
  5
478
330
83
100
AcDbEntity
  8
Edges
100
AcDbLine
 10
-16.45139450434995
 20
-11.64836832144751
 30
0.0
 11
-16.35530793385564
 21
-11.6610183584377
 31
0.0
  0
LINE
  5
479
330
83
100
AcDbEntity
  8
Edges
100
AcDbLine
 10
-16.38733679068707
 20
-11.78055167944097
 30
0.0
 11
-16.45139450434995
 21
-11.77211832144752
 31
0.0
  0
LINE
  5
47A
330
83
100
AcDbEntity
  8
Edges
100
AcDbLine
 10
2.46382381324453
 20
-9.983602704960709
 30
0.0
 11
2.618174531472874
 21
-10.35623388709208
 31
0.0
  0
LINE
  5
47B
330
83
100
AcDbEntity
  8
Edges
100
AcDbLine
 10
0.0332948203650858
 20
-11.8486293730726
 30
0.0
 11
-0.2122405985568605
 21
-11.52864416069851
 31
0.0
  0
LINE
  5
47C
330
83
100
AcDbEntity
  8
Edges
100
AcDbLine
 10
2.218297547578018
 20
-11.84862021981814
 30
0.0
 11
1.898312335206739
 21
-12.09415563874225
 31
0.0
  0
LINE
  5
47D
330
83
100
AcDbEntity
  8
Edges
100
AcDbLine
 10
1.88112318269664
 20
-11.51144125820366
 30
0.0
 11
1.659895497957791
 21
-11.68119670361136
 31
0.0
  0
LINE
  5
47E
330
83
100
AcDbEntity
  8
Edges
100
AcDbLine
 10
1.898312335206739
 20
-12.09415563874225
 30
0.0
 11
1.525681111882491
 21
-12.24850637403616
 31
0.0
  0
LINE
  5
47F
330
83
100
AcDbEntity
  8
Edges
100
AcDbLine
 10
2.670821828636093
 20
-10.75612333851357
 30
0.0
 11
2.618177845391585
 21
-11.15600056288275
 31
0.0
  0
LINE
  5
480
330
83
100
AcDbEntity
  8
Edges
100
AcDbLine
 10
2.193980417082926
 20
-10.75612433772891
 30
0.0
 11
2.157582452047137
 21
-11.03259880516419
 31
0.0
  0
LINE
  5
481
330
83
100
AcDbEntity
  8
Edges
100
AcDbLine
 10
2.618174531472874
 20
-10.35623388709208
 30
0.0
 11
2.670821828636093
 21
-10.75612333851357
 31
0.0
  0
LINE
  5
482
330
83
100
AcDbEntity
  8
Edges
100
AcDbLine
 10
2.15757978651645
 20
-10.47963857354052
 30
0.0
 11
2.193980417082926
 21
-10.75612433772891
 31
0.0
  0
LINE
  5
483
330
83
100
AcDbEntity
  8
Edges
100
AcDbLine
 10
2.157582452047137
 20
-11.03259880516419
 30
0.0
 11
2.050876774595039
 21
-11.29021215121631
 31
0.0
  0
LINE
  5
484
330
83
100
AcDbEntity
  8
Edges
100
AcDbLine
 10
2.463830285573806
 20
-11.52863295029706
 30
0.0
 11
2.218297547578018
 21
-11.84862021981814
 31
0.0
  0
LINE
  5
485
330
83
100
AcDbEntity
  8
Edges
100
AcDbLine
 10
2.050876774595039
 20
-11.29021215121631
 30
0.0
 11
1.88112318269664
 21
-11.51144125820366
 31
0.0
  0
LINE
  5
486
330
83
100
AcDbEntity
  8
Edges
100
AcDbLine
 10
2.618177845391585
 20
-11.15600056288275
 30
0.0
 11
2.463830285573806
 21
-11.52863295029706
 31
0.0
  0
LINE
  5
487
330
83
100
AcDbEntity
  8
Edges
100
AcDbLine
 10
0.8493366811349289
 20
-11.78791225067712
 30
0.0
 11
0.5917103106129816
 21
-11.68120117837502
 31
0.0
  0
LINE
  5
488
330
83
100
AcDbEntity
  8
Edges
100
AcDbLine
 10
0.3532820898833791
 20
-12.09416211107055
 30
0.0
 11
0.0332948203650858
 21
-11.8486293730726
 31
0.0
  0
LINE
  5
489
330
83
100
AcDbEntity
  8
Edges
100
AcDbLine
 10
1.12579807967262
 20
-12.30115367816624
 30
0.0
 11
0.7259146063842792
 21
-12.24850972435982
 31
0.0
  0
LINE
  5
48A
330
83
100
AcDbEntity
  8
Edges
100
AcDbLine
 10
1.659895497957791
 20
-11.68119670361136
 30
0.0
 11
1.4022700214974
 21
-11.787909934369
 31
0.0
  0
LINE
  5
48B
330
83
100
AcDbEntity
  8
Edges
100
AcDbLine
 10
1.525681111882491
 20
-12.24850637403616
 30
0.0
 11
1.12579807967262
 21
-12.30115367816624
 31
0.0
  0
LINE
  5
48C
330
83
100
AcDbEntity
  8
Edges
100
AcDbLine
 10
1.4022700214974
 20
-11.787909934369
 30
0.0
 11
1.125803503790038
 21
-11.82430862015241
 31
0.0
  0
LINE
  5
48D
330
83
100
AcDbEntity
  8
Edges
100
AcDbLine
 10
1.12578513501603
 20
-9.211093187493545
 30
0.0
 11
1.525668608304073
 21
-9.26373714129993
 31
0.0
  0
LINE
  5
48E
330
83
100
AcDbEntity
  8
Edges
100
AcDbLine
 10
1.525668608304073
 20
-9.26373714129993
 30
0.0
 11
1.898301124804703
 21
-9.418084754589088
 31
0.0
  0
LINE
  5
48F
330
83
100
AcDbEntity
  8
Edges
100
AcDbLine
 10
1.898301124804703
 20
-9.418084754589088
 30
0.0
 11
2.218288394322755
 21
-9.663617492586849
 31
0.0
  0
LINE
  5
490
330
83
100
AcDbEntity
  8
Edges
100
AcDbLine
 10
2.218288394322755
 20
-9.663617492586849
 30
0.0
 11
2.46382381324453
 21
-9.983602704960709
 31
0.0
  0
LINE
  5
491
330
83
100
AcDbEntity
  8
Edges
100
AcDbLine
 10
0.7259146063842792
 20
-12.24850972435982
 30
0.0
 11
0.3532820898833791
 21
-12.09416211107055
 31
0.0
  0
LINE
  5
492
330
83
100
AcDbEntity
  8
Edges
100
AcDbLine
 10
1.125803503790038
 20
-11.82430862015241
 30
0.0
 11
0.8493366811349289
 21
-11.78791225067712
 31
0.0
  0
LINE
  5
493
330
83
100
AcDbEntity
  8
Edges
100
AcDbLine
 10
1.402261376871152
 20
-9.724334615093489
 30
0.0
 11
1.659887747349614
 21
-9.831045687377573
 31
0.0
  0
LINE
  5
494
330
83
100
AcDbEntity
  8
Edges
100
AcDbLine
 10
1.659887747349614
 20
-9.831045687377573
 30
0.0
 11
1.881116854297687
 21
-10.00079927924881
 31
0.0
  0
LINE
  5
495
330
83
100
AcDbEntity
  8
Edges
100
AcDbLine
 10
1.881116854297687
 20
-10.00079927924881
 30
0.0
 11
2.050872299675233
 21
-10.22202696395227
 31
0.0
  0
LINE
  5
496
330
83
100
AcDbEntity
  8
Edges
100
AcDbLine
 10
2.050872299675233
 20
-10.22202696395227
 30
0.0
 11
2.15757978651645
 21
-10.47963857354052
 31
0.0
  0
LINE
  5
497
330
83
100
AcDbEntity
  8
Edges
100
AcDbLine
 10
1.125794554262697
 20
-9.687938245624343
 30
0.0
 11
1.402261376871152
 21
-9.724334615093489
 31
0.0
  0
LINE
  5
498
330
83
100
AcDbEntity
  8
Edges
100
AcDbLine
 10
0.0332856671114428
 20
-9.663626645841308
 30
0.0
 11
0.3532708794824941
 21
-9.418091226917386
 31
0.0
  0
LINE
  5
499
330
83
100
AcDbEntity
  8
Edges
100
AcDbLine
 10
0.3704678864976643
 20
-10.00080501233815
 30
0.0
 11
0.5916957455320074
 21
-9.831049433187665
 31
0.0
  0
LINE
  5
49A
330
83
100
AcDbEntity
  8
Edges
100
AcDbLine
 10
0.7259021028064581
 20
-9.26374049162359
 30
0.0
 11
1.12578513501603
 21
-9.211093187493545
 31
0.0
  0
LINE
  5
49B
330
83
100
AcDbEntity
  8
Edges
100
AcDbLine
 10
0.8493214249640743
 20
-9.724336118355395
 30
0.0
 11
1.125794554262697
 21
-9.687938245624343
 31
0.0
  0
LINE
  5
49C
330
83
100
AcDbEntity
  8
Edges
100
AcDbLine
 10
0.3532708794824941
 20
-9.418091226917386
 30
0.0
 11
0.7259021028064581
 21
-9.26374049162359
 31
0.0
  0
LINE
  5
49D
330
83
100
AcDbEntity
  8
Edges
100
AcDbLine
 10
0.5916957455320074
 20
-9.831049433187665
 30
0.0
 11
0.8493214249640743
 21
-9.724336118355395
 31
0.0
  0
LINE
  5
49E
330
83
100
AcDbEntity
  8
Edges
100
AcDbLine
 10
0.5917103106129816
 20
-11.68120117837502
 30
0.0
 11
0.3704773276770936
 21
-11.51144791652847
 31
0.0
  0
LINE
  5
49F
330
83
100
AcDbEntity
  8
Edges
100
AcDbLine
 10
0.3704773276770936
 20
-11.51144791652847
 30
0.0
 11
0.2007257582213668
 21
-11.29021990173433
 31
0.0
  0
LINE
  5
4A0
330
83
100
AcDbEntity
  8
Edges
100
AcDbLine
 10
-0.2122405985568605
 20
-11.52864416069851
 30
0.0
 11
-0.3665913873198292
 21
-11.15601280828353
 31
0.0
  0
LINE
  5
4A1
330
83
100
AcDbEntity
  8
Edges
100
AcDbLine
 10
0.2007257582213668
 20
-11.29021990173433
 30
0.0
 11
0.0940071326833874
 21
-11.03258140127192
 31
0.0
  0
LINE
  5
4A2
330
83
100
AcDbEntity
  8
Edges
100
AcDbLine
 10
0.0940071326833874
 20
-11.03258140127192
 30
0.0
 11
0.057607833522539
 21
-10.7561225285958
 31
0.0
  0
LINE
  5
4A3
330
83
100
AcDbEntity
  8
Edges
100
AcDbLine
 10
-0.3665913873198292
 20
-11.15601280828353
 30
0.0
 11
-0.4192386620637194
 21
-10.756123527151
 31
0.0
  0
LINE
  5
4A4
330
83
100
AcDbEntity
  8
Edges
100
AcDbLine
 10
-0.3665947012371049
 20
-10.35624647306543
 30
0.0
 11
-0.2122470708841604
 21
-9.983613915362163
 31
0.0
  0
LINE
  5
4A5
330
83
100
AcDbEntity
  8
Edges
100
AcDbLine
 10
-0.4192386620637194
 20
-10.756123527151
 30
0.0
 11
-0.3665947012371049
 21
-10.35624647306543
 31
0.0
  0
LINE
  5
4A6
330
83
100
AcDbEntity
  8
Edges
100
AcDbLine
 10
0.057607833522539
 20
-10.7561225285958
 30
0.0
 11
0.0940044673779994
 21
-10.47967495224378
 31
0.0
  0
LINE
  5
4A7
330
83
100
AcDbEntity
  8
Edges
100
AcDbLine
 10
-0.2122470708841604
 20
-9.983613915362163
 30
0.0
 11
0.0332856671114428
 21
-9.663626645841308
 31
0.0
  0
LINE
  5
4A8
330
83
100
AcDbEntity
  8
Edges
100
AcDbLine
 10
0.0940044673779994
 20
-10.47967495224378
 30
0.0
 11
0.2007173334127259
 21
-10.22203448107259
 31
0.0
  0
LINE
  5
4A9
330
83
100
AcDbEntity
  8
Edges
100
AcDbLine
 10
0.2007173334127259
 20
-10.22203448107259
 30
0.0
 11
0.3704678864976643
 21
-10.00080501233815
 31
0.0
  0
LINE
  5
4AA
330
83
100
AcDbEntity
  8
Edges
100
AcDbLine
 10
16.46382381324453
 20
-9.983602704960709
 30
0.0
 11
16.61817453147289
 21
-10.35623388709208
 31
0.0
  0
LINE
  5
4AB
330
83
100
AcDbEntity
  8
Edges
100
AcDbLine
 10
14.0332948203651
 20
-11.8486293730726
 30
0.0
 11
13.78775940144314
 21
-11.52864416069851
 31
0.0
  0
LINE
  5
4AC
330
83
100
AcDbEntity
  8
Edges
100
AcDbLine
 10
16.21829754757803
 20
-11.84862021981814
 30
0.0
 11
15.89831233520674
 21
-12.09415563874225
 31
0.0
  0
LINE
  5
4AD
330
83
100
AcDbEntity
  8
Edges
100
AcDbLine
 10
15.88112318269665
 20
-11.51144125820366
 30
0.0
 11
15.65989549795779
 21
-11.68119670361136
 31
0.0
  0
LINE
  5
4AE
330
83
100
AcDbEntity
  8
Edges
100
AcDbLine
 10
15.89831233520674
 20
-12.09415563874225
 30
0.0
 11
15.5256811118825
 21
-12.24850637403616
 31
0.0
  0
LINE
  5
4AF
330
83
100
AcDbEntity
  8
Edges
100
AcDbLine
 10
16.67082182863609
 20
-10.75612333851357
 30
0.0
 11
16.61817784539158
 21
-11.15600056288275
 31
0.0
  0
LINE
  5
4B0
330
83
100
AcDbEntity
  8
Edges
100
AcDbLine
 10
16.19398041708294
 20
-10.75612433772891
 30
0.0
 11
16.15758245204715
 21
-11.03259880516419
 31
0.0
  0
LINE
  5
4B1
330
83
100
AcDbEntity
  8
Edges
100
AcDbLine
 10
16.61817453147289
 20
-10.35623388709208
 30
0.0
 11
16.67082182863609
 21
-10.75612333851357
 31
0.0
  0
LINE
  5
4B2
330
83
100
AcDbEntity
  8
Edges
100
AcDbLine
 10
16.15757978651646
 20
-10.47963857354052
 30
0.0
 11
16.19398041708294
 21
-10.75612433772891
 31
0.0
  0
LINE
  5
4B3
330
83
100
AcDbEntity
  8
Edges
100
AcDbLine
 10
16.15758245204715
 20
-11.03259880516419
 30
0.0
 11
16.05087677459505
 21
-11.29021215121631
 31
0.0
  0
LINE
  5
4B4
330
83
100
AcDbEntity
  8
Edges
100
AcDbLine
 10
16.46383028557382
 20
-11.52863295029706
 30
0.0
 11
16.21829754757803
 21
-11.84862021981814
 31
0.0
  0
LINE
  5
4B5
330
83
100
AcDbEntity
  8
Edges
100
AcDbLine
 10
16.05087677459505
 20
-11.29021215121631
 30
0.0
 11
15.88112318269665
 21
-11.51144125820366
 31
0.0
  0
LINE
  5
4B6
330
83
100
AcDbEntity
  8
Edges
100
AcDbLine
 10
16.61817784539158
 20
-11.15600056288275
 30
0.0
 11
16.46383028557382
 21
-11.52863295029706
 31
0.0
  0
LINE
  5
4B7
330
83
100
AcDbEntity
  8
Edges
100
AcDbLine
 10
14.84933668113494
 20
-11.78791225067712
 30
0.0
 11
14.59171031061299
 21
-11.68120117837502
 31
0.0
  0
LINE
  5
4B8
330
83
100
AcDbEntity
  8
Edges
100
AcDbLine
 10
14.35328208988338
 20
-12.09416211107055
 30
0.0
 11
14.0332948203651
 21
-11.8486293730726
 31
0.0
  0
LINE
  5
4B9
330
83
100
AcDbEntity
  8
Edges
100
AcDbLine
 10
15.12579807967262
 20
-12.30115367816624
 30
0.0
 11
14.72591460638429
 21
-12.24850972435982
 31
0.0
  0
LINE
  5
4BA
330
83
100
AcDbEntity
  8
Edges
100
AcDbLine
 10
15.65989549795779
 20
-11.68119670361136
 30
0.0
 11
15.40227002149741
 21
-11.787909934369
 31
0.0
  0
LINE
  5
4BB
330
83
100
AcDbEntity
  8
Edges
100
AcDbLine
 10
15.5256811118825
 20
-12.24850637403616
 30
0.0
 11
15.12579807967262
 21
-12.30115367816624
 31
0.0
  0
LINE
  5
4BC
330
83
100
AcDbEntity
  8
Edges
100
AcDbLine
 10
15.40227002149741
 20
-11.787909934369
 30
0.0
 11
15.12580350379005
 21
-11.82430862015241
 31
0.0
  0
LINE
  5
4BD
330
83
100
AcDbEntity
  8
Edges
100
AcDbLine
 10
15.12578513501603
 20
-9.211093187493545
 30
0.0
 11
15.52566860830409
 21
-9.26373714129993
 31
0.0
  0
LINE
  5
4BE
330
83
100
AcDbEntity
  8
Edges
100
AcDbLine
 10
15.52566860830409
 20
-9.26373714129993
 30
0.0
 11
15.89830112480472
 21
-9.418084754589088
 31
0.0
  0
LINE
  5
4BF
330
83
100
AcDbEntity
  8
Edges
100
AcDbLine
 10
15.89830112480472
 20
-9.418084754589088
 30
0.0
 11
16.21828839432277
 21
-9.663617492586849
 31
0.0
  0
LINE
  5
4C0
330
83
100
AcDbEntity
  8
Edges
100
AcDbLine
 10
16.21828839432277
 20
-9.663617492586849
 30
0.0
 11
16.46382381324453
 21
-9.983602704960709
 31
0.0
  0
LINE
  5
4C1
330
83
100
AcDbEntity
  8
Edges
100
AcDbLine
 10
14.72591460638429
 20
-12.24850972435982
 30
0.0
 11
14.35328208988338
 21
-12.09416211107055
 31
0.0
  0
LINE
  5
4C2
330
83
100
AcDbEntity
  8
Edges
100
AcDbLine
 10
15.12580350379005
 20
-11.82430862015241
 30
0.0
 11
14.84933668113494
 21
-11.78791225067712
 31
0.0
  0
LINE
  5
4C3
330
83
100
AcDbEntity
  8
Edges
100
AcDbLine
 10
15.40226137687116
 20
-9.724334615093489
 30
0.0
 11
15.65988774734961
 21
-9.831045687377573
 31
0.0
  0
LINE
  5
4C4
330
83
100
AcDbEntity
  8
Edges
100
AcDbLine
 10
15.65988774734961
 20
-9.831045687377573
 30
0.0
 11
15.88111685429768
 21
-10.00079927924881
 31
0.0
  0
LINE
  5
4C5
330
83
100
AcDbEntity
  8
Edges
100
AcDbLine
 10
15.88111685429768
 20
-10.00079927924881
 30
0.0
 11
16.05087229967525
 21
-10.22202696395227
 31
0.0
  0
LINE
  5
4C6
330
83
100
AcDbEntity
  8
Edges
100
AcDbLine
 10
16.05087229967525
 20
-10.22202696395227
 30
0.0
 11
16.15757978651646
 21
-10.47963857354052
 31
0.0
  0
LINE
  5
4C7
330
83
100
AcDbEntity
  8
Edges
100
AcDbLine
 10
15.12579455426271
 20
-9.687938245624343
 30
0.0
 11
15.40226137687116
 21
-9.724334615093489
 31
0.0
  0
LINE
  5
4C8
330
83
100
AcDbEntity
  8
Edges
100
AcDbLine
 10
14.03328566711144
 20
-9.663626645841308
 30
0.0
 11
14.35327087948249
 21
-9.418091226917386
 31
0.0
  0
LINE
  5
4C9
330
83
100
AcDbEntity
  8
Edges
100
AcDbLine
 10
14.37046788649766
 20
-10.00080501233815
 30
0.0
 11
14.591695745532
 21
-9.831049433187665
 31
0.0
  0
LINE
  5
4CA
330
83
100
AcDbEntity
  8
Edges
100
AcDbLine
 10
14.72590210280646
 20
-9.26374049162359
 30
0.0
 11
15.12578513501603
 21
-9.211093187493545
 31
0.0
  0
LINE
  5
4CB
330
83
100
AcDbEntity
  8
Edges
100
AcDbLine
 10
14.84932142496407
 20
-9.724336118355395
 30
0.0
 11
15.12579455426271
 21
-9.687938245624343
 31
0.0
  0
LINE
  5
4CC
330
83
100
AcDbEntity
  8
Edges
100
AcDbLine
 10
14.35327087948249
 20
-9.418091226917386
 30
0.0
 11
14.72590210280646
 21
-9.26374049162359
 31
0.0
  0
LINE
  5
4CD
330
83
100
AcDbEntity
  8
Edges
100
AcDbLine
 10
14.591695745532
 20
-9.831049433187665
 30
0.0
 11
14.84932142496407
 21
-9.724336118355395
 31
0.0
  0
LINE
  5
4CE
330
83
100
AcDbEntity
  8
Edges
100
AcDbLine
 10
14.59171031061299
 20
-11.68120117837502
 30
0.0
 11
14.37047732767711
 21
-11.51144791652847
 31
0.0
  0
LINE
  5
4CF
330
83
100
AcDbEntity
  8
Edges
100
AcDbLine
 10
14.37047732767711
 20
-11.51144791652847
 30
0.0
 11
14.20072575822137
 21
-11.29021990173433
 31
0.0
  0
LINE
  5
4D0
330
83
100
AcDbEntity
  8
Edges
100
AcDbLine
 10
13.78775940144314
 20
-11.52864416069851
 30
0.0
 11
13.63340861268018
 21
-11.15601280828353
 31
0.0
  0
LINE
  5
4D1
330
83
100
AcDbEntity
  8
Edges
100
AcDbLine
 10
14.20072575822137
 20
-11.29021990173433
 30
0.0
 11
14.0940071326834
 21
-11.03258140127192
 31
0.0
  0
LINE
  5
4D2
330
83
100
AcDbEntity
  8
Edges
100
AcDbLine
 10
14.0940071326834
 20
-11.03258140127192
 30
0.0
 11
14.05760783352255
 21
-10.7561225285958
 31
0.0
  0
LINE
  5
4D3
330
83
100
AcDbEntity
  8
Edges
100
AcDbLine
 10
13.63340861268018
 20
-11.15601280828353
 30
0.0
 11
13.58076133793629
 21
-10.756123527151
 31
0.0
  0
LINE
  5
4D4
330
83
100
AcDbEntity
  8
Edges
100
AcDbLine
 10
13.63340529876291
 20
-10.35624647306543
 30
0.0
 11
13.78775292911584
 21
-9.983613915362163
 31
0.0
  0
LINE
  5
4D5
330
83
100
AcDbEntity
  8
Edges
100
AcDbLine
 10
13.58076133793629
 20
-10.756123527151
 30
0.0
 11
13.63340529876291
 21
-10.35624647306543
 31
0.0
  0
LINE
  5
4D6
330
83
100
AcDbEntity
  8
Edges
100
AcDbLine
 10
14.05760783352255
 20
-10.7561225285958
 30
0.0
 11
14.094004467378
 21
-10.47967495224378
 31
0.0
  0
LINE
  5
4D7
330
83
100
AcDbEntity
  8
Edges
100
AcDbLine
 10
13.78775292911584
 20
-9.983613915362163
 30
0.0
 11
14.03328566711144
 21
-9.663626645841308
 31
0.0
  0
LINE
  5
4D8
330
83
100
AcDbEntity
  8
Edges
100
AcDbLine
 10
14.094004467378
 20
-10.47967495224378
 30
0.0
 11
14.20071733341274
 21
-10.22203448107259
 31
0.0
  0
LINE
  5
4D9
330
83
100
AcDbEntity
  8
Edges
100
AcDbLine
 10
14.20071733341274
 20
-10.22203448107259
 30
0.0
 11
14.37046788649766
 21
-10.00080501233815
 31
0.0
  0
LINE
  5
4DA
330
83
100
AcDbEntity
  8
Edges
100
AcDbLine
 10
15.5709443154852
 20
-3.069720688845535
 30
0.0
 11
16.12982957669295
 21
-3.069720688845535
 31
0.0
  0
LINE
  5
4DB
330
83
100
AcDbEntity
  8
Edges
100
AcDbLine
 10
15.5709443154852
 20
-1.818724430454912
 30
0.0
 11
15.5709443154852
 21
-2.838637839163167
 31
0.0
  0
LINE
  5
4DC
330
83
100
AcDbEntity
  8
Edges
100
AcDbLine
 10
15.5709443154852
 20
-2.840704599875051
 30
0.0
 11
15.5709443154852
 21
-2.842755346995559
 31
0.0
  0
LINE
  5
4DD
330
83
100
AcDbEntity
  8
Edges
100
AcDbLine
 10
15.5709443154852
 20
-2.919820508122924
 30
0.0
 11
15.5709443154852
 21
-2.961190955469049
 31
0.0
  0
LINE
  5
4DE
330
83
100
AcDbEntity
  8
Edges
100
AcDbLine
 10
15.5709443154852
 20
-2.961190955469049
 30
0.0
 11
20.07094431548521
 21
-2.961190955469049
 31
0.0
  0
LINE
  5
4DF
330
83
100
AcDbEntity
  8
Edges
100
AcDbLine
 10
20.07094431548521
 20
-2.961190955469049
 30
0.0
 11
20.07094431548521
 21
-1.818724430454983
 31
0.0
  0
LINE
  5
4E0
330
83
100
AcDbEntity
  8
Edges
100
AcDbLine
 10
16.69894657150482
 20
-0.930024745126218
 30
0.0
 11
16.69247049440111
 21
-0.930024745126218
 31
0.0
  0
LINE
  5
4E1
330
83
100
AcDbEntity
  8
Edges
100
AcDbLine
 10
15.5709443154852
 20
-3.069720688845535
 30
0.0
 11
15.5709443154852
 21
-2.961190955469049
 31
0.0
  0
LINE
  5
4E2
330
83
100
AcDbEntity
  8
Edges
100
AcDbLine
 10
20.07094431548521
 20
-3.091426635520832
 30
0.0
 11
20.07094431548521
 21
-2.961190955469049
 31
0.0
  0
LINE
  5
4E3
330
83
100
AcDbEntity
  8
Edges
100
AcDbLine
 10
16.30126882747925
 20
-0.3746906022878988
 30
0.0
 11
-2.140510412987339
 21
-0.3746906022878988
 31
0.0
  0
LINE
  5
4E4
330
83
100
AcDbEntity
  8
Edges
100
AcDbLine
 10
-2.614844159826731
 20
-0.3746906022878988
 30
0.0
 11
-2.621651372636094
 21
-0.3746906022878988
 31
0.0
  0
LINE
  5
4E5
330
83
100
AcDbEntity
  8
Edges
100
AcDbLine
 10
-2.638085438122416
 20
-0.3746906022878988
 30
0.0
 11
-2.646592336395059
 21
-0.3746906022878988
 31
0.0
  0
LINE
  5
4E6
330
83
100
AcDbEntity
  8
Edges
100
AcDbLine
 10
-2.654519503608739
 20
-0.3746906022878988
 30
0.0
 11
-2.661326716418102
 21
-0.3746906022878988
 31
0.0
  0
LINE
  5
4E7
330
83
100
AcDbEntity
  8
Edges
100
AcDbLine
 10
-2.905435412987344
 20
-0.3746906022878988
 30
0.0
 11
-16.14897508357165
 21
-0.3746906022878988
 31
0.0
  0
LINE
  5
4E8
330
83
100
AcDbEntity
  8
Edges
100
AcDbLine
 10
-16.37315097236214
 20
-0.3746906022878988
 30
0.0
 11
-16.37962704946587
 21
-0.3746906022878988
 31
0.0
  0
LINE
  5
4E9
330
83
100
AcDbEntity
  8
Edges
100
AcDbLine
 10
-16.38806683746392
 20
-0.3746906022878988
 30
0.0
 11
-16.3930837801409
 21
-0.3746906022878988
 31
0.0
  0
LINE
  5
4EA
330
83
100
AcDbEntity
  8
Edges
100
AcDbLine
 10
-16.39989099295025
 20
-0.3746906022878988
 30
0.0
 11
-16.40781816016394
 21
-0.3746906022878988
 31
0.0
  0
LINE
  5
4EB
330
83
100
AcDbEntity
  8
Edges
100
AcDbLine
 10
16.30126882747925
 20
-0.3746906022878988
 30
0.0
 11
16.30126882747925
 21
-0.4557223914657201
 31
0.0
  0
LINE
  5
4EC
330
83
100
AcDbEntity
  8
Edges
100
AcDbLine
 10
16.12982957669295
 20
-3.091426635520832
 30
0.0
 11
20.07094431548521
 21
-3.091426635520832
 31
0.0
  0
LINE
  5
4ED
330
83
100
AcDbEntity
  8
Edges
100
AcDbLine
 10
16.12982957669295
 20
-3.588502690043135
 30
0.0
 11
16.12982957669295
 21
-3.610208636718432
 31
0.0
  0
LINE
  5
4EE
330
83
100
AcDbEntity
  8
Edges
100
AcDbLine
 10
-16.82005709933284
 20
-0.475594743020892
 30
0.0
 11
-16.82005709933284
 21
-1.377932533167352
 31
0.0
  0
LINE
  5
4EF
330
83
100
AcDbEntity
  8
Edges
100
AcDbLine
 10
-17.44505709933284
 20
-1.818724430454392
 30
0.0
 11
-17.44505709933284
 21
-2.528957795075754
 31
0.0
  0
LINE
  5
4F0
330
83
100
AcDbEntity
  8
Edges
100
AcDbLine
 10
-17.44505709933284
 20
-2.528957795075754
 30
0.0
 11
-16.82005709933284
 21
-2.528957795075754
 31
0.0
  0
LINE
  5
4F1
330
83
100
AcDbEntity
  8
Edges
100
AcDbLine
 10
-16.82005709933284
 20
-3.588502690043135
 30
0.0
 11
16.12982957669295
 21
-3.588502690043135
 31
0.0
  0
LINE
  5
4F2
330
83
100
AcDbEntity
  8
Edges
100
AcDbLine
 10
-17.44505709933284
 20
-2.550663741751051
 30
0.0
 11
-16.82005709933284
 21
-2.550663741751051
 31
0.0
  0
LINE
  5
4F3
330
83
100
AcDbEntity
  8
Edges
100
AcDbLine
 10
-16.82005709933284
 20
-3.588502690043135
 30
0.0
 11
-16.82005709933284
 21
-3.610208636718432
 31
0.0
  0
LINE
  5
4F4
330
83
100
AcDbEntity
  8
Edges
100
AcDbLine
 10
-16.82005709933284
 20
-2.528957795075754
 30
0.0
 11
-16.82005709933284
 21
-2.550663741751051
 31
0.0
  0
LINE
  5
4F5
330
83
100
AcDbEntity
  8
Edges
100
AcDbLine
 10
-17.44505709933284
 20
-2.528957795075754
 30
0.0
 11
-17.44505709933284
 21
-2.550663741751051
 31
0.0
  0
LINE
  5
4F6
330
83
100
AcDbEntity
  8
Edges
100
AcDbLine
 10
-16.82005709933284
 20
-3.610208636718432
 30
0.0
 11
16.12982957669295
 21
-3.610208636718432
 31
0.0
  0
LINE
  5
4F7
330
83
100
AcDbEntity
  8
Edges
100
AcDbLine
 10
9.46382381324453
 20
-9.983602704960709
 30
0.0
 11
9.618174531472874
 21
-10.35623388709208
 31
0.0
  0
LINE
  5
4F8
330
83
100
AcDbEntity
  8
Edges
100
AcDbLine
 10
7.033294820365085
 20
-11.8486293730726
 30
0.0
 11
6.787759401443139
 21
-11.52864416069851
 31
0.0
  0
LINE
  5
4F9
330
83
100
AcDbEntity
  8
Edges
100
AcDbLine
 10
9.218297547578018
 20
-11.84862021981814
 30
0.0
 11
8.898312335206739
 21
-12.09415563874225
 31
0.0
  0
LINE
  5
4FA
330
83
100
AcDbEntity
  8
Edges
100
AcDbLine
 10
8.88112318269664
 20
-11.51144125820366
 30
0.0
 11
8.659895497957791
 21
-11.68119670361136
 31
0.0
  0
LINE
  5
4FB
330
83
100
AcDbEntity
  8
Edges
100
AcDbLine
 10
8.898312335206739
 20
-12.09415563874225
 30
0.0
 11
8.525681111882491
 21
-12.24850637403616
 31
0.0
  0
LINE
  5
4FC
330
83
100
AcDbEntity
  8
Edges
100
AcDbLine
 10
9.670821828636093
 20
-10.75612333851357
 30
0.0
 11
9.618177845391585
 21
-11.15600056288275
 31
0.0
  0
LINE
  5
4FD
330
83
100
AcDbEntity
  8
Edges
100
AcDbLine
 10
9.193980417082926
 20
-10.75612433772891
 30
0.0
 11
9.157582452047137
 21
-11.03259880516419
 31
0.0
  0
LINE
  5
4FE
330
83
100
AcDbEntity
  8
Edges
100
AcDbLine
 10
9.618174531472874
 20
-10.35623388709208
 30
0.0
 11
9.670821828636093
 21
-10.75612333851357
 31
0.0
  0
LINE
  5
4FF
330
83
100
AcDbEntity
  8
Edges
100
AcDbLine
 10
9.15757978651645
 20
-10.47963857354052
 30
0.0
 11
9.193980417082926
 21
-10.75612433772891
 31
0.0
  0
LINE
  5
500
330
83
100
AcDbEntity
  8
Edges
100
AcDbLine
 10
9.157582452047137
 20
-11.03259880516419
 30
0.0
 11
9.050876774595039
 21
-11.29021215121631
 31
0.0
  0
LINE
  5
501
330
83
100
AcDbEntity
  8
Edges
100
AcDbLine
 10
9.463830285573806
 20
-11.52863295029706
 30
0.0
 11
9.218297547578018
 21
-11.84862021981814
 31
0.0
  0
LINE
  5
502
330
83
100
AcDbEntity
  8
Edges
100
AcDbLine
 10
9.050876774595039
 20
-11.29021215121631
 30
0.0
 11
8.88112318269664
 21
-11.51144125820366
 31
0.0
  0
LINE
  5
503
330
83
100
AcDbEntity
  8
Edges
100
AcDbLine
 10
9.618177845391585
 20
-11.15600056288275
 30
0.0
 11
9.463830285573806
 21
-11.52863295029706
 31
0.0
  0
LINE
  5
504
330
83
100
AcDbEntity
  8
Edges
100
AcDbLine
 10
7.849336681134928
 20
-11.78791225067712
 30
0.0
 11
7.591710310612981
 21
-11.68120117837502
 31
0.0
  0
LINE
  5
505
330
83
100
AcDbEntity
  8
Edges
100
AcDbLine
 10
7.353282089883379
 20
-12.09416211107055
 30
0.0
 11
7.033294820365085
 21
-11.8486293730726
 31
0.0
  0
LINE
  5
506
330
83
100
AcDbEntity
  8
Edges
100
AcDbLine
 10
8.12579807967262
 20
-12.30115367816624
 30
0.0
 11
7.725914606384279
 21
-12.24850972435982
 31
0.0
  0
LINE
  5
507
330
83
100
AcDbEntity
  8
Edges
100
AcDbLine
 10
8.659895497957791
 20
-11.68119670361136
 30
0.0
 11
8.4022700214974
 21
-11.787909934369
 31
0.0
  0
LINE
  5
508
330
83
100
AcDbEntity
  8
Edges
100
AcDbLine
 10
8.525681111882491
 20
-12.24850637403616
 30
0.0
 11
8.12579807967262
 21
-12.30115367816624
 31
0.0
  0
LINE
  5
509
330
83
100
AcDbEntity
  8
Edges
100
AcDbLine
 10
8.4022700214974
 20
-11.787909934369
 30
0.0
 11
8.125803503790038
 21
-11.82430862015241
 31
0.0
  0
LINE
  5
50A
330
83
100
AcDbEntity
  8
Edges
100
AcDbLine
 10
8.12578513501603
 20
-9.211093187493545
 30
0.0
 11
8.525668608304073
 21
-9.26373714129993
 31
0.0
  0
LINE
  5
50B
330
83
100
AcDbEntity
  8
Edges
100
AcDbLine
 10
8.525668608304073
 20
-9.26373714129993
 30
0.0
 11
8.898301124804703
 21
-9.418084754589088
 31
0.0
  0
LINE
  5
50C
330
83
100
AcDbEntity
  8
Edges
100
AcDbLine
 10
8.898301124804703
 20
-9.418084754589088
 30
0.0
 11
9.218288394322755
 21
-9.663617492586849
 31
0.0
  0
LINE
  5
50D
330
83
100
AcDbEntity
  8
Edges
100
AcDbLine
 10
9.218288394322755
 20
-9.663617492586849
 30
0.0
 11
9.46382381324453
 21
-9.983602704960709
 31
0.0
  0
LINE
  5
50E
330
83
100
AcDbEntity
  8
Edges
100
AcDbLine
 10
7.725914606384279
 20
-12.24850972435982
 30
0.0
 11
7.353282089883379
 21
-12.09416211107055
 31
0.0
  0
LINE
  5
50F
330
83
100
AcDbEntity
  8
Edges
100
AcDbLine
 10
8.125803503790038
 20
-11.82430862015241
 30
0.0
 11
7.849336681134928
 21
-11.78791225067712
 31
0.0
  0
LINE
  5
510
330
83
100
AcDbEntity
  8
Edges
100
AcDbLine
 10
8.402261376871152
 20
-9.724334615093489
 30
0.0
 11
8.659887747349614
 21
-9.831045687377573
 31
0.0
  0
LINE
  5
511
330
83
100
AcDbEntity
  8
Edges
100
AcDbLine
 10
8.659887747349614
 20
-9.831045687377573
 30
0.0
 11
8.881116854297687
 21
-10.00079927924881
 31
0.0
  0
LINE
  5
512
330
83
100
AcDbEntity
  8
Edges
100
AcDbLine
 10
8.881116854297687
 20
-10.00079927924881
 30
0.0
 11
9.050872299675233
 21
-10.22202696395227
 31
0.0
  0
LINE
  5
513
330
83
100
AcDbEntity
  8
Edges
100
AcDbLine
 10
9.050872299675233
 20
-10.22202696395227
 30
0.0
 11
9.15757978651645
 21
-10.47963857354052
 31
0.0
  0
LINE
  5
514
330
83
100
AcDbEntity
  8
Edges
100
AcDbLine
 10
8.125794554262697
 20
-9.687938245624343
 30
0.0
 11
8.402261376871152
 21
-9.724334615093489
 31
0.0
  0
LINE
  5
515
330
83
100
AcDbEntity
  8
Edges
100
AcDbLine
 10
7.033285667111442
 20
-9.663626645841308
 30
0.0
 11
7.353270879482494
 21
-9.418091226917386
 31
0.0
  0
LINE
  5
516
330
83
100
AcDbEntity
  8
Edges
100
AcDbLine
 10
7.370467886497664
 20
-10.00080501233815
 30
0.0
 11
7.591695745532007
 21
-9.831049433187665
 31
0.0
  0
LINE
  5
517
330
83
100
AcDbEntity
  8
Edges
100
AcDbLine
 10
7.725902102806458
 20
-9.26374049162359
 30
0.0
 11
8.12578513501603
 21
-9.211093187493545
 31
0.0
  0
LINE
  5
518
330
83
100
AcDbEntity
  8
Edges
100
AcDbLine
 10
7.849321424964074
 20
-9.724336118355395
 30
0.0
 11
8.125794554262697
 21
-9.687938245624343
 31
0.0
  0
LINE
  5
519
330
83
100
AcDbEntity
  8
Edges
100
AcDbLine
 10
7.353270879482494
 20
-9.418091226917386
 30
0.0
 11
7.725902102806458
 21
-9.26374049162359
 31
0.0
  0
LINE
  5
51A
330
83
100
AcDbEntity
  8
Edges
100
AcDbLine
 10
7.591695745532007
 20
-9.831049433187665
 30
0.0
 11
7.849321424964074
 21
-9.724336118355395
 31
0.0
  0
LINE
  5
51B
330
83
100
AcDbEntity
  8
Edges
100
AcDbLine
 10
7.591710310612981
 20
-11.68120117837502
 30
0.0
 11
7.370477327677093
 21
-11.51144791652847
 31
0.0
  0
LINE
  5
51C
330
83
100
AcDbEntity
  8
Edges
100
AcDbLine
 10
7.370477327677093
 20
-11.51144791652847
 30
0.0
 11
7.200725758221366
 21
-11.29021990173433
 31
0.0
  0
LINE
  5
51D
330
83
100
AcDbEntity
  8
Edges
100
AcDbLine
 10
6.787759401443139
 20
-11.52864416069851
 30
0.0
 11
6.63340861268017
 21
-11.15601280828353
 31
0.0
  0
LINE
  5
51E
330
83
100
AcDbEntity
  8
Edges
100
AcDbLine
 10
7.200725758221366
 20
-11.29021990173433
 30
0.0
 11
7.094007132683387
 21
-11.03258140127192
 31
0.0
  0
LINE
  5
51F
330
83
100
AcDbEntity
  8
Edges
100
AcDbLine
 10
7.094007132683387
 20
-11.03258140127192
 30
0.0
 11
7.057607833522538
 21
-10.7561225285958
 31
0.0
  0
LINE
  5
520
330
83
100
AcDbEntity
  8
Edges
100
AcDbLine
 10
6.63340861268017
 20
-11.15601280828353
 30
0.0
 11
6.58076133793628
 21
-10.756123527151
 31
0.0
  0
LINE
  5
521
330
83
100
AcDbEntity
  8
Edges
100
AcDbLine
 10
6.633405298762895
 20
-10.35624647306543
 30
0.0
 11
6.787752929115839
 21
-9.983613915362163
 31
0.0
  0
LINE
  5
522
330
83
100
AcDbEntity
  8
Edges
100
AcDbLine
 10
6.58076133793628
 20
-10.756123527151
 30
0.0
 11
6.633405298762895
 21
-10.35624647306543
 31
0.0
  0
LINE
  5
523
330
83
100
AcDbEntity
  8
Edges
100
AcDbLine
 10
7.057607833522538
 20
-10.7561225285958
 30
0.0
 11
7.094004467377999
 21
-10.47967495224378
 31
0.0
  0
LINE
  5
524
330
83
100
AcDbEntity
  8
Edges
100
AcDbLine
 10
6.787752929115839
 20
-9.983613915362163
 30
0.0
 11
7.033285667111442
 21
-9.663626645841308
 31
0.0
  0
LINE
  5
525
330
83
100
AcDbEntity
  8
Edges
100
AcDbLine
 10
7.094004467377999
 20
-10.47967495224378
 30
0.0
 11
7.200717333412725
 21
-10.22203448107259
 31
0.0
  0
LINE
  5
526
330
83
100
AcDbEntity
  8
Edges
100
AcDbLine
 10
7.200717333412725
 20
-10.22203448107259
 30
0.0
 11
7.370467886497664
 21
-10.00080501233815
 31
0.0
  0
LINE
  5
527
330
83
100
AcDbEntity
  8
Edges
100
AcDbLine
 10
-13.44720612550878
 20
-8.423871369014335
 30
0.0
 11
-13.44225953930189
 21
-8.438549825910886
 31
0.0
  0
LINE
  5
528
330
83
100
AcDbEntity
  8
Edges
100
AcDbLine
 10
-13.5248460220605
 20
-8.42874626556606
 30
0.0
 11
-13.54370040137084
 21
-8.428244437979856
 31
0.0
  0
LINE
  5
529
330
83
100
AcDbEntity
  8
Edges
100
AcDbLine
 10
-13.31703563412947
 20
-8.481671153497092
 30
0.0
 11
-13.31099578068119
 21
-8.477997058669512
 31
0.0
  0
LINE
  5
52A
330
83
100
AcDbEntity
  8
Edges
100
AcDbLine
 10
-13.5048266858536
 20
-8.389227343152267
 30
0.0
 11
-13.49014822895705
 21
-8.391754403497094
 31
0.0
  0
LINE
  5
52B
330
83
100
AcDbEntity
  8
Edges
100
AcDbLine
 10
-13.54757164275016
 20
-8.492191610393643
 30
0.0
 11
-13.53323371171567
 21
-8.492048231083302
 31
0.0
  0
LINE
  5
52C
330
83
100
AcDbEntity
  8
Edges
100
AcDbLine
 10
-13.41193481516394
 20
-8.388384989703993
 30
0.0
 11
-13.32605060826739
 21
-8.388384989703993
 31
0.0
  0
LINE
  5
52D
330
83
100
AcDbEntity
  8
Edges
100
AcDbLine
 10
-13.35859771171567
 20
-8.427670920738471
 30
0.0
 11
-13.35859771171567
 21
-8.485166024186749
 31
0.0
  0
LINE
  5
52E
330
83
100
AcDbEntity
  8
Edges
100
AcDbLine
 10
-13.34325612550877
 20
-8.485166024186749
 30
0.0
 11
-13.32425836688809
 21
-8.483803920738473
 31
0.0
  0
LINE
  5
52F
330
83
100
AcDbEntity
  8
Edges
100
AcDbLine
 10
-13.01122548757774
 20
-8.541442403497095
 30
0.0
 11
-13.01987305223291
 21
-8.560422239703992
 31
0.0
  0
LINE
  5
530
330
83
100
AcDbEntity
  8
Edges
100
AcDbLine
 10
-13.27988247033636
 20
-8.601876782807437
 30
0.0
 11
-13.33938488412947
 21
-8.523591679359165
 31
0.0
  0
LINE
  5
531
330
83
100
AcDbEntity
  8
Edges
100
AcDbLine
 10
-13.49566833240533
 20
-8.457063679359164
 30
0.0
 11
-13.49674367723291
 21
-8.4486580672902
 31
0.0
  0
LINE
  5
532
330
83
100
AcDbEntity
  8
Edges
100
AcDbLine
 10
-12.78665764275016
 20
-8.555780334531577
 30
0.0
 11
-12.78375421171567
 21
-8.550708291428129
 31
0.0
  0
LINE
  5
533
330
83
100
AcDbEntity
  8
Edges
100
AcDbLine
 10
-12.83884771171567
 20
-8.564920765566061
 30
0.0
 11
-12.82035178068119
 21
-8.566748851772956
 31
0.0
  0
LINE
  5
534
330
83
100
AcDbEntity
  8
Edges
100
AcDbLine
 10
-12.89820674619844
 20
-8.538503127635026
 30
0.0
 11
-12.89333184964671
 21
-8.538503127635026
 31
0.0
  0
LINE
  5
535
330
83
100
AcDbEntity
  8
Edges
100
AcDbLine
 10
-13.5123720220605
 20
-8.488248679359166
 30
0.0
 11
-13.50498798757775
 21
-8.483588851772955
 31
0.0
  0
LINE
  5
536
330
83
100
AcDbEntity
  8
Edges
100
AcDbLine
 10
-13.50498798757775
 20
-8.483588851772955
 30
0.0
 11
-13.49760395309498
 21
-8.472548644876408
 31
0.0
  0
LINE
  5
537
330
83
100
AcDbEntity
  8
Edges
100
AcDbLine
 10
-13.26970253930187
 20
-8.500525532807438
 30
0.0
 11
-13.28633453930187
 21
-8.511117679359163
 31
0.0
  0
LINE
  5
538
330
83
100
AcDbEntity
  8
Edges
100
AcDbLine
 10
-13.53323371171567
 20
-8.492048231083302
 30
0.0
 11
-13.52147660826739
 21
-8.491044575910889
 31
0.0
  0
LINE
  5
539
330
83
100
AcDbEntity
  8
Edges
100
AcDbLine
 10
-13.52205012550877
 20
-8.388384989703993
 30
0.0
 11
-13.5048266858536
 21
-8.389227343152267
 31
0.0
  0
LINE
  5
53A
330
83
100
AcDbEntity
  8
Edges
100
AcDbLine
 10
-12.82063853930188
 20
-8.605748024186752
 30
0.0
 11
-12.84366884102601
 21
-8.604565144876406
 31
0.0
  0
LINE
  5
53B
330
83
100
AcDbEntity
  8
Edges
100
AcDbLine
 10
-12.80044445956051
 20
-8.604538261255711
 30
0.0
 11
-12.82063853930188
 21
-8.605748024186752
 31
0.0
  0
LINE
  5
53C
330
83
100
AcDbEntity
  8
Edges
100
AcDbLine
 10
-12.78244587550878
 20
-8.600908972462612
 30
0.0
 11
-12.80044445956051
 21
-8.604538261255711
 31
0.0
  0
LINE
  5
53D
330
83
100
AcDbEntity
  8
Edges
100
AcDbLine
 10
-12.76664278714671
 20
-8.594860157807442
 30
0.0
 11
-12.78244587550878
 21
-8.600908972462612
 31
0.0
  0
LINE
  5
53E
330
83
100
AcDbEntity
  8
Edges
100
AcDbLine
 10
-12.75303519447429
 20
-8.586391817290198
 30
0.0
 11
-12.76664278714671
 21
-8.594860157807442
 31
0.0
  0
LINE
  5
53F
330
83
100
AcDbEntity
  8
Edges
100
AcDbLine
 10
-12.74208908025015
 20
-8.575934088841922
 30
0.0
 11
-12.75303519447429
 21
-8.586391817290198
 31
0.0
  0
LINE
  5
540
330
83
100
AcDbEntity
  8
Edges
100
AcDbLine
 10
-12.73427042723291
 20
-8.563917110393646
 30
0.0
 11
-12.74208908025015
 21
-8.575934088841922
 31
0.0
  0
LINE
  5
541
330
83
100
AcDbEntity
  8
Edges
100
AcDbLine
 10
-12.72957923542257
 20
-8.550340881945372
 30
0.0
 11
-12.73427042723291
 21
-8.563917110393646
 31
0.0
  0
LINE
  5
542
330
83
100
AcDbEntity
  8
Edges
100
AcDbLine
 10
-12.72801550481913
 20
-8.535205403497096
 30
0.0
 11
-12.72957923542257
 21
-8.550340881945372
 31
0.0
  0
LINE
  5
543
330
83
100
AcDbEntity
  8
Edges
100
AcDbLine
 10
-12.73072178930188
 20
-8.515150222462613
 30
0.0
 11
-12.72801550481913
 21
-8.535205403497096
 31
0.0
  0
LINE
  5
544
330
83
100
AcDbEntity
  8
Edges
100
AcDbLine
 10
-12.73410464490533
 20
-8.506749090997097
 30
0.0
 11
-12.73072178930188
 21
-8.515150222462613
 31
0.0
  0
LINE
  5
545
330
83
100
AcDbEntity
  8
Edges
100
AcDbLine
 10
-12.73884064275016
 20
-8.499432265566062
 30
0.0
 11
-12.73410464490533
 21
-8.506749090997097
 31
0.0
  0
LINE
  5
546
330
83
100
AcDbEntity
  8
Edges
100
AcDbLine
 10
-12.7525154444743
 20
-8.487262946600544
 30
0.0
 11
-12.73884064275016
 21
-8.499432265566062
 31
0.0
  0
LINE
  5
547
330
83
100
AcDbEntity
  8
Edges
100
AcDbLine
 10
-12.77188957378465
 20
-8.47785367935916
 30
0.0
 11
-12.7525154444743
 21
-8.487262946600544
 31
0.0
  0
LINE
  5
548
330
83
100
AcDbEntity
  8
Edges
100
AcDbLine
 10
-12.79318140137084
 20
-8.471544989703989
 30
0.0
 11
-12.77188957378465
 21
-8.47785367935916
 31
0.0
  0
LINE
  5
549
330
83
100
AcDbEntity
  8
Edges
100
AcDbLine
 10
-12.81389971171568
 20
-8.466813472462614
 30
0.0
 11
-12.79318140137084
 21
-8.471544989703989
 31
0.0
  0
LINE
  5
54A
330
83
100
AcDbEntity
  8
Edges
100
AcDbLine
 10
-12.82782542723291
 20
-8.46270923970399
 30
0.0
 11
-12.81389971171568
 21
-8.466813472462614
 31
0.0
  0
LINE
  5
54B
330
83
100
AcDbEntity
  8
Edges
100
AcDbLine
 10
-12.83633857378464
 20
-8.458139024186753
 30
0.0
 11
-12.82782542723291
 21
-8.46270923970399
 31
0.0
  0
LINE
  5
54C
330
83
100
AcDbEntity
  8
Edges
100
AcDbLine
 10
-12.84069372033636
 20
-8.45249346384192
 30
0.0
 11
-12.83633857378464
 21
-8.458139024186753
 31
0.0
  0
LINE
  5
54D
330
83
100
AcDbEntity
  8
Edges
100
AcDbLine
 10
-12.84214543585361
 20
-8.445163196600544
 30
0.0
 11
-12.84069372033636
 21
-8.45249346384192
 31
0.0
  0
LINE
  5
54E
330
83
100
AcDbEntity
  8
Edges
100
AcDbLine
 10
-12.84123139275016
 20
-8.439840239703988
 30
0.0
 11
-12.84214543585361
 21
-8.445163196600544
 31
0.0
  0
LINE
  5
54F
330
83
100
AcDbEntity
  8
Edges
100
AcDbLine
 10
-12.83848926343981
 20
-8.435054955221232
 30
0.0
 11
-12.84123139275016
 21
-8.439840239703988
 31
0.0
  0
LINE
  5
550
330
83
100
AcDbEntity
  8
Edges
100
AcDbLine
 10
-12.82981481516396
 20
-8.428244437979856
 30
0.0
 11
-12.83848926343981
 21
-8.435054955221232
 31
0.0
  0
LINE
  5
551
330
83
100
AcDbEntity
  8
Edges
100
AcDbLine
 10
-12.81805771171568
 20
-8.424373196600541
 30
0.0
 11
-12.82981481516396
 21
-8.428244437979856
 31
0.0
  0
LINE
  5
552
330
83
100
AcDbEntity
  8
Edges
100
AcDbLine
 10
-12.80544033240532
 20
-8.423369541428131
 30
0.0
 11
-12.81805771171568
 21
-8.424373196600541
 31
0.0
  0
LINE
  5
553
330
83
100
AcDbEntity
  8
Edges
100
AcDbLine
 10
-12.78760753068118
 20
-8.425125937979853
 30
0.0
 11
-12.80544033240532
 21
-8.423369541428131
 31
0.0
  0
LINE
  5
554
330
83
100
AcDbEntity
  8
Edges
100
AcDbLine
 10
-12.77024071171567
 20
-8.430395127635026
 30
0.0
 11
-12.78760753068118
 21
-8.425125937979853
 31
0.0
  0
LINE
  5
555
330
83
100
AcDbEntity
  8
Edges
100
AcDbLine
 10
-12.75441522033637
 20
-8.438209300048818
 30
0.0
 11
-12.77024071171567
 21
-8.430395127635026
 31
0.0
  0
LINE
  5
556
330
83
100
AcDbEntity
  8
Edges
100
AcDbLine
 10
-12.74120640137084
 20
-8.447600644876406
 30
0.0
 11
-12.75441522033637
 21
-8.438209300048818
 31
0.0
  0
LINE
  5
557
330
83
100
AcDbEntity
  8
Edges
100
AcDbLine
 10
-12.73647488412946
 20
-8.447600644876406
 30
0.0
 11
-12.74120640137084
 21
-8.447600644876406
 31
0.0
  0
LINE
  5
558
330
83
100
AcDbEntity
  8
Edges
100
AcDbLine
 10
-12.73647488412946
 20
-8.398851679359161
 30
0.0
 11
-12.73647488412946
 21
-8.447600644876406
 31
0.0
  0
LINE
  5
559
330
83
100
AcDbEntity
  8
Edges
100
AcDbLine
 10
-12.75237206516395
 20
-8.392937282807441
 30
0.0
 11
-12.73647488412946
 21
-8.398851679359161
 31
0.0
  0
LINE
  5
55A
330
83
100
AcDbEntity
  8
Edges
100
AcDbLine
 10
-12.77024071171567
 20
-8.388384989703993
 30
0.0
 11
-12.75237206516395
 21
-8.392937282807441
 31
0.0
  0
LINE
  5
55B
330
83
100
AcDbEntity
  8
Edges
100
AcDbLine
 10
-12.78914885826739
 20
-8.385481558669511
 30
0.0
 11
-12.77024071171567
 21
-8.388384989703993
 31
0.0
  0
LINE
  5
55C
330
83
100
AcDbEntity
  8
Edges
100
AcDbLine
 10
-12.80816453930188
 20
-8.384513748324678
 30
0.0
 11
-12.78914885826739
 21
-8.385481558669511
 31
0.0
  0
LINE
  5
55D
330
83
100
AcDbEntity
  8
Edges
100
AcDbLine
 10
-12.82637371171567
 20
-8.385674224617783
 30
0.0
 11
-12.80816453930188
 21
-8.384513748324678
 31
0.0
  0
LINE
  5
55E
330
83
100
AcDbEntity
  8
Edges
100
AcDbLine
 10
-12.84300571171568
 20
-8.389155653497093
 30
0.0
 11
-12.82637371171567
 21
-8.385674224617783
 31
0.0
  0
LINE
  5
55F
330
83
100
AcDbEntity
  8
Edges
100
AcDbLine
 10
-12.85806053930189
 20
-8.394958034962613
 30
0.0
 11
-12.84300571171568
 21
-8.389155653497093
 31
0.0
  0
LINE
  5
560
330
83
100
AcDbEntity
  8
Edges
100
AcDbLine
 10
-12.8715381944743
 20
-8.403081369014339
 30
0.0
 11
-12.85806053930189
 21
-8.394958034962613
 31
0.0
  0
LINE
  5
561
330
83
100
AcDbEntity
  8
Edges
100
AcDbLine
 10
-12.88264112981912
 20
-8.413077595307441
 30
0.0
 11
-12.8715381944743
 21
-8.403081369014339
 31
0.0
  0
LINE
  5
562
330
83
100
AcDbEntity
  8
Edges
100
AcDbLine
 10
-12.89057179792257
 20
-8.424498653497092
 30
0.0
 11
-12.88264112981912
 21
-8.413077595307441
 31
0.0
  0
LINE
  5
563
330
83
100
AcDbEntity
  8
Edges
100
AcDbLine
 10
-12.89533019878463
 20
-8.437344543583304
 30
0.0
 11
-12.89057179792257
 21
-8.424498653497092
 31
0.0
  0
LINE
  5
564
330
83
100
AcDbEntity
  8
Edges
100
AcDbLine
 10
-12.89691633240532
 20
-8.451615265566061
 30
0.0
 11
-12.89533019878463
 21
-8.437344543583304
 31
0.0
  0
LINE
  5
565
330
83
100
AcDbEntity
  8
Edges
100
AcDbLine
 10
-12.89422797033636
 20
-8.471975127635024
 30
0.0
 11
-12.89691633240532
 21
-8.451615265566061
 31
0.0
  0
LINE
  5
566
330
83
100
AcDbEntity
  8
Edges
100
AcDbLine
 10
-12.88616288412947
 20
-8.488607127635027
 30
0.0
 11
-12.89422797033636
 21
-8.471975127635024
 31
0.0
  0
LINE
  5
567
330
83
100
AcDbEntity
  8
Edges
100
AcDbLine
 10
-12.87990796171567
 20
-8.495614791428129
 30
0.0
 11
-12.88616288412947
 21
-8.488607127635027
 31
0.0
  0
LINE
  5
568
330
83
100
AcDbEntity
  8
Edges
100
AcDbLine
 10
-12.87189664275016
 20
-8.501869713841923
 30
0.0
 11
-12.87990796171567
 21
-8.495614791428129
 31
0.0
  0
LINE
  5
569
330
83
100
AcDbEntity
  8
Edges
100
AcDbLine
 10
-12.85060481516395
 20
-8.512121334531578
 30
0.0
 11
-12.87189664275016
 21
-8.501869713841923
 31
0.0
  0
LINE
  5
56A
330
83
100
AcDbEntity
  8
Edges
100
AcDbLine
 10
-12.82744905654326
 20
-8.518430024186748
 30
0.0
 11
-12.85060481516395
 21
-8.512121334531578
 31
0.0
  0
LINE
  5
56B
330
83
100
AcDbEntity
  8
Edges
100
AcDbLine
 10
-12.80414991861222
 20
-8.523878437979851
 30
0.0
 11
-12.82744905654326
 21
-8.518430024186748
 31
0.0
  0
LINE
  5
56C
330
83
100
AcDbEntity
  8
Edges
100
AcDbLine
 10
-12.79601314275015
 20
-8.526853558669511
 30
0.0
 11
-12.80414991861222
 21
-8.523878437979851
 31
0.0
  0
LINE
  5
56D
330
83
100
AcDbEntity
  8
Edges
100
AcDbLine
 10
-12.78909509102601
 20
-8.531190782807438
 30
0.0
 11
-12.79601314275015
 21
-8.526853558669511
 31
0.0
  0
LINE
  5
56E
330
83
100
AcDbEntity
  8
Edges
100
AcDbLine
 10
-12.78436357378464
 20
-8.536961800048818
 30
0.0
 11
-12.78909509102601
 21
-8.531190782807438
 31
0.0
  0
LINE
  5
56F
330
83
100
AcDbEntity
  8
Edges
100
AcDbLine
 10
-12.78278640137086
 20
-8.544238300048821
 30
0.0
 11
-12.78436357378464
 21
-8.536961800048818
 31
0.0
  0
LINE
  5
570
330
83
100
AcDbEntity
  8
Edges
100
AcDbLine
 10
-12.78375421171567
 20
-8.550708291428129
 30
0.0
 11
-12.78278640137086
 21
-8.544238300048821
 31
0.0
  0
LINE
  5
571
330
83
100
AcDbEntity
  8
Edges
100
AcDbLine
 10
-12.79612067723292
 20
-8.562590851772956
 30
0.0
 11
-12.78665764275016
 21
-8.555780334531577
 31
0.0
  0
LINE
  5
572
330
83
100
AcDbEntity
  8
Edges
100
AcDbLine
 10
-12.80823622895705
 20
-8.565745196600541
 30
0.0
 11
-12.79612067723292
 21
-8.562590851772956
 31
0.0
  0
LINE
  5
573
330
83
100
AcDbEntity
  8
Edges
100
AcDbLine
 10
-12.82035178068119
 20
-8.566748851772956
 30
0.0
 11
-12.80823622895705
 21
-8.565745196600541
 31
0.0
  0
LINE
  5
574
330
83
100
AcDbEntity
  8
Edges
100
AcDbLine
 10
-12.85791715999153
 20
-8.55943650694537
 30
0.0
 11
-12.83884771171567
 21
-8.564920765566061
 31
0.0
  0
LINE
  5
575
330
83
100
AcDbEntity
  8
Edges
100
AcDbLine
 10
-12.8764489358536
 20
-8.550546989703988
 30
0.0
 11
-12.85791715999153
 21
-8.55943650694537
 31
0.0
  0
LINE
  5
576
330
83
100
AcDbEntity
  8
Edges
100
AcDbLine
 10
-12.89333184964671
 20
-8.538503127635026
 30
0.0
 11
-12.8764489358536
 21
-8.550546989703988
 31
0.0
  0
LINE
  5
577
330
83
100
AcDbEntity
  8
Edges
100
AcDbLine
 10
-12.89820674619844
 20
-8.589259403497091
 30
0.0
 11
-12.89820674619844
 21
-8.538503127635026
 31
0.0
  0
LINE
  5
578
330
83
100
AcDbEntity
  8
Edges
100
AcDbLine
 10
-12.86372402206049
 20
-8.60101650694537
 30
0.0
 11
-12.89820674619844
 21
-8.589259403497091
 31
0.0
  0
LINE
  5
579
330
83
100
AcDbEntity
  8
Edges
100
AcDbLine
 10
-12.84366884102601
 20
-8.604565144876406
 30
0.0
 11
-12.86372402206049
 21
-8.60101650694537
 31
0.0
  0
LINE
  5
57A
330
83
100
AcDbEntity
  8
Edges
100
AcDbLine
 10
-13.31415012550877
 20
-8.430968644876404
 30
0.0
 11
-13.32533371171567
 21
-8.428244437979856
 31
0.0
  0
LINE
  5
57B
330
83
100
AcDbEntity
  8
Edges
100
AcDbLine
 10
-13.60492336688809
 20
-8.388384989703993
 30
0.0
 11
-13.52205012550877
 21
-8.388384989703993
 31
0.0
  0
LINE
  5
57C
330
83
100
AcDbEntity
  8
Edges
100
AcDbLine
 10
-13.35859771171567
 20
-8.601876782807437
 30
0.0
 11
-13.41193481516394
 21
-8.601876782807437
 31
0.0
  0
LINE
  5
57D
330
83
100
AcDbEntity
  8
Edges
100
AcDbLine
 10
-13.45516367723291
 20
-8.411809584531576
 30
0.0
 11
-13.44720612550878
 21
-8.423871369014335
 31
0.0
  0
LINE
  5
57E
330
83
100
AcDbEntity
  8
Edges
100
AcDbLine
 10
-13.30158651343981
 20
-8.446292308669509
 30
0.0
 11
-13.30389850481912
 21
-8.439929851772955
 31
0.0
  0
LINE
  5
57F
330
83
100
AcDbEntity
  8
Edges
100
AcDbLine
 10
-13.31099578068119
 20
-8.477997058669512
 30
0.0
 11
-13.30332498757774
 21
-8.468390644876402
 31
0.0
  0
LINE
  5
580
330
83
100
AcDbEntity
  8
Edges
100
AcDbLine
 10
-13.47736954792256
 20
-8.396109550048819
 30
0.0
 11
-13.46584543585361
 21
-8.402436162117783
 31
0.0
  0
LINE
  5
581
330
83
100
AcDbEntity
  8
Edges
100
AcDbLine
 10
-13.52147660826739
 20
-8.491044575910889
 30
0.0
 11
-13.5123720220605
 21
-8.488248679359166
 31
0.0
  0
LINE
  5
582
330
83
100
AcDbEntity
  8
Edges
100
AcDbLine
 10
-13.25196831085361
 20
-8.478601940135026
 30
0.0
 11
-13.25679840137084
 21
-8.486814886255714
 31
0.0
  0
LINE
  5
583
330
83
100
AcDbEntity
  8
Edges
100
AcDbLine
 10
-13.60492336688809
 20
-8.601876782807437
 30
0.0
 11
-13.60492336688809
 21
-8.388384989703993
 31
0.0
  0
LINE
  5
584
330
83
100
AcDbEntity
  8
Edges
100
AcDbLine
 10
-13.49674367723291
 20
-8.4486580672902
 30
0.0
 11
-13.49996971171568
 21
-8.441507024186748
 31
0.0
  0
LINE
  5
585
330
83
100
AcDbEntity
  8
Edges
100
AcDbLine
 10
-13.44061067723291
 20
-8.455773265566062
 30
0.0
 11
-13.44179355654326
 21
-8.470326265566061
 31
0.0
  0
LINE
  5
586
330
83
100
AcDbEntity
  8
Edges
100
AcDbLine
 10
-13.44225953930189
 20
-8.438549825910886
 30
0.0
 11
-13.44061067723291
 21
-8.455773265566062
 31
0.0
  0
LINE
  5
587
330
83
100
AcDbEntity
  8
Edges
100
AcDbLine
 10
-13.46584543585361
 20
-8.402436162117783
 30
0.0
 11
-13.45516367723291
 21
-8.411809584531576
 31
0.0
  0
LINE
  5
588
330
83
100
AcDbEntity
  8
Edges
100
AcDbLine
 10
-13.49014822895705
 20
-8.391754403497094
 30
0.0
 11
-13.47736954792256
 21
-8.396109550048819
 31
0.0
  0
LINE
  5
589
330
83
100
AcDbEntity
  8
Edges
100
AcDbLine
 10
-13.55129950481912
 20
-8.601876782807437
 30
0.0
 11
-13.60492336688809
 21
-8.601876782807437
 31
0.0
  0
LINE
  5
58A
330
83
100
AcDbEntity
  8
Edges
100
AcDbLine
 10
-13.55129950481912
 20
-8.532051058669505
 30
0.0
 11
-13.55129950481912
 21
-8.601876782807437
 31
0.0
  0
LINE
  5
58B
330
83
100
AcDbEntity
  8
Edges
100
AcDbLine
 10
-13.52319715999154
 20
-8.532051058669505
 30
0.0
 11
-13.55129950481912
 21
-8.532051058669505
 31
0.0
  0
LINE
  5
58C
330
83
100
AcDbEntity
  8
Edges
100
AcDbLine
 10
-13.50247884964671
 20
-8.530187127635027
 30
0.0
 11
-13.52319715999154
 21
-8.532051058669505
 31
0.0
  0
LINE
  5
58D
330
83
100
AcDbEntity
  8
Edges
100
AcDbLine
 10
-13.4853450220605
 20
-8.52502547246261
 30
0.0
 11
-13.50247884964671
 21
-8.530187127635027
 31
0.0
  0
LINE
  5
58E
330
83
100
AcDbEntity
  8
Edges
100
AcDbLine
 10
-13.47093540137085
 20
-8.516996231083302
 30
0.0
 11
-13.4853450220605
 21
-8.52502547246261
 31
0.0
  0
LINE
  5
58F
330
83
100
AcDbEntity
  8
Edges
100
AcDbLine
 10
-13.45896322895706
 20
-8.506672920738477
 30
0.0
 11
-13.47093540137085
 21
-8.516996231083302
 31
0.0
  0
LINE
  5
590
330
83
100
AcDbEntity
  8
Edges
100
AcDbLine
 10
-13.45111321171568
 20
-8.496528834531577
 30
0.0
 11
-13.45896322895706
 21
-8.506672920738477
 31
0.0
  0
LINE
  5
591
330
83
100
AcDbEntity
  8
Edges
100
AcDbLine
 10
-13.44534219447429
 20
-8.484162369014335
 30
0.0
 11
-13.45111321171568
 21
-8.496528834531577
 31
0.0
  0
LINE
  5
592
330
83
100
AcDbEntity
  8
Edges
100
AcDbLine
 10
-13.44179355654326
 20
-8.470326265566061
 30
0.0
 11
-13.44534219447429
 21
-8.484162369014335
 31
0.0
  0
LINE
  5
593
330
83
100
AcDbEntity
  8
Edges
100
AcDbLine
 10
-13.49760395309498
 20
-8.472548644876408
 30
0.0
 11
-13.49566833240533
 21
-8.457063679359164
 31
0.0
  0
LINE
  5
594
330
83
100
AcDbEntity
  8
Edges
100
AcDbLine
 10
-13.55129950481912
 20
-8.492191610393643
 30
0.0
 11
-13.54757164275016
 21
-8.492191610393643
 31
0.0
  0
LINE
  5
595
330
83
100
AcDbEntity
  8
Edges
100
AcDbLine
 10
-13.55129950481912
 20
-8.428244437979856
 30
0.0
 11
-13.55129950481912
 21
-8.492191610393643
 31
0.0
  0
LINE
  5
596
330
83
100
AcDbEntity
  8
Edges
100
AcDbLine
 10
-13.54370040137084
 20
-8.428244437979856
 30
0.0
 11
-13.55129950481912
 21
-8.428244437979856
 31
0.0
  0
LINE
  5
597
330
83
100
AcDbEntity
  8
Edges
100
AcDbLine
 10
-13.51029302206049
 20
-8.432545817290197
 30
0.0
 11
-13.5248460220605
 21
-8.42874626556606
 31
0.0
  0
LINE
  5
598
330
83
100
AcDbEntity
  8
Edges
100
AcDbLine
 10
-13.50470122895706
 20
-8.436004843152264
 30
0.0
 11
-13.51029302206049
 21
-8.432545817290197
 31
0.0
  0
LINE
  5
599
330
83
100
AcDbEntity
  8
Edges
100
AcDbLine
 10
-13.49996971171568
 20
-8.441507024186748
 30
0.0
 11
-13.50470122895706
 21
-8.436004843152264
 31
0.0
  0
LINE
  5
59A
330
83
100
AcDbEntity
  8
Edges
100
AcDbLine
 10
-13.2707061944743
 20
-8.399855334531578
 30
0.0
 11
-13.26041872895705
 21
-8.40815341211778
 31
0.0
  0
LINE
  5
59B
330
83
100
AcDbEntity
  8
Edges
100
AcDbLine
 10
-13.0043074358536
 20
-8.495202575910887
 30
0.0
 11
-13.00603694878464
 21
-8.519702515566059
 31
0.0
  0
LINE
  5
59C
330
83
100
AcDbEntity
  8
Edges
100
AcDbLine
 10
-13.00603694878464
 20
-8.519702515566059
 30
0.0
 11
-13.01122548757774
 21
-8.541442403497095
 31
0.0
  0
LINE
  5
59D
330
83
100
AcDbEntity
  8
Edges
100
AcDbLine
 10
-13.2823916082674
 20
-8.394030550048817
 30
0.0
 11
-13.2707061944743
 21
-8.399855334531578
 31
0.0
  0
LINE
  5
59E
330
83
100
AcDbEntity
  8
Edges
100
AcDbLine
 10
-13.32533371171567
 20
-8.428244437979856
 30
0.0
 11
-13.34067529792257
 21
-8.427670920738471
 31
0.0
  0
LINE
  5
59F
330
83
100
AcDbEntity
  8
Edges
100
AcDbLine
 10
-13.30081584964671
 20
-8.453765955221234
 30
0.0
 11
-13.30158651343981
 21
-8.446292308669509
 31
0.0
  0
LINE
  5
5A0
330
83
100
AcDbEntity
  8
Edges
100
AcDbLine
 10
-13.32425836688809
 20
-8.483803920738473
 30
0.0
 11
-13.31703563412947
 21
-8.481671153497092
 31
0.0
  0
LINE
  5
5A1
330
83
100
AcDbEntity
  8
Edges
100
AcDbLine
 10
-13.24575819447429
 20
-8.447027127635024
 30
0.0
 11
-13.24851824619843
 21
-8.469232998324681
 31
0.0
  0
LINE
  5
5A2
330
83
100
AcDbEntity
  8
Edges
100
AcDbLine
 10
-13.30332498757774
 20
-8.468390644876402
 30
0.0
 11
-13.30081584964671
 21
-8.453765955221234
 31
0.0
  0
LINE
  5
5A3
330
83
100
AcDbEntity
  8
Edges
100
AcDbLine
 10
-13.30389850481912
 20
-8.439929851772955
 30
0.0
 11
-13.30800273757773
 21
-8.434786119014336
 31
0.0
  0
LINE
  5
5A4
330
83
100
AcDbEntity
  8
Edges
100
AcDbLine
 10
-13.26041872895705
 20
-8.40815341211778
 30
0.0
 11
-13.25249702206049
 21
-8.418422955221235
 31
0.0
  0
LINE
  5
5A5
330
83
100
AcDbEntity
  8
Edges
100
AcDbLine
 10
-13.35859771171567
 20
-8.485166024186749
 30
0.0
 11
-13.34325612550877
 21
-8.485166024186749
 31
0.0
  0
LINE
  5
5A6
330
83
100
AcDbEntity
  8
Edges
100
AcDbLine
 10
-13.24744290137084
 20
-8.431201636255714
 30
0.0
 11
-13.24575819447429
 21
-8.447027127635024
 31
0.0
  0
LINE
  5
5A7
330
83
100
AcDbEntity
  8
Edges
100
AcDbLine
 10
-13.08146342723292
 20
-8.433065567290196
 30
0.0
 11
-13.08968981516395
 21
-8.428029369014335
 31
0.0
  0
LINE
  5
5A8
330
83
100
AcDbEntity
  8
Edges
100
AcDbLine
 10
-13.14705946171567
 20
-8.449966403497096
 30
0.0
 11
-13.15177305654326
 21
-8.462368713841922
 31
0.0
  0
LINE
  5
5A9
330
83
100
AcDbEntity
  8
Edges
100
AcDbLine
 10
-13.08968981516395
 20
-8.428029369014335
 30
0.0
 11
-13.09852556516395
 21
-8.425179705221236
 31
0.0
  0
LINE
  5
5AA
330
83
100
AcDbEntity
  8
Edges
100
AcDbLine
 10
-13.06359478068118
 20
-8.462583782807438
 30
0.0
 11
-13.06820084102602
 21
-8.450378619014337
 31
0.0
  0
LINE
  5
5AB
330
83
100
AcDbEntity
  8
Edges
100
AcDbLine
 10
-13.13068733671568
 20
-8.604444168583299
 30
0.0
 11
-13.15094862550877
 21
-8.598812050048817
 31
0.0
  0
LINE
  5
5AC
330
83
100
AcDbEntity
  8
Edges
100
AcDbLine
 10
-13.03197964275016
 20
-8.413691437979853
 30
0.0
 11
-13.01987305223291
 21
-8.429942586686749
 31
0.0
  0
LINE
  5
5AD
330
83
100
AcDbEntity
  8
Edges
100
AcDbLine
 10
-13.10768391861222
 20
-8.424229817290198
 30
0.0
 11
-13.11711110826739
 21
-8.425108015566062
 31
0.0
  0
LINE
  5
5AE
330
83
100
AcDbEntity
  8
Edges
100
AcDbLine
 10
-13.0983642634398
 20
-8.565010377635026
 30
0.0
 11
-13.08933136688809
 21
-8.561945644876406
 31
0.0
  0
LINE
  5
5AF
330
83
100
AcDbEntity
  8
Edges
100
AcDbLine
 10
-13.09852556516395
 20
-8.425179705221236
 30
0.0
 11
-13.10768391861222
 21
-8.424229817290198
 31
0.0
  0
LINE
  5
5B0
330
83
100
AcDbEntity
  8
Edges
100
AcDbLine
 10
-13.07398978068119
 20
-8.549256575910888
 30
0.0
 11
-13.06789615999153
 21
-8.539166256945371
 31
0.0
  0
LINE
  5
5B1
330
83
100
AcDbEntity
  8
Edges
100
AcDbLine
 10
-13.18367495309498
 20
-8.413834817290199
 30
0.0
 11
-13.16861116430188
 21
-8.40075593582468
 31
0.0
  0
LINE
  5
5B2
330
83
100
AcDbEntity
  8
Edges
100
AcDbLine
 10
-13.29508067723291
 20
-8.390607369014336
 30
0.0
 11
-13.2823916082674
 21
-8.394030550048817
 31
0.0
  0
LINE
  5
5B3
330
83
100
AcDbEntity
  8
Edges
100
AcDbLine
 10
-13.15489155654326
 20
-8.51317875694537
 30
0.0
 11
-13.15198812550878
 21
-8.527821369014336
 31
0.0
  0
LINE
  5
5B4
330
83
100
AcDbEntity
  8
Edges
100
AcDbLine
 10
-13.14739998757774
 20
-8.539739774186752
 30
0.0
 11
-13.14137805654326
 21
-8.549543334531579
 31
0.0
  0
LINE
  5
5B5
330
83
100
AcDbEntity
  8
Edges
100
AcDbLine
 10
-13.06820084102602
 20
-8.450378619014337
 30
0.0
 11
-13.07413315999153
 21
-8.440575058669509
 31
0.0
  0
LINE
  5
5B6
330
83
100
AcDbEntity
  8
Edges
100
AcDbLine
 10
-13.32605060826739
 20
-8.388384989703993
 30
0.0
 11
-13.29508067723291
 21
-8.390607369014336
 31
0.0
  0
LINE
  5
5B7
330
83
100
AcDbEntity
  8
Edges
100
AcDbLine
 10
-13.08105121171567
 20
-8.556730222462611
 30
0.0
 11
-13.07398978068119
 21
-8.549256575910888
 31
0.0
  0
LINE
  5
5B8
330
83
100
AcDbEntity
  8
Edges
100
AcDbLine
 10
-13.19571881516395
 20
-8.559951776341918
 30
0.0
 11
-13.20432157378464
 21
-8.54099434315227
 31
0.0
  0
LINE
  5
5B9
330
83
100
AcDbEntity
  8
Edges
100
AcDbLine
 10
-13.08502102637084
 20
-8.385799681514335
 30
0.0
 11
-13.06477765999153
 21
-8.391378032807441
 31
0.0
  0
LINE
  5
5BA
330
83
100
AcDbEntity
  8
Edges
100
AcDbLine
 10
-13.21450150481912
 20
-8.601876782807437
 30
0.0
 11
-13.27988247033636
 21
-8.601876782807437
 31
0.0
  0
LINE
  5
5BB
330
83
100
AcDbEntity
  8
Edges
100
AcDbLine
 10
-13.15585936688808
 20
-8.495202575910887
 30
0.0
 11
-13.15489155654326
 21
-8.51317875694537
 31
0.0
  0
LINE
  5
5BC
330
83
100
AcDbEntity
  8
Edges
100
AcDbLine
 10
-13.12574971171567
 20
-8.562232403497095
 30
0.0
 11
-13.1168601944743
 21
-8.565082067290196
 31
0.0
  0
LINE
  5
5BD
330
83
100
AcDbEntity
  8
Edges
100
AcDbLine
 10
-13.10782729792257
 20
-8.60632154142813
 30
0.0
 11
-13.13068733671568
 21
-8.604444168583299
 31
0.0
  0
LINE
  5
5BE
330
83
100
AcDbEntity
  8
Edges
100
AcDbLine
 10
-13.15483778930188
 20
-8.477459386255716
 30
0.0
 11
-13.15585936688808
 21
-8.495202575910887
 31
0.0
  0
LINE
  5
5BF
330
83
100
AcDbEntity
  8
Edges
100
AcDbLine
 10
-13.08502102637084
 20
-8.604466571600543
 30
0.0
 11
-13.10782729792257
 21
-8.60632154142813
 31
0.0
  0
LINE
  5
5C0
330
83
100
AcDbEntity
  8
Edges
100
AcDbLine
 10
-13.16861116430188
 20
-8.58942518582468
 30
0.0
 11
-13.18367495309498
 21
-8.576283575910888
 31
0.0
  0
LINE
  5
5C1
330
83
100
AcDbEntity
  8
Edges
100
AcDbLine
 10
-13.06477765999153
 20
-8.391378032807441
 30
0.0
 11
-13.04709719878464
 21
-8.400675284962611
 31
0.0
  0
LINE
  5
5C2
330
83
100
AcDbEntity
  8
Edges
100
AcDbLine
 10
-13.10782729792257
 20
-8.3839402310833
 30
0.0
 11
-13.08502102637084
 21
-8.385799681514335
 31
0.0
  0
LINE
  5
5C3
330
83
100
AcDbEntity
  8
Edges
100
AcDbLine
 10
-13.15094862550877
 20
-8.391413877635025
 30
0.0
 11
-13.13068733671568
 21
-8.385808642721233
 31
0.0
  0
LINE
  5
5C4
330
83
100
AcDbEntity
  8
Edges
100
AcDbLine
 10
-13.25679840137084
 20
-8.486814886255714
 30
0.0
 11
-13.26970253930187
 21
-8.500525532807438
 31
0.0
  0
LINE
  5
5C5
330
83
100
AcDbEntity
  8
Edges
100
AcDbLine
 10
-13.21120378068119
 20
-8.495202575910887
 30
0.0
 11
-13.20948322895705
 21
-8.470814651341921
 31
0.0
  0
LINE
  5
5C6
330
83
100
AcDbEntity
  8
Edges
100
AcDbLine
 10
-13.28633453930187
 20
-8.511117679359163
 30
0.0
 11
-13.21450150481912
 21
-8.601876782807437
 31
0.0
  0
LINE
  5
5C7
330
83
100
AcDbEntity
  8
Edges
100
AcDbLine
 10
-13.25249702206049
 20
-8.418422955221235
 30
0.0
 11
-13.24744290137084
 21
-8.431201636255714
 31
0.0
  0
LINE
  5
5C8
330
83
100
AcDbEntity
  8
Edges
100
AcDbLine
 10
-13.41193481516394
 20
-8.601876782807437
 30
0.0
 11
-13.41193481516394
 21
-8.388384989703993
 31
0.0
  0
LINE
  5
5C9
330
83
100
AcDbEntity
  8
Edges
100
AcDbLine
 10
-13.35859771171567
 20
-8.523591679359165
 30
0.0
 11
-13.35859771171567
 21
-8.601876782807437
 31
0.0
  0
LINE
  5
5CA
330
83
100
AcDbEntity
  8
Edges
100
AcDbLine
 10
-13.01122548757774
 20
-8.448944825910889
 30
0.0
 11
-13.00603694878464
 21
-8.470698155652268
 31
0.0
  0
LINE
  5
5CB
330
83
100
AcDbEntity
  8
Edges
100
AcDbLine
 10
-13.05965184964671
 20
-8.495059196600543
 30
0.0
 11
-13.06063758240533
 21
-8.477405619014335
 31
0.0
  0
LINE
  5
5CC
330
83
100
AcDbEntity
  8
Edges
100
AcDbLine
 10
-13.1334921944743
 20
-8.432635429359166
 30
0.0
 11
-13.14109129792257
 21
-8.440288300048816
 31
0.0
  0
LINE
  5
5CD
330
83
100
AcDbEntity
  8
Edges
100
AcDbLine
 10
-13.15177305654326
 20
-8.462368713841922
 30
0.0
 11
-13.15483778930188
 21
-8.477459386255716
 31
0.0
  0
LINE
  5
5CE
330
83
100
AcDbEntity
  8
Edges
100
AcDbLine
 10
-13.30800273757773
 20
-8.434786119014336
 30
0.0
 11
-13.31415012550877
 21
-8.430968644876404
 31
0.0
  0
LINE
  5
5CF
330
83
100
AcDbEntity
  8
Edges
100
AcDbLine
 10
-13.08933136688809
 20
-8.561945644876406
 30
0.0
 11
-13.08105121171567
 21
-8.556730222462611
 31
0.0
  0
LINE
  5
5D0
330
83
100
AcDbEntity
  8
Edges
100
AcDbLine
 10
-13.01987305223291
 20
-8.560422239703992
 30
0.0
 11
-13.03197964275016
 21
-8.576642024186751
 31
0.0
  0
LINE
  5
5D1
330
83
100
AcDbEntity
  8
Edges
100
AcDbLine
 10
-13.34067529792257
 20
-8.427670920738471
 30
0.0
 11
-13.35859771171567
 21
-8.427670920738471
 31
0.0
  0
LINE
  5
5D2
330
83
100
AcDbEntity
  8
Edges
100
AcDbLine
 10
-13.06063758240533
 20
-8.477405619014335
 30
0.0
 11
-13.06359478068118
 21
-8.462583782807438
 31
0.0
  0
LINE
  5
5D3
330
83
100
AcDbEntity
  8
Edges
100
AcDbLine
 10
-13.01987305223291
 20
-8.429942586686749
 30
0.0
 11
-13.01122548757774
 21
-8.448944825910889
 31
0.0
  0
LINE
  5
5D4
330
83
100
AcDbEntity
  8
Edges
100
AcDbLine
 10
-13.20948322895705
 20
-8.519411276341926
 30
0.0
 11
-13.21120378068119
 21
-8.495202575910887
 31
0.0
  0
LINE
  5
5D5
330
83
100
AcDbEntity
  8
Edges
100
AcDbLine
 10
-13.15198812550878
 20
-8.527821369014336
 30
0.0
 11
-13.14739998757774
 21
-8.539739774186752
 31
0.0
  0
LINE
  5
5D6
330
83
100
AcDbEntity
  8
Edges
100
AcDbLine
 10
-13.11711110826739
 20
-8.425108015566062
 30
0.0
 11
-13.12560633240532
 21
-8.427742610393647
 31
0.0
  0
LINE
  5
5D7
330
83
100
AcDbEntity
  8
Edges
100
AcDbLine
 10
-13.24851824619843
 20
-8.469232998324681
 30
0.0
 11
-13.25196831085361
 21
-8.478601940135026
 31
0.0
  0
LINE
  5
5D8
330
83
100
AcDbEntity
  8
Edges
100
AcDbLine
 10
-13.04709719878464
 20
-8.589626812979851
 30
0.0
 11
-13.06477765999153
 21
-8.598901662117786
 31
0.0
  0
LINE
  5
5D9
330
83
100
AcDbEntity
  8
Edges
100
AcDbLine
 10
-13.20432157378464
 20
-8.54099434315227
 30
0.0
 11
-13.20948322895705
 21
-8.519411276341926
 31
0.0
  0
LINE
  5
5DA
330
83
100
AcDbEntity
  8
Edges
100
AcDbLine
 10
-13.16861116430188
 20
-8.40075593582468
 30
0.0
 11
-13.15094862550877
 21
-8.391413877635025
 31
0.0
  0
LINE
  5
5DB
330
83
100
AcDbEntity
  8
Edges
100
AcDbLine
 10
-13.13068733671568
 20
-8.385808642721233
 30
0.0
 11
-13.10782729792257
 21
-8.3839402310833
 31
0.0
  0
LINE
  5
5DC
330
83
100
AcDbEntity
  8
Edges
100
AcDbLine
 10
-13.20432157378464
 20
-8.449124050048819
 30
0.0
 11
-13.19571881516395
 21
-8.430130772031578
 31
0.0
  0
LINE
  5
5DD
330
83
100
AcDbEntity
  8
Edges
100
AcDbLine
 10
-13.1168601944743
 20
-8.565082067290196
 30
0.0
 11
-13.10768391861222
 21
-8.566031955221234
 31
0.0
  0
LINE
  5
5DE
330
83
100
AcDbEntity
  8
Edges
100
AcDbLine
 10
-13.06337971171567
 20
-8.527534610393644
 30
0.0
 11
-13.06058381516395
 21
-8.513214601772958
 31
0.0
  0
LINE
  5
5DF
330
83
100
AcDbEntity
  8
Edges
100
AcDbLine
 10
-13.04709719878464
 20
-8.400675284962611
 30
0.0
 11
-13.03197964275016
 21
-8.413691437979853
 31
0.0
  0
LINE
  5
5E0
330
83
100
AcDbEntity
  8
Edges
100
AcDbLine
 10
-13.12560633240532
 20
-8.427742610393647
 30
0.0
 11
-13.1334921944743
 21
-8.432635429359166
 31
0.0
  0
LINE
  5
5E1
330
83
100
AcDbEntity
  8
Edges
100
AcDbLine
 10
-13.00603694878464
 20
-8.470698155652268
 30
0.0
 11
-13.0043074358536
 21
-8.495202575910887
 31
0.0
  0
LINE
  5
5E2
330
83
100
AcDbEntity
  8
Edges
100
AcDbLine
 10
-13.19571881516395
 20
-8.430130772031578
 30
0.0
 11
-13.18367495309498
 21
-8.413834817290199
 31
0.0
  0
LINE
  5
5E3
330
83
100
AcDbEntity
  8
Edges
100
AcDbLine
 10
-13.06477765999153
 20
-8.598901662117786
 30
0.0
 11
-13.08502102637084
 21
-8.604466571600543
 31
0.0
  0
LINE
  5
5E4
330
83
100
AcDbEntity
  8
Edges
100
AcDbLine
 10
-13.06789615999153
 20
-8.539166256945371
 30
0.0
 11
-13.06337971171567
 21
-8.527534610393644
 31
0.0
  0
LINE
  5
5E5
330
83
100
AcDbEntity
  8
Edges
100
AcDbLine
 10
-13.14137805654326
 20
-8.549543334531579
 30
0.0
 11
-13.13402986688808
 21
-8.557160360393647
 31
0.0
  0
LINE
  5
5E6
330
83
100
AcDbEntity
  8
Edges
100
AcDbLine
 10
-13.15094862550877
 20
-8.598812050048817
 30
0.0
 11
-13.16861116430188
 21
-8.58942518582468
 31
0.0
  0
LINE
  5
5E7
330
83
100
AcDbEntity
  8
Edges
100
AcDbLine
 10
-13.06058381516395
 20
-8.513214601772958
 30
0.0
 11
-13.05965184964671
 21
-8.495059196600543
 31
0.0
  0
LINE
  5
5E8
330
83
100
AcDbEntity
  8
Edges
100
AcDbLine
 10
-13.10768391861222
 20
-8.566031955221234
 30
0.0
 11
-13.0983642634398
 21
-8.565010377635026
 31
0.0
  0
LINE
  5
5E9
330
83
100
AcDbEntity
  8
Edges
100
AcDbLine
 10
-13.07413315999153
 20
-8.440575058669509
 30
0.0
 11
-13.08146342723292
 21
-8.433065567290196
 31
0.0
  0
LINE
  5
5EA
330
83
100
AcDbEntity
  8
Edges
100
AcDbLine
 10
-13.20948322895705
 20
-8.470814651341921
 30
0.0
 11
-13.20432157378464
 21
-8.449124050048819
 31
0.0
  0
LINE
  5
5EB
330
83
100
AcDbEntity
  8
Edges
100
AcDbLine
 10
-13.18367495309498
 20
-8.576283575910888
 30
0.0
 11
-13.19571881516395
 21
-8.559951776341918
 31
0.0
  0
LINE
  5
5EC
330
83
100
AcDbEntity
  8
Edges
100
AcDbLine
 10
-13.03197964275016
 20
-8.576642024186751
 30
0.0
 11
-13.04709719878464
 21
-8.589626812979851
 31
0.0
  0
LINE
  5
5ED
330
83
100
AcDbEntity
  8
Edges
100
AcDbLine
 10
-13.14109129792257
 20
-8.440288300048816
 30
0.0
 11
-13.14705946171567
 21
-8.449966403497096
 31
0.0
  0
LINE
  5
5EE
330
83
100
AcDbEntity
  8
Edges
100
AcDbLine
 10
-13.13402986688808
 20
-8.557160360393647
 30
0.0
 11
-13.12574971171567
 21
-8.562232403497095
 31
0.0
  0
LINE
  5
5EF
330
83
100
AcDbEntity
  8
Edges
100
AcDbLine
 10
-12.55624709102602
 20
-8.388384989703993
 30
0.0
 11
-12.55624709102602
 21
-8.429104713841923
 31
0.0
  0
LINE
  5
5F0
330
83
100
AcDbEntity
  8
Edges
100
AcDbLine
 10
-12.34017447033636
 20
-8.601876782807437
 30
0.0
 11
-12.39537550481913
 21
-8.601876782807437
 31
0.0
  0
LINE
  5
5F1
330
83
100
AcDbEntity
  8
Edges
100
AcDbLine
 10
-12.55624709102602
 20
-8.429104713841923
 30
0.0
 11
-12.64729295309499
 21
-8.429104713841923
 31
0.0
  0
LINE
  5
5F2
330
83
100
AcDbEntity
  8
Edges
100
AcDbLine
 10
-12.55624709102602
 20
-8.601876782807437
 30
0.0
 11
-12.70063005654326
 21
-8.601876782807437
 31
0.0
  0
LINE
  5
5F3
330
83
100
AcDbEntity
  8
Edges
100
AcDbLine
 10
-12.64729295309499
 20
-8.507246437979855
 30
0.0
 11
-12.64729295309499
 21
-8.561157058669508
 31
0.0
  0
LINE
  5
5F4
330
83
100
AcDbEntity
  8
Edges
100
AcDbLine
 10
-12.15553776343981
 20
-8.469232998324681
 30
0.0
 11
-12.15898782809498
 21
-8.478601940135026
 31
0.0
  0
LINE
  5
5F5
330
83
100
AcDbEntity
  8
Edges
100
AcDbLine
 10
-12.4640541944743
 20
-8.519577058669508
 30
0.0
 11
-12.42046688412947
 21
-8.519577058669508
 31
0.0
  0
LINE
  5
5F6
330
83
100
AcDbEntity
  8
Edges
100
AcDbLine
 10
-12.44226053930188
 20
-8.449177817290198
 30
0.0
 11
-12.4640541944743
 21
-8.519577058669508
 31
0.0
  0
LINE
  5
5F7
330
83
100
AcDbEntity
  8
Edges
100
AcDbLine
 10
-12.42046688412947
 20
-8.519577058669508
 30
0.0
 11
-12.44226053930188
 21
-8.449177817290198
 31
0.0
  0
LINE
  5
5F8
330
83
100
AcDbEntity
  8
Edges
100
AcDbLine
 10
-12.70063005654326
 20
-8.388384989703993
 30
0.0
 11
-12.55624709102602
 21
-8.388384989703993
 31
0.0
  0
LINE
  5
5F9
330
83
100
AcDbEntity
  8
Edges
100
AcDbLine
 10
-12.64729295309499
 20
-8.466526713841922
 30
0.0
 11
-12.56341605654326
 21
-8.466526713841922
 31
0.0
  0
LINE
  5
5FA
330
83
100
AcDbEntity
  8
Edges
100
AcDbLine
 10
-12.26561722895705
 20
-8.523591679359165
 30
0.0
 11
-12.26561722895705
 21
-8.601876782807437
 31
0.0
  0
LINE
  5
5FB
330
83
100
AcDbEntity
  8
Edges
100
AcDbLine
 10
-12.23235322895705
 20
-8.428244437979856
 30
0.0
 11
-12.24769481516395
 21
-8.427670920738471
 31
0.0
  0
LINE
  5
5FC
330
83
100
AcDbEntity
  8
Edges
100
AcDbLine
 10
-12.25027564275015
 20
-8.485166024186749
 30
0.0
 11
-12.23127788412947
 21
-8.483803920738473
 31
0.0
  0
LINE
  5
5FD
330
83
100
AcDbEntity
  8
Edges
100
AcDbLine
 10
-12.21801529792257
 20
-8.477997058669512
 30
0.0
 11
-12.21034450481912
 21
-8.468390644876402
 31
0.0
  0
LINE
  5
5FE
330
83
100
AcDbEntity
  8
Edges
100
AcDbLine
 10
-12.15951653930188
 20
-8.418422955221235
 30
0.0
 11
-12.15446241861222
 21
-8.431201636255714
 31
0.0
  0
LINE
  5
5FF
330
83
100
AcDbEntity
  8
Edges
100
AcDbLine
 10
-12.64729295309499
 20
-8.429104713841923
 30
0.0
 11
-12.64729295309499
 21
-8.466526713841922
 31
0.0
  0
LINE
  5
600
330
83
100
AcDbEntity
  8
Edges
100
AcDbLine
 10
-12.16381791861222
 20
-8.486814886255714
 30
0.0
 11
-12.17672205654327
 21
-8.500525532807438
 31
0.0
  0
LINE
  5
601
330
83
100
AcDbEntity
  8
Edges
100
AcDbLine
 10
-12.55624709102602
 20
-8.561157058669508
 30
0.0
 11
-12.55624709102602
 21
-8.601876782807437
 31
0.0
  0
LINE
  5
602
330
83
100
AcDbEntity
  8
Edges
100
AcDbLine
 10
-12.39537550481913
 20
-8.601876782807437
 30
0.0
 11
-12.40870978068119
 21
-8.558289472462611
 31
0.0
  0
LINE
  5
603
330
83
100
AcDbEntity
  8
Edges
100
AcDbLine
 10
-12.4122942634398
 20
-8.388384989703993
 30
0.0
 11
-12.34017447033636
 21
-8.601876782807437
 31
0.0
  0
LINE
  5
604
330
83
100
AcDbEntity
  8
Edges
100
AcDbLine
 10
-12.54291281516396
 20
-8.601876782807437
 30
0.0
 11
-12.4707930220605
 21
-8.388384989703993
 31
0.0
  0
LINE
  5
605
330
83
100
AcDbEntity
  8
Edges
100
AcDbLine
 10
-12.48914557378464
 20
-8.601876782807437
 30
0.0
 11
-12.54291281516396
 21
-8.601876782807437
 31
0.0
  0
LINE
  5
606
330
83
100
AcDbEntity
  8
Edges
100
AcDbLine
 10
-12.18941112550878
 20
-8.394030550048817
 30
0.0
 11
-12.17772571171568
 21
-8.399855334531578
 31
0.0
  0
LINE
  5
607
330
83
100
AcDbEntity
  8
Edges
100
AcDbLine
 10
-12.15277771171567
 20
-8.447027127635024
 30
0.0
 11
-12.15553776343981
 21
-8.469232998324681
 31
0.0
  0
LINE
  5
608
330
83
100
AcDbEntity
  8
Edges
100
AcDbLine
 10
-12.64729295309499
 20
-8.561157058669508
 30
0.0
 11
-12.55624709102602
 21
-8.561157058669508
 31
0.0
  0
LINE
  5
609
330
83
100
AcDbEntity
  8
Edges
100
AcDbLine
 10
-12.20860603068119
 20
-8.446292308669509
 30
0.0
 11
-12.21091802206049
 21
-8.439929851772955
 31
0.0
  0
LINE
  5
60A
330
83
100
AcDbEntity
  8
Edges
100
AcDbLine
 10
-12.70063005654326
 20
-8.601876782807437
 30
0.0
 11
-12.70063005654326
 21
-8.388384989703993
 31
0.0
  0
LINE
  5
60B
330
83
100
AcDbEntity
  8
Edges
100
AcDbLine
 10
-12.26561722895705
 20
-8.427670920738471
 30
0.0
 11
-12.26561722895705
 21
-8.485166024186749
 31
0.0
  0
LINE
  5
60C
330
83
100
AcDbEntity
  8
Edges
100
AcDbLine
 10
-12.56341605654326
 20
-8.466526713841922
 30
0.0
 11
-12.56341605654326
 21
-8.507246437979855
 31
0.0
  0
LINE
  5
60D
330
83
100
AcDbEntity
  8
Edges
100
AcDbLine
 10
-12.4707930220605
 20
-8.388384989703993
 30
0.0
 11
-12.4122942634398
 21
-8.388384989703993
 31
0.0
  0
LINE
  5
60E
330
83
100
AcDbEntity
  8
Edges
100
AcDbLine
 10
-12.47581129792257
 20
-8.558289472462611
 30
0.0
 11
-12.48914557378464
 21
-8.601876782807437
 31
0.0
  0
LINE
  5
60F
330
83
100
AcDbEntity
  8
Edges
100
AcDbLine
 10
-12.40870978068119
 20
-8.558289472462611
 30
0.0
 11
-12.47581129792257
 21
-8.558289472462611
 31
0.0
  0
LINE
  5
610
330
83
100
AcDbEntity
  8
Edges
100
AcDbLine
 10
-12.56341605654326
 20
-8.507246437979855
 30
0.0
 11
-12.64729295309499
 21
-8.507246437979855
 31
0.0
  0
LINE
  5
611
330
83
100
AcDbEntity
  8
Edges
100
AcDbLine
 10
-12.2021001944743
 20
-8.390607369014336
 30
0.0
 11
-12.18941112550878
 21
-8.394030550048817
 31
0.0
  0
LINE
  5
612
330
83
100
AcDbEntity
  8
Edges
100
AcDbLine
 10
-12.21502225481913
 20
-8.434786119014336
 30
0.0
 11
-12.22116964275015
 21
-8.430968644876404
 31
0.0
  0
LINE
  5
613
330
83
100
AcDbEntity
  8
Edges
100
AcDbLine
 10
-12.15446241861222
 20
-8.431201636255714
 30
0.0
 11
-12.15277771171567
 21
-8.447027127635024
 31
0.0
  0
LINE
  5
614
330
83
100
AcDbEntity
  8
Edges
100
AcDbLine
 10
-12.19335405654325
 20
-8.511117679359163
 30
0.0
 11
-12.1215210220605
 21
-8.601876782807437
 31
0.0
  0
LINE
  5
615
330
83
100
AcDbEntity
  8
Edges
100
AcDbLine
 10
-12.1215210220605
 20
-8.601876782807437
 30
0.0
 11
-12.18690198757774
 21
-8.601876782807437
 31
0.0
  0
LINE
  5
616
330
83
100
AcDbEntity
  8
Edges
100
AcDbLine
 10
-12.21091802206049
 20
-8.439929851772955
 30
0.0
 11
-12.21502225481913
 21
-8.434786119014336
 31
0.0
  0
LINE
  5
617
330
83
100
AcDbEntity
  8
Edges
100
AcDbLine
 10
-12.16743824619843
 20
-8.40815341211778
 30
0.0
 11
-12.15951653930188
 21
-8.418422955221235
 31
0.0
  0
LINE
  5
618
330
83
100
AcDbEntity
  8
Edges
100
AcDbLine
 10
-12.17672205654327
 20
-8.500525532807438
 30
0.0
 11
-12.19335405654325
 21
-8.511117679359163
 31
0.0
  0
LINE
  5
619
330
83
100
AcDbEntity
  8
Edges
100
AcDbLine
 10
-12.24769481516395
 20
-8.427670920738471
 30
0.0
 11
-12.26561722895705
 21
-8.427670920738471
 31
0.0
  0
LINE
  5
61A
330
83
100
AcDbEntity
  8
Edges
100
AcDbLine
 10
-12.17772571171568
 20
-8.399855334531578
 30
0.0
 11
-12.16743824619843
 21
-8.40815341211778
 31
0.0
  0
LINE
  5
61B
330
83
100
AcDbEntity
  8
Edges
100
AcDbLine
 10
-12.20783536688809
 20
-8.453765955221234
 30
0.0
 11
-12.20860603068119
 21
-8.446292308669509
 31
0.0
  0
LINE
  5
61C
330
83
100
AcDbEntity
  8
Edges
100
AcDbLine
 10
-12.23307012550877
 20
-8.388384989703993
 30
0.0
 11
-12.2021001944743
 21
-8.390607369014336
 31
0.0
  0
LINE
  5
61D
330
83
100
AcDbEntity
  8
Edges
100
AcDbLine
 10
-12.24640440137085
 20
-8.523591679359165
 30
0.0
 11
-12.26561722895705
 21
-8.523591679359165
 31
0.0
  0
LINE
  5
61E
330
83
100
AcDbEntity
  8
Edges
100
AcDbLine
 10
-12.26561722895705
 20
-8.601876782807437
 30
0.0
 11
-12.31895433240532
 21
-8.601876782807437
 31
0.0
  0
LINE
  5
61F
330
83
100
AcDbEntity
  8
Edges
100
AcDbLine
 10
-12.15898782809498
 20
-8.478601940135026
 30
0.0
 11
-12.16381791861222
 21
-8.486814886255714
 31
0.0
  0
LINE
  5
620
330
83
100
AcDbEntity
  8
Edges
100
AcDbLine
 10
-12.18690198757774
 20
-8.601876782807437
 30
0.0
 11
-12.24640440137085
 21
-8.523591679359165
 31
0.0
  0
LINE
  5
621
330
83
100
AcDbEntity
  8
Edges
100
AcDbLine
 10
-12.22116964275015
 20
-8.430968644876404
 30
0.0
 11
-12.23235322895705
 21
-8.428244437979856
 31
0.0
  0
LINE
  5
622
330
83
100
AcDbEntity
  8
Edges
100
AcDbLine
 10
-12.31895433240532
 20
-8.601876782807437
 30
0.0
 11
-12.31895433240532
 21
-8.388384989703993
 31
0.0
  0
LINE
  5
623
330
83
100
AcDbEntity
  8
Edges
100
AcDbLine
 10
-12.31895433240532
 20
-8.388384989703993
 30
0.0
 11
-12.23307012550877
 21
-8.388384989703993
 31
0.0
  0
LINE
  5
624
330
83
100
AcDbEntity
  8
Edges
100
AcDbLine
 10
-12.22405515137085
 20
-8.481671153497092
 30
0.0
 11
-12.21801529792257
 21
-8.477997058669512
 31
0.0
  0
LINE
  5
625
330
83
100
AcDbEntity
  8
Edges
100
AcDbLine
 10
-12.23127788412947
 20
-8.483803920738473
 30
0.0
 11
-12.22405515137085
 21
-8.481671153497092
 31
0.0
  0
LINE
  5
626
330
83
100
AcDbEntity
  8
Edges
100
AcDbLine
 10
-12.26561722895705
 20
-8.485166024186749
 30
0.0
 11
-12.25027564275015
 21
-8.485166024186749
 31
0.0
  0
LINE
  5
627
330
83
100
AcDbEntity
  8
Edges
100
AcDbLine
 10
-12.21034450481912
 20
-8.468390644876402
 30
0.0
 11
-12.20783536688809
 21
-8.453765955221234
 31
0.0
  0
LINE
  5
628
330
83
100
AcDbEntity
  8
Edges
100
AcDbLine
 10
-12.87508633054392
 20
-9.081470448392472
 30
0.0
 11
-12.78133633054392
 21
-9.081470448392472
 31
0.0
  0
LINE
  5
629
330
83
100
AcDbEntity
  8
Edges
100
AcDbLine
 10
8.218663669456077
 20
-8.722095448392472
 30
0.0
 11
8.124913669456077
 21
-8.722095448392472
 31
0.0
  0
LINE
  5
62A
330
83
100
AcDbEntity
  8
Edges
100
AcDbLine
 10
8.218663669456077
 20
-9.081470448392472
 30
0.0
 11
8.218663669456077
 21
-8.722095448392472
 31
0.0
  0
LINE
  5
62B
330
83
100
AcDbEntity
  8
Edges
100
AcDbLine
 10
1.124913669456077
 20
-9.081470448392472
 30
0.0
 11
1.218663669456077
 21
-9.081470448392472
 31
0.0
  0
LINE
  5
62C
330
83
100
AcDbEntity
  8
Edges
100
AcDbLine
 10
8.124913669456077
 20
-9.081470448392472
 30
0.0
 11
8.218663669456077
 21
-9.081470448392472
 31
0.0
  0
LINE
  5
62D
330
83
100
AcDbEntity
  8
Edges
100
AcDbLine
 10
15.21866366945609
 20
-8.722095448392472
 30
0.0
 11
15.12491366945609
 21
-8.722095448392472
 31
0.0
  0
LINE
  5
62E
330
83
100
AcDbEntity
  8
Edges
100
AcDbLine
 10
-5.875086330543908
 20
-8.722095448392472
 30
0.0
 11
-5.875086330543908
 21
-9.081470448392472
 31
0.0
  0
LINE
  5
62F
330
83
100
AcDbEntity
  8
Edges
100
AcDbLine
 10
-12.87508633054392
 20
-8.722095448392472
 30
0.0
 11
-12.87508633054392
 21
-9.081470448392472
 31
0.0
  0
LINE
  5
630
330
83
100
AcDbEntity
  8
Edges
100
AcDbLine
 10
15.21866366945609
 20
-9.081470448392472
 30
0.0
 11
15.21866366945609
 21
-8.722095448392472
 31
0.0
  0
LINE
  5
631
330
83
100
AcDbEntity
  8
Edges
100
AcDbLine
 10
1.218663669456077
 20
-9.081470448392472
 30
0.0
 11
1.218663669456077
 21
-8.722095448392472
 31
0.0
  0
LINE
  5
632
330
83
100
AcDbEntity
  8
Edges
100
AcDbLine
 10
-5.875086330543908
 20
-9.081470448392472
 30
0.0
 11
-5.781336330543908
 21
-9.081470448392472
 31
0.0
  0
LINE
  5
633
330
83
100
AcDbEntity
  8
Edges
100
AcDbLine
 10
-5.781336330543908
 20
-9.081470448392472
 30
0.0
 11
-5.781336330543908
 21
-8.722095448392472
 31
0.0
  0
LINE
  5
634
330
83
100
AcDbEntity
  8
Edges
100
AcDbLine
 10
-12.78133633054392
 20
-8.722095448392472
 30
0.0
 11
-12.87508633054392
 21
-8.722095448392472
 31
0.0
  0
LINE
  5
635
330
83
100
AcDbEntity
  8
Edges
100
AcDbLine
 10
15.12491366945609
 20
-9.081470448392472
 30
0.0
 11
15.21866366945609
 21
-9.081470448392472
 31
0.0
  0
LINE
  5
636
330
83
100
AcDbEntity
  8
Edges
100
AcDbLine
 10
15.12491366945609
 20
-8.722095448392472
 30
0.0
 11
15.12491366945609
 21
-9.081470448392472
 31
0.0
  0
LINE
  5
637
330
83
100
AcDbEntity
  8
Edges
100
AcDbLine
 10
8.124913669456077
 20
-8.722095448392472
 30
0.0
 11
8.124913669456077
 21
-9.081470448392472
 31
0.0
  0
LINE
  5
638
330
83
100
AcDbEntity
  8
Edges
100
AcDbLine
 10
1.218663669456077
 20
-8.722095448392472
 30
0.0
 11
1.124913669456077
 21
-8.722095448392472
 31
0.0
  0
LINE
  5
639
330
83
100
AcDbEntity
  8
Edges
100
AcDbLine
 10
-12.78133633054392
 20
-9.081470448392472
 30
0.0
 11
-12.78133633054392
 21
-8.722095448392472
 31
0.0
  0
LINE
  5
63A
330
83
100
AcDbEntity
  8
Edges
100
AcDbLine
 10
-5.781336330543908
 20
-8.722095448392472
 30
0.0
 11
-5.875086330543908
 21
-8.722095448392472
 31
0.0
  0
LINE
  5
63B
330
83
100
AcDbEntity
  8
Edges
100
AcDbLine
 10
1.124913669456077
 20
-8.722095448392472
 30
0.0
 11
1.124913669456077
 21
-9.081470448392472
 31
0.0
  0
LINE
  5
63C
330
83
100
AcDbEntity
  8
Edges
100
AcDbLine
 10
-13.33938488412947
 20
-8.523591679359165
 30
0.0
 11
-13.35859771171567
 21
-8.523591679359165
 31
0.0
  0
LINE
  5
63D
330
83
100
AcDbEntity
  8
Edges
100
AcDbLine
 10
-16.24844414854033
 20
-1.259452948142092
 30
0.0
 11
-16.24844414854033
 21
-1.377932533167361
 31
0.0
  0
LINE
  5
63E
330
83
100
AcDbEntity
  8
Edges
100
AcDbLine
 10
-16.24844414854033
 20
-1.818724430454411
 30
0.0
 11
-16.24844414854033
 21
-3.062869469879874
 31
0.0
  0
LINE
  5
63F
330
83
100
AcDbEntity
  8
Edges
100
AcDbLine
 10
15.18905585145967
 20
-3.062869469879874
 30
0.0
 11
15.18905585145967
 21
-2.919820508122924
 31
0.0
  0
LINE
  5
640
330
83
100
AcDbEntity
  8
Edges
100
AcDbLine
 10
15.18905585145967
 20
-2.842755346995559
 30
0.0
 11
15.18905585145967
 21
-2.84070459987505
 31
0.0
  0
LINE
  5
641
330
83
100
AcDbEntity
  8
Edges
100
AcDbLine
 10
15.18905585145967
 20
-2.838637839163165
 30
0.0
 11
15.18905585145967
 21
-1.818724430454905
 31
0.0
  0
LINE
  5
642
330
83
100
AcDbEntity
  8
Edges
100
AcDbLine
 10
10.79705965471476
 20
-0.9086022770920223
 30
0.0
 11
10.48455965471476
 21
-0.9086022770920223
 31
0.0
  0
LINE
  5
643
330
83
100
AcDbEntity
  8
Edges
100
AcDbLine
 10
10.79705965471476
 20
-0.7239508034244917
 30
0.0
 11
10.6739698607879
 21
-0.7239508034244917
 31
0.0
  0
LINE
  5
644
330
83
100
AcDbEntity
  8
Edges
100
AcDbLine
 10
10.48455965471476
 20
-0.8525621974947226
 30
0.0
 11
10.48455965471476
 21
-0.9086022770920223
 31
0.0
  0
LINE
  5
645
330
83
100
AcDbEntity
  8
Edges
100
AcDbLine
 10
3.797059654714757
 20
-0.7239508034244917
 30
0.0
 11
3.736469860787906
 21
-0.7239508034244917
 31
0.0
  0
LINE
  5
646
330
83
100
AcDbEntity
  8
Edges
100
AcDbLine
 10
3.54776741422755
 20
-0.7239508034244917
 30
0.0
 11
3.484559654714757
 21
-0.7239508034244917
 31
0.0
  0
LINE
  5
647
330
83
100
AcDbEntity
  8
Edges
100
AcDbLine
 10
3.797059654714757
 20
-0.9086022770920223
 30
0.0
 11
3.484559654714757
 21
-0.9086022770920223
 31
0.0
  0
LINE
  5
648
330
83
100
AcDbEntity
  8
Edges
100
AcDbLine
 10
1.829740621124884
 20
-0.9086022770920223
 30
0.0
 11
1.819912279837168
 21
-0.9086022770920223
 31
0.0
  0
LINE
  5
649
330
83
100
AcDbEntity
  8
Edges
100
AcDbLine
 10
-2.614844159826731
 20
-0.9086022770920223
 30
0.0
 11
-2.621651372636094
 21
-0.9086022770920223
 31
0.0
  0
LINE
  5
64A
330
83
100
AcDbEntity
  8
Edges
100
AcDbLine
 10
-2.638085438122416
 20
-0.9086022770920223
 30
0.0
 11
-2.646592336395059
 21
-0.9086022770920223
 31
0.0
  0
LINE
  5
64B
330
83
100
AcDbEntity
  8
Edges
100
AcDbLine
 10
-2.654519503608739
 20
-0.9086022770920223
 30
0.0
 11
-2.661326716418102
 21
-0.9086022770920223
 31
0.0
  0
LINE
  5
64C
330
83
100
AcDbEntity
  8
Edges
100
AcDbLine
 10
-3.390440345285242
 20
-0.7239508034244917
 30
0.0
 11
-3.451030139212093
 21
-0.7239508034244917
 31
0.0
  0
LINE
  5
64D
330
83
100
AcDbEntity
  8
Edges
100
AcDbLine
 10
-3.639732585772449
 20
-0.7239508034244917
 30
0.0
 11
-3.702940345285242
 21
-0.7239508034244917
 31
0.0
  0
LINE
  5
64E
330
83
100
AcDbEntity
  8
Edges
100
AcDbLine
 10
-3.390440345285242
 20
-0.9086022770920223
 30
0.0
 11
-3.702940345285242
 21
-0.9086022770920223
 31
0.0
  0
LINE
  5
64F
330
83
100
AcDbEntity
  8
Edges
100
AcDbLine
 10
-10.64044034528524
 20
-0.7239508034244917
 30
0.0
 11
-10.70103013921211
 21
-0.7239508034244917
 31
0.0
  0
LINE
  5
650
330
83
100
AcDbEntity
  8
Edges
100
AcDbLine
 10
-10.88973258577246
 20
-0.7239508034244917
 30
0.0
 11
-10.95294034528524
 21
-0.7239508034244917
 31
0.0
  0
LINE
  5
651
330
83
100
AcDbEntity
  8
Edges
100
AcDbLine
 10
-10.64044034528524
 20
-0.9086022770920223
 30
0.0
 11
-10.95294034528524
 21
-0.9086022770920223
 31
0.0
  0
LINE
  5
652
330
83
100
AcDbEntity
  8
Edges
100
AcDbLine
 10
-10.92355789527374
 20
-3.062869469879874
 30
0.0
 11
-10.92355789527374
 21
-3.064436065767408
 31
0.0
  0
LINE
  5
653
330
83
100
AcDbEntity
  8
Edges
100
AcDbLine
 10
-10.92355789527374
 20
-3.187316047342974
 30
0.0
 11
-10.92355789527374
 21
-3.247520943547405
 31
0.0
  0
LINE
  5
654
330
83
100
AcDbEntity
  8
Edges
100
AcDbLine
 10
-10.92355789527374
 20
-3.247520943547405
 30
0.0
 11
-10.61105789527374
 21
-3.247520943547405
 31
0.0
  0
LINE
  5
655
330
83
100
AcDbEntity
  8
Edges
100
AcDbLine
 10
-10.92355789527374
 20
-3.062869469879874
 30
0.0
 11
-10.92231339878027
 21
-3.062869469879874
 31
0.0
  0
LINE
  5
656
330
83
100
AcDbEntity
  8
Edges
100
AcDbLine
 10
-10.73083917824078
 20
-3.062869469879874
 30
0.0
 11
-10.61105789527374
 21
-3.062869469879874
 31
0.0
  0
LINE
  5
657
330
83
100
AcDbEntity
  8
Edges
100
AcDbLine
 10
-3.736057895273745
 20
-3.247520943547405
 30
0.0
 11
-3.423557895273745
 21
-3.247520943547405
 31
0.0
  0
LINE
  5
658
330
83
100
AcDbEntity
  8
Edges
100
AcDbLine
 10
-3.736057895273745
 20
-3.062869469879874
 30
0.0
 11
-3.672313398780261
 21
-3.062869469879874
 31
0.0
  0
LINE
  5
659
330
83
100
AcDbEntity
  8
Edges
100
AcDbLine
 10
-3.480839178240771
 20
-3.062869469879874
 30
0.0
 11
-3.423557895273745
 21
-3.062869469879874
 31
0.0
  0
LINE
  5
65A
330
83
100
AcDbEntity
  8
Edges
100
AcDbLine
 10
3.701442104726254
 20
-3.247520943547405
 30
0.0
 11
3.701442104726254
 21
-3.194731518988877
 31
0.0
  0
LINE
  5
65B
330
83
100
AcDbEntity
  8
Edges
100
AcDbLine
 10
3.388942104726254
 20
-3.247520943547405
 30
0.0
 11
3.701442104726254
 21
-3.247520943547405
 31
0.0
  0
LINE
  5
65C
330
83
100
AcDbEntity
  8
Edges
100
AcDbLine
 10
3.388942104726254
 20
-3.062869469879874
 30
0.0
 11
3.515186601219738
 21
-3.062869469879874
 31
0.0
  0
LINE
  5
65D
330
83
100
AcDbEntity
  8
Edges
100
AcDbLine
 10
10.45144210472625
 20
-3.247520943547405
 30
0.0
 11
10.76394210472625
 21
-3.247520943547405
 31
0.0
  0
LINE
  5
65E
330
83
100
AcDbEntity
  8
Edges
100
AcDbLine
 10
10.45144210472625
 20
-3.062869469879874
 30
0.0
 11
10.45144210472625
 21
-3.064436065767421
 31
0.0
  0
LINE
  5
65F
330
83
100
AcDbEntity
  8
Edges
100
AcDbLine
 10
10.45144210472625
 20
-3.186595502709234
 30
0.0
 11
10.45144210472625
 21
-3.247520943547405
 31
0.0
  0
LINE
  5
660
330
83
100
AcDbEntity
  8
Edges
100
AcDbLine
 10
10.45144210472625
 20
-3.062869469879874
 30
0.0
 11
10.45268660121974
 21
-3.062869469879874
 31
0.0
  0
LINE
  5
661
330
83
100
AcDbEntity
  8
Edges
100
AcDbLine
 10
10.64416082175923
 20
-3.062869469879874
 30
0.0
 11
10.76394210472625
 21
-3.062869469879874
 31
0.0
  0
LINE
  5
662
330
83
100
AcDbEntity
  8
Edges
100
AcDbLine
 10
-17.35553978724692
 20
-2.146958373885984
 30
0.0
 11
-17.35553978724692
 21
-1.900756408995944
 31
0.0
  0
LINE
  5
663
330
83
100
AcDbEntity
  8
Edges
100
AcDbLine
 10
-17.35553978724692
 20
-1.900756408995944
 30
0.0
 11
-17.21811481403344
 21
-1.900756408995944
 31
0.0
  0
LINE
  5
664
330
83
100
AcDbEntity
  8
Edges
100
AcDbLine
 10
-16.900302163201
 20
-1.900756408995944
 30
0.0
 11
-16.79303978724692
 21
-1.900756408995944
 31
0.0
  0
LINE
  5
665
330
83
100
AcDbEntity
  8
Edges
100
AcDbLine
 10
-16.79303978724692
 20
-1.900756408995944
 30
0.0
 11
-16.79303978724692
 21
-2.146958373885984
 31
0.0
  0
LINE
  5
666
330
83
100
AcDbEntity
  8
Edges
100
AcDbLine
 10
-17.177055664535
 20
-2.146958373885984
 30
0.0
 11
-17.35553978724692
 21
-2.146958373885984
 31
0.0
  0
LINE
  5
667
330
83
100
AcDbEntity
  8
Edges
100
AcDbLine
 10
11.50673203623896
 20
-0.9194552504296709
 30
0.0
 11
11.46972416222323
 21
-0.9194552504296709
 31
0.0
  0
LINE
  5
668
330
83
100
AcDbEntity
  8
Edges
100
AcDbLine
 10
6.70724861583146
 20
-0.9194552504296709
 30
0.0
 11
6.656924162223219
 21
-0.9194552504296709
 31
0.0
  0
LINE
  5
669
330
83
100
AcDbEntity
  8
Edges
100
AcDbLine
 10
-2.918351384168531
 20
-0.9194552504296709
 30
0.0
 11
-2.968675837776785
 21
-0.9194552504296709
 31
0.0
  0
LINE
  5
66A
330
83
100
AcDbEntity
  8
Edges
100
AcDbLine
 10
-7.731151384168541
 20
-0.9194552504296709
 30
0.0
 11
-7.781475837776767
 21
-0.9194552504296709
 31
0.0
  0
LINE
  5
66B
330
83
100
AcDbEntity
  8
Edges
100
AcDbLine
 10
-12.54395138416852
 20
-0.9194552504296709
 30
0.0
 11
-12.55171773241109
 21
-0.9194552504296709
 31
0.0
  0
LINE
  5
66C
330
83
100
AcDbEntity
  8
Edges
100
AcDbLine
 10
-17.95264120672574
 20
-14.80927304143761
 30
0.0
 11
19.57745634998909
 21
-14.80927304143761
 31
0.0
  0
LINE
  5
66D
330
83
100
AcDbEntity
  8
Edges
100
AcDbLine
 10
20.63995634998909
 20
-4.862422767884773
 30
0.0
 11
20.63995634998909
 21
-4.865700531303325
 31
0.0
  0
LINE
  5
66E
330
83
100
AcDbEntity
  8
Edges
100
AcDbLine
 10
-19.01514120672574
 20
-4.862422767884773
 30
0.0
 11
-19.01514120672574
 21
-4.865700531303325
 31
0.0
  0
LINE
  5
66F
330
83
100
AcDbEntity
  8
Edges
100
AcDbLine
 10
6.89672893078324
 20
-0.9432820771940981
 30
0.0
 11
6.896728930622117
 21
-1.377932533167725
 31
0.0
  0
LINE
  5
670
330
83
100
AcDbEntity
  8
Edges
100
AcDbLine
 10
6.896728930458721
 20
-1.818724430454775
 30
0.0
 11
6.89672893000808
 21
-3.034437837929251
 31
0.0
  0
LINE
  5
671
330
83
100
AcDbEntity
  8
Edges
100
AcDbLine
 10
6.89672893000808
 20
-3.034437837929251
 30
0.0
 11
10.48050255978818
 21
-3.034437838959174
 31
0.0
  0
LINE
  5
672
330
83
100
AcDbEntity
  8
Edges
100
AcDbLine
 10
10.52526683669448
 20
-3.034437838972039
 30
0.0
 11
10.57158058631775
 21
-3.034437838985349
 31
0.0
  0
LINE
  5
673
330
83
100
AcDbEntity
  8
Edges
100
AcDbLine
 10
10.61634486324345
 20
-3.034437838998213
 30
0.0
 11
11.28024384647858
 21
-3.034437839189007
 31
0.0
  0
LINE
  5
674
330
83
100
AcDbEntity
  8
Edges
100
AcDbLine
 10
11.28024384647858
 20
-3.034437839189007
 30
0.0
 11
11.28024384692922
 21
-1.818724430454844
 31
0.0
  0
LINE
  5
675
330
83
100
AcDbEntity
  8
Edges
100
AcDbLine
 10
11.28024384709262
 20
-1.377932533167794
 30
0.0
 11
11.28024384725373
 21
-0.943282078453854
 31
0.0
  0
LINE
  5
676
330
83
100
AcDbEntity
  8
Edges
100
AcDbLine
 10
11.28024384725373
 20
-0.943282078453854
 30
0.0
 11
6.89672893078324
 21
-0.9432820771940981
 31
0.0
  0
LINE
  5
677
330
83
100
AcDbEntity
  8
Edges
100
AcDbLine
 10
-12.55171773320563
 20
-3.062869469879874
 30
0.0
 11
-12.55171773274445
 21
-1.818724430454468
 31
0.0
  0
LINE
  5
678
330
83
100
AcDbEntity
  8
Edges
100
AcDbLine
 10
-12.55171773251001
 20
-1.186327976428366
 30
0.0
 11
-12.55171773250828
 21
-1.181635829679059
 31
0.0
  0
LINE
  5
679
330
83
100
AcDbEntity
  8
Edges
100
AcDbLine
 10
11.50673203544441
 20
-3.062869469879874
 30
0.0
 11
11.5067320359056
 21
-1.818724430454848
 31
0.0
  0
LINE
  5
67A
330
83
100
AcDbEntity
  8
Edges
100
AcDbLine
 10
11.65476353229311
 20
-0.9432820785532008
 30
0.0
 11
11.65476353213199
 21
-1.3779325331678
 31
0.0
  0
LINE
  5
67B
330
83
100
AcDbEntity
  8
Edges
100
AcDbLine
 10
11.6547635319686
 20
-1.818724430454849
 30
0.0
 11
11.65476353151795
 21
-3.034437839295473
 31
0.0
  0
LINE
  5
67C
330
83
100
AcDbEntity
  8
Edges
100
AcDbLine
 10
15.00052276333873
 20
-0.9432820795176048
 30
0.0
 11
11.65476353229311
 21
-0.9432820785532008
 31
0.0
  0
LINE
  5
67D
330
83
100
AcDbEntity
  8
Edges
100
AcDbLine
 10
15.0246493416389
 20
-0.9445961190896085
 30
0.0
 11
15.00052276333873
 21
-0.9432820795176048
 31
0.0
  0
LINE
  5
67E
330
83
100
AcDbEntity
  8
Edges
100
AcDbLine
 10
15.04359997532816
 20
-0.9477284587760026
 30
0.0
 11
15.0246493416389
 21
-0.9445961190896085
 31
0.0
  0
LINE
  5
67F
330
83
100
AcDbEntity
  8
Edges
100
AcDbLine
 10
15.06189646322529
 20
-0.9528894405530895
 30
0.0
 11
15.04359997532816
 21
-0.9477284587760026
 31
0.0
  0
LINE
  5
680
330
83
100
AcDbEntity
  8
Edges
100
AcDbLine
 10
15.07922574734968
 20
-0.9599907585917769
 30
0.0
 11
15.06189646322529
 21
-0.9528894405530895
 31
0.0
  0
LINE
  5
681
330
83
100
AcDbEntity
  8
Edges
100
AcDbLine
 10
15.09529131884531
 20
-0.9689109073715558
 30
0.0
 11
15.07922574734968
 21
-0.9599907585917769
 31
0.0
  0
LINE
  5
682
330
83
100
AcDbEntity
  8
Edges
100
AcDbLine
 10
15.10981829132974
 20
-0.9794972606736717
 30
0.0
 11
15.09529131884531
 21
-0.9689109073715558
 31
0.0
  0
LINE
  5
683
330
83
100
AcDbEntity
  8
Edges
100
AcDbLine
 10
15.12255810427612
 20
-0.9915686830580593
 30
0.0
 11
15.10981829132974
 21
-0.9794972606736717
 31
0.0
  0
LINE
  5
684
330
83
100
AcDbEntity
  8
Edges
100
AcDbLine
 10
15.13329277595272
 20
-1.004918629140863
 30
0.0
 11
15.12255810427612
 21
-0.9915686830580593
 31
0.0
  0
LINE
  5
685
330
83
100
AcDbEntity
  8
Edges
100
AcDbLine
 10
15.14183863315101
 20
-1.01931867764329
 30
0.0
 11
15.13329277595272
 21
-1.004918629140863
 31
0.0
  0
LINE
  5
686
330
83
100
AcDbEntity
  8
Edges
100
AcDbLine
 10
15.14804945388495
 20
-1.03452243974303
 30
0.0
 11
15.14183863315101
 21
-1.01931867764329
 31
0.0
  0
LINE
  5
687
330
83
100
AcDbEntity
  8
Edges
100
AcDbLine
 10
15.15181896928982
 20
-1.050269774855317
 30
0.0
 11
15.14804945388495
 21
-1.03452243974303
 31
0.0
  0
LINE
  5
688
330
83
100
AcDbEntity
  8
Edges
100
AcDbLine
 10
15.1534003087701
 20
-1.070318144736201
 30
0.0
 11
15.15181896928982
 21
-1.050269774855317
 31
0.0
  0
LINE
  5
689
330
83
100
AcDbEntity
  8
Edges
100
AcDbLine
 10
15.15340030811309
 20
-2.842755346995559
 30
0.0
 11
15.15340030811384
 21
-2.84070459987505
 31
0.0
  0
LINE
  5
68A
330
83
100
AcDbEntity
  8
Edges
100
AcDbLine
 10
15.15340030811461
 20
-2.838637839163165
 30
0.0
 11
15.15340030849268
 21
-1.818724430454905
 31
0.0
  0
LINE
  5
68B
330
83
100
AcDbEntity
  8
Edges
100
AcDbLine
 10
15.15340030865607
 20
-1.377932533167856
 30
0.0
 11
15.1534003087701
 21
-1.070318144736201
 31
0.0
  0
LINE
  5
68C
330
83
100
AcDbEntity
  8
Edges
100
AcDbLine
 10
15.15181896859397
 20
-2.927450144521982
 30
0.0
 11
15.15242076542013
 21
-2.919820508122924
 31
0.0
  0
LINE
  5
68D
330
83
100
AcDbEntity
  8
Edges
100
AcDbLine
 10
15.14804945317743
 20
-2.94319747965238
 30
0.0
 11
15.15181896859397
 21
-2.927450144521982
 31
0.0
  0
LINE
  5
68E
330
83
100
AcDbEntity
  8
Edges
100
AcDbLine
 10
15.14183863243221
 20
-2.958401241775518
 30
0.0
 11
15.14804945317743
 21
-2.94319747965238
 31
0.0
  0
LINE
  5
68F
330
83
100
AcDbEntity
  8
Edges
100
AcDbLine
 10
15.13329277522325
 20
-2.972801290306215
 30
0.0
 11
15.14183863243221
 21
-2.958401241775518
 31
0.0
  0
LINE
  5
690
330
83
100
AcDbEntity
  8
Edges
100
AcDbLine
 10
15.12255810353674
 20
-2.986151236421652
 30
0.0
 11
15.13329277522325
 21
-2.972801290306215
 31
0.0
  0
LINE
  5
691
330
83
100
AcDbEntity
  8
Edges
100
AcDbLine
 10
15.10981829058141
 20
-2.9982226588425
 30
0.0
 11
15.12255810353674
 21
-2.986151236421652
 31
0.0
  0
LINE
  5
692
330
83
100
AcDbEntity
  8
Edges
100
AcDbLine
 10
15.09529131808915
 20
-3.008809012184299
 30
0.0
 11
15.10981829058141
 21
-2.9982226588425
 31
0.0
  0
LINE
  5
693
330
83
100
AcDbEntity
  8
Edges
100
AcDbLine
 10
15.0792257465869
 20
-3.017729161006269
 30
0.0
 11
15.09529131808915
 21
-3.008809012184299
 31
0.0
  0
LINE
  5
694
330
83
100
AcDbEntity
  8
Edges
100
AcDbLine
 10
15.06189646245724
 20
-3.024830479088938
 30
0.0
 11
15.0792257465869
 21
-3.017729161006269
 31
0.0
  0
LINE
  5
695
330
83
100
AcDbEntity
  8
Edges
100
AcDbLine
 10
15.04359997455629
 20
-3.029991460911077
 30
0.0
 11
15.06189646245724
 21
-3.024830479088938
 31
0.0
  0
LINE
  5
696
330
83
100
AcDbEntity
  8
Edges
100
AcDbLine
 10
15.02464934086471
 20
-3.033123800642789
 30
0.0
 11
15.04359997455629
 21
-3.029991460911077
 31
0.0
  0
LINE
  5
697
330
83
100
AcDbEntity
  8
Edges
100
AcDbLine
 10
15.00052276256355
 20
-3.034437840253859
 30
0.0
 11
15.02464934086471
 21
-3.033123800642789
 31
0.0
  0
LINE
  5
698
330
83
100
AcDbEntity
  8
Edges
100
AcDbLine
 10
11.65476353151795
 20
-3.034437839295473
 30
0.0
 11
15.00052276256355
 21
-3.034437840253859
 31
0.0
  0
LINE
  5
699
330
83
100
AcDbEntity
  8
Edges
100
AcDbLine
 10
-16.04550846030369
 20
-3.034437831334829
 30
0.0
 11
-12.69974922925809
 21
-3.034437832289234
 31
0.0
  0
LINE
  5
69A
330
83
100
AcDbEntity
  8
Edges
100
AcDbLine
 10
-16.06963503860387
 20
-3.033123791720351
 30
0.0
 11
-16.04550846030369
 21
-3.034437831334829
 31
0.0
  0
LINE
  5
69B
330
83
100
AcDbEntity
  8
Edges
100
AcDbLine
 10
-16.08858567229313
 20
-3.029991451977719
 30
0.0
 11
-16.06963503860387
 21
-3.033123791720351
 31
0.0
  0
LINE
  5
69C
330
83
100
AcDbEntity
  8
Edges
100
AcDbLine
 10
-16.10688216019028
 20
-3.024830470144804
 30
0.0
 11
-16.08858567229313
 21
-3.029991451977719
 31
0.0
  0
LINE
  5
69D
330
83
100
AcDbEntity
  8
Edges
100
AcDbLine
 10
-16.12421144431464
 20
-3.017729152051673
 30
0.0
 11
-16.10688216019028
 21
-3.024830470144804
 31
0.0
  0
LINE
  5
69E
330
83
100
AcDbEntity
  8
Edges
100
AcDbLine
 10
-16.14027701581029
 20
-3.008809003219768
 30
0.0
 11
-16.12421144431464
 21
-3.017729152051673
 31
0.0
  0
LINE
  5
69F
330
83
100
AcDbEntity
  8
Edges
100
AcDbLine
 10
-16.15480398829474
 20
-2.998222649868695
 30
0.0
 11
-16.14027701581029
 21
-3.008809003219768
 31
0.0
  0
LINE
  5
6A0
330
83
100
AcDbEntity
  8
Edges
100
AcDbLine
 10
-16.16754380124108
 20
-2.986151227439428
 30
0.0
 11
-16.15480398829474
 21
-2.998222649868695
 31
0.0
  0
LINE
  5
6A1
330
83
100
AcDbEntity
  8
Edges
100
AcDbLine
 10
-16.17827847291771
 20
-2.97280128131654
 30
0.0
 11
-16.16754380124108
 21
-2.986151227439428
 31
0.0
  0
LINE
  5
6A2
330
83
100
AcDbEntity
  8
Edges
100
AcDbLine
 10
-16.18682433011599
 20
-2.95840123277949
 30
0.0
 11
-16.17827847291771
 21
-2.97280128131654
 31
0.0
  0
LINE
  5
6A3
330
83
100
AcDbEntity
  8
Edges
100
AcDbLine
 10
-16.19303515084992
 20
-2.943197470651218
 30
0.0
 11
-16.18682433011599
 21
-2.95840123277949
 31
0.0
  0
LINE
  5
6A4
330
83
100
AcDbEntity
  8
Edges
100
AcDbLine
 10
-16.19680466625479
 20
-2.927450135517009
 30
0.0
 11
-16.19303515084992
 21
-2.943197470651218
 31
0.0
  0
LINE
  5
6A5
330
83
100
AcDbEntity
  8
Edges
100
AcDbLine
 10
-16.19838600573507
 20
-2.907401765619423
 30
0.0
 11
-16.19680466625479
 21
-2.927450135517009
 31
0.0
  0
LINE
  5
6A6
330
83
100
AcDbEntity
  8
Edges
100
AcDbLine
 10
-16.19838600512469
 20
-1.260751737926938
 30
0.0
 11
-16.19838600516812
 21
-1.377932533167362
 31
0.0
  0
LINE
  5
6A7
330
83
100
AcDbEntity
  8
Edges
100
AcDbLine
 10
-16.19838600533151
 20
-1.818724430454412
 30
0.0
 11
-16.19838600573507
 21
-2.907401765619423
 31
0.0
  0
LINE
  5
6A8
330
83
100
AcDbEntity
  8
Edges
100
AcDbLine
 10
-16.19680466555894
 20
-1.050269765842036
 30
0.0
 11
-16.1983860050541
 21
-1.070318135725327
 31
0.0
  0
LINE
  5
6A9
330
83
100
AcDbEntity
  8
Edges
100
AcDbLine
 10
-16.1930351501424
 20
-1.034522430730278
 30
0.0
 11
-16.19680466555894
 21
-1.050269765842036
 31
0.0
  0
LINE
  5
6AA
330
83
100
AcDbEntity
  8
Edges
100
AcDbLine
 10
-16.18682432939721
 20
-1.019318668632541
 30
0.0
 11
-16.1930351501424
 21
-1.034522430730278
 31
0.0
  0
LINE
  5
6AB
330
83
100
AcDbEntity
  8
Edges
100
AcDbLine
 10
-16.17827847218824
 20
-1.004918620133578
 30
0.0
 11
-16.18682432939721
 21
-1.019318668632541
 31
0.0
  0
LINE
  5
6AC
330
83
100
AcDbEntity
  8
Edges
100
AcDbLine
 10
-16.1675438005017
 20
-0.9915686740556669
 30
0.0
 11
-16.17827847218824
 21
-1.004918620133578
 31
0.0
  0
LINE
  5
6AD
330
83
100
AcDbEntity
  8
Edges
100
AcDbLine
 10
-16.15480398754639
 20
-0.9794972516775178
 30
0.0
 11
-16.1675438005017
 21
-0.9915686740556669
 31
0.0
  0
LINE
  5
6AE
330
83
100
AcDbEntity
  8
Edges
100
AcDbLine
 10
-16.14027701505414
 20
-0.9689108983828145
 30
0.0
 11
-16.15480398754639
 21
-0.9794972516775178
 31
0.0
  0
LINE
  5
6AF
330
83
100
AcDbEntity
  8
Edges
100
AcDbLine
 10
-16.12421144355186
 20
-0.959990749611566
 30
0.0
 11
-16.14027701505414
 21
-0.9689108983828145
 31
0.0
  0
LINE
  5
6B0
330
83
100
AcDbEntity
  8
Edges
100
AcDbLine
 10
-16.10688215942223
 20
-0.9528894315823501
 30
0.0
 11
-16.12421144355186
 21
-0.959990749611566
 31
0.0
  0
LINE
  5
6B1
330
83
100
AcDbEntity
  8
Edges
100
AcDbLine
 10
-16.08858567152126
 20
-0.9477284498155125
 30
0.0
 11
-16.10688215942223
 21
-0.9528894315823501
 31
0.0
  0
LINE
  5
6B2
330
83
100
AcDbEntity
  8
Edges
100
AcDbLine
 10
-16.06963503782968
 20
-0.9445961101399781
 30
0.0
 11
-16.08858567152126
 21
-0.9477284498155125
 31
0.0
  0
LINE
  5
6B3
330
83
100
AcDbEntity
  8
Edges
100
AcDbLine
 10
-16.04550845952852
 20
-0.9432820705922866
 30
0.0
 11
-16.06963503782968
 21
-0.9445961101399781
 31
0.0
  0
LINE
  5
6B4
330
83
100
AcDbEntity
  8
Edges
100
AcDbLine
 10
-12.69974922848293
 20
-0.9432820715614473
 30
0.0
 11
-16.04550845952852
 21
-0.9432820705922866
 31
0.0
  0
LINE
  5
6B5
330
83
100
AcDbEntity
  8
Edges
100
AcDbLine
 10
-12.69974922925809
 20
-3.034437832289234
 30
0.0
 11
-12.69974922880743
 21
-1.818724430454467
 31
0.0
  0
LINE
  5
6B6
330
83
100
AcDbEntity
  8
Edges
100
AcDbLine
 10
-12.69974922857302
 20
-1.186327976428366
 30
0.0
 11
-12.69974922857128
 21
-1.18163582967906
 31
0.0
  0
LINE
  5
6B7
330
83
100
AcDbEntity
  8
Edges
100
AcDbLine
 10
-12.69974922857051
 20
-1.179569068967176
 30
0.0
 11
-12.69974922848293
 21
-0.9432820715614473
 31
0.0
  0
LINE
  5
6B8
330
83
100
AcDbEntity
  8
Edges
100
AcDbLine
 10
6.707248615036917
 20
-3.062869469879874
 30
0.0
 11
6.707248615498116
 21
-1.818724430454771
 31
0.0
  0
LINE
  5
6B9
330
83
100
AcDbEntity
  8
Edges
100
AcDbLine
 10
10.76394210472625
 20
-3.157447001436812
 30
0.0
 11
10.65857964943887
 21
-3.157447001406533
 31
0.0
  0
LINE
  5
6BA
330
83
100
AcDbEntity
  8
Edges
100
AcDbLine
 10
11.46972416142867
 20
-3.062869469879874
 30
0.0
 11
11.46972416188987
 21
-1.818724430454847
 31
0.0
  0
LINE
  5
6BB
330
83
100
AcDbEntity
  8
Edges
100
AcDbLine
 10
10.79705965471476
 20
-0.8202729159188066
 30
0.0
 11
10.68977457545712
 21
-0.8202729158879744
 31
0.0
  0
LINE
  5
6BC
330
83
100
AcDbEntity
  8
Edges
100
AcDbLine
 10
1.894448615036935
 20
-3.062869469879874
 30
0.0
 11
1.893701134568644
 21
-2.883384733656015
 31
0.0
  0
LINE
  5
6BD
330
83
100
AcDbEntity
  8
Edges
100
AcDbLine
 10
1.894448615103755
 20
-2.882590117218612
 30
0.0
 11
1.894448615105304
 21
-2.87844133989845
 31
0.0
  0
LINE
  5
6BE
330
83
100
AcDbEntity
  8
Edges
100
AcDbLine
 10
1.894900713738024
 20
-2.788146142846962
 30
0.0
 11
1.894448615141399
 21
-2.781064402654868
 31
0.0
  0
LINE
  5
6BF
330
83
100
AcDbEntity
  8
Edges
100
AcDbLine
 10
2.08392893000807
 20
-3.034437836546125
 30
0.0
 11
3.543002562478108
 21
-3.034437836965445
 31
0.0
  0
LINE
  5
6C0
330
83
100
AcDbEntity
  8
Edges
100
AcDbLine
 10
3.587766841677563
 20
-3.034437836978309
 30
0.0
 11
3.634080581334671
 21
-3.034437836991619
 31
0.0
  0
LINE
  5
6C1
330
83
100
AcDbEntity
  8
Edges
100
AcDbLine
 10
3.678844860553525
 20
-3.034437837004483
 30
0.0
 11
6.467443846478573
 21
-3.034437837805892
 31
0.0
  0
LINE
  5
6C2
330
83
100
AcDbEntity
  8
Edges
100
AcDbLine
 10
3.500721651251438
 20
-3.157446999349472
 30
0.0
 11
3.388942104726254
 21
-3.157446999317349
 31
0.0
  0
LINE
  5
6C3
330
83
100
AcDbEntity
  8
Edges
100
AcDbLine
 10
6.656924161428676
 20
-3.062869469879874
 30
0.0
 11
6.656924161889861
 21
-1.818724430454771
 31
0.0
  0
LINE
  5
6C4
330
83
100
AcDbEntity
  8
Edges
100
AcDbLine
 10
3.797059654714757
 20
-0.8202729139071095
 30
0.0
 11
3.752274575457121
 21
-0.8202729138942391
 31
0.0
  0
LINE
  5
6C5
330
83
100
AcDbEntity
  8
Edges
100
AcDbLine
 10
3.53196269955832
 20
-0.8202729138309248
 30
0.0
 11
3.484559654714757
 21
-0.8202729138173022
 31
0.0
  0
LINE
  5
6C6
330
83
100
AcDbEntity
  8
Edges
100
AcDbLine
 10
2.083928930783244
 20
-0.9432820758109684
 30
0.0
 11
2.083928930706179
 21
-1.15118851321688
 31
0.0
  0
LINE
  5
6C7
330
83
100
AcDbEntity
  8
Edges
100
AcDbLine
 10
2.083928930341613
 20
-2.134663513216878
 30
0.0
 11
2.083928930080659
 21
-2.838637839163169
 31
0.0
  0
LINE
  5
6C8
330
83
100
AcDbEntity
  8
Edges
100
AcDbLine
 10
2.083928930079892
 20
-2.840704599875053
 30
0.0
 11
2.083928930079125
 21
-2.842755346995559
 31
0.0
  0
LINE
  5
6C9
330
83
100
AcDbEntity
  8
Edges
100
AcDbLine
 10
2.083928930050561
 20
-2.919820508122924
 30
0.0
 11
2.08392893000807
 21
-3.034437836546125
 31
0.0
  0
LINE
  5
6CA
330
83
100
AcDbEntity
  8
Edges
100
AcDbLine
 10
6.467443847253733
 20
-0.9432820770707245
 30
0.0
 11
2.083928930783244
 21
-0.9432820758109684
 31
0.0
  0
LINE
  5
6CB
330
83
100
AcDbEntity
  8
Edges
100
AcDbLine
 10
6.467443846478573
 20
-3.034437837805892
 30
0.0
 11
6.467443846929228
 21
-1.818724430454768
 31
0.0
  0
LINE
  5
6CC
330
83
100
AcDbEntity
  8
Edges
100
AcDbLine
 10
6.467443847092624
 20
-1.377932533167719
 30
0.0
 11
6.467443847253733
 21
-0.9432820770707245
 31
0.0
  0
LINE
  5
6CD
330
83
100
AcDbEntity
  8
Edges
100
AcDbLine
 10
1.844124161543604
 20
-2.752826339752828
 30
0.0
 11
1.844124161546773
 21
-2.744299100455903
 31
0.0
  0
LINE
  5
6CE
330
83
100
AcDbEntity
  8
Edges
100
AcDbLine
 10
-2.614844159826731
 20
-0.94328207446061
 30
0.0
 11
-2.621651372636094
 21
-0.9432820744586534
 31
0.0
  0
LINE
  5
6CF
330
83
100
AcDbEntity
  8
Edges
100
AcDbLine
 10
-2.638085438122416
 20
-0.9432820744539309
 30
0.0
 11
-2.646592336395059
 21
-0.9432820744514858
 31
0.0
  0
LINE
  5
6D0
330
83
100
AcDbEntity
  8
Edges
100
AcDbLine
 10
-2.654519503608739
 20
-0.9432820744492076
 30
0.0
 11
-2.661326716418102
 21
-0.9432820744472515
 31
0.0
  0
LINE
  5
6D1
330
83
100
AcDbEntity
  8
Edges
100
AcDbLine
 10
-2.728871069294612
 20
-1.153354376350981
 30
0.0
 11
-2.728871069296374
 21
-1.158084222374982
 31
0.0
  0
LINE
  5
6D2
330
83
100
AcDbEntity
  8
Edges
100
AcDbLine
 10
-2.72887106954127
 20
-1.818724430454624
 30
0.0
 11
-2.728871069991924
 21
-3.034437835163
 31
0.0
  0
LINE
  5
6D3
330
83
100
AcDbEntity
  8
Edges
100
AcDbLine
 10
-2.918351384963074
 20
-3.062869469879874
 30
0.0
 11
-2.918351384501889
 21
-1.81872443045462
 31
0.0
  0
LINE
  5
6D4
330
83
100
AcDbEntity
  8
Edges
100
AcDbLine
 10
-2.918351384338492
 20
-1.37793253316757
 30
0.0
 11
-2.91835138429505
 21
-1.260751737926938
 31
0.0
  0
LINE
  5
6D5
330
83
100
AcDbEntity
  8
Edges
100
AcDbLine
 10
-2.918351384266486
 20
-1.183686576799573
 30
0.0
 11
-2.918351384265719
 21
-1.181635829679066
 31
0.0
  0
LINE
  5
6D6
330
83
100
AcDbEntity
  8
Edges
100
AcDbLine
 10
1.654643846478577
 20
-3.03443783642276
 30
0.0
 11
1.65464384681212
 21
-2.134663513216878
 31
0.0
  0
LINE
  5
6D7
330
83
100
AcDbEntity
  8
Edges
100
AcDbLine
 10
1.654643847176686
 20
-1.151188513216887
 30
0.0
 11
1.654643847253765
 21
-0.9432820756875965
 31
0.0
  0
LINE
  5
6D8
330
83
100
AcDbEntity
  8
Edges
100
AcDbLine
 10
-2.728871069991924
 20
-3.034437835163
 30
0.0
 11
1.654643846478577
 21
-3.03443783642276
 31
0.0
  0
LINE
  5
6D9
330
83
100
AcDbEntity
  8
Edges
100
AcDbLine
 10
-3.390440345285242
 20
-0.8202729118415273
 30
0.0
 11
-3.435225424542878
 21
-0.8202729118286566
 31
0.0
  0
LINE
  5
6DA
330
83
100
AcDbEntity
  8
Edges
100
AcDbLine
 10
-3.655537300441679
 20
-0.8202729117653424
 30
0.0
 11
-3.702940345285242
 21
-0.8202729117517195
 31
0.0
  0
LINE
  5
6DB
330
83
100
AcDbEntity
  8
Edges
100
AcDbLine
 10
-7.541671069216747
 20
-0.9432820730447062
 30
0.0
 11
-7.541671069377869
 21
-1.377932533167498
 31
0.0
  0
LINE
  5
6DC
330
83
100
AcDbEntity
  8
Edges
100
AcDbLine
 10
-7.541671069541266
 20
-1.818724430454548
 30
0.0
 11
-7.541671069991934
 21
-3.034437833779867
 31
0.0
  0
LINE
  5
6DD
330
83
100
AcDbEntity
  8
Edges
100
AcDbLine
 10
-7.541671069991934
 20
-3.034437833779867
 30
0.0
 11
-3.644497434735015
 21
-3.034437834899862
 31
0.0
  0
LINE
  5
6DE
330
83
100
AcDbEntity
  8
Edges
100
AcDbLine
 10
-3.598903787507111
 20
-3.034437834912965
 30
0.0
 11
-3.553419423828003
 21
-3.034437834926037
 31
0.0
  0
LINE
  5
6DF
330
83
100
AcDbEntity
  8
Edges
100
AcDbLine
 10
-3.508655142233365
 20
-3.034437834938901
 30
0.0
 11
-3.158156153521417
 21
-3.03443783503963
 31
0.0
  0
LINE
  5
6E0
330
83
100
AcDbEntity
  8
Edges
100
AcDbLine
 10
-3.158156153521417
 20
-3.03443783503963
 30
0.0
 11
-3.158156153070763
 21
-1.818724430454617
 31
0.0
  0
LINE
  5
6E1
330
83
100
AcDbEntity
  8
Edges
100
AcDbLine
 10
-3.158156152907366
 20
-1.377932533167567
 30
0.0
 11
-3.158156152863924
 21
-1.260751737926938
 31
0.0
  0
LINE
  5
6E2
330
83
100
AcDbEntity
  8
Edges
100
AcDbLine
 10
-3.15815615283536
 20
-1.183686576799573
 30
0.0
 11
-3.158156152834607
 21
-1.181635829679066
 31
0.0
  0
LINE
  5
6E3
330
83
100
AcDbEntity
  8
Edges
100
AcDbLine
 10
-3.158156152833839
 20
-1.179569068967182
 30
0.0
 11
-3.158156152746244
 21
-0.9432820743044665
 31
0.0
  0
LINE
  5
6E4
330
83
100
AcDbEntity
  8
Edges
100
AcDbLine
 10
-3.158156152746244
 20
-0.9432820743044665
 30
0.0
 11
-7.541671069216747
 21
-0.9432820730447062
 31
0.0
  0
LINE
  5
6E5
330
83
100
AcDbEntity
  8
Edges
100
AcDbLine
 10
-3.423557895273745
 20
-3.157446997359537
 30
0.0
 11
-3.466420350561122
 21
-3.157446997347219
 31
0.0
  0
LINE
  5
6E6
330
83
100
AcDbEntity
  8
Edges
100
AcDbLine
 10
-3.686778349030092
 20
-3.157446997283891
 30
0.0
 11
-3.736057895273745
 21
-3.15744699726973
 31
0.0
  0
LINE
  5
6E7
330
83
100
AcDbEntity
  8
Edges
100
AcDbLine
 10
-2.968675838571328
 20
-3.062869469879874
 30
0.0
 11
-2.968675838110129
 21
-1.81872443045462
 31
0.0
  0
LINE
  5
6E8
330
83
100
AcDbEntity
  8
Edges
100
AcDbLine
 10
-2.968675837946733
 20
-1.37793253316757
 30
0.0
 11
-2.968675837903305
 21
-1.260751737926938
 31
0.0
  0
LINE
  5
6E9
330
83
100
AcDbEntity
  8
Edges
100
AcDbLine
 10
-2.968675837874741
 20
-1.183686576799573
 30
0.0
 11
-2.968675837873973
 21
-1.181635829679066
 31
0.0
  0
LINE
  5
6EA
330
83
100
AcDbEntity
  8
Edges
100
AcDbLine
 10
-7.731151384963084
 20
-3.062869469879874
 30
0.0
 11
-7.731151384501899
 21
-1.818724430454545
 31
0.0
  0
LINE
  5
6EB
330
83
100
AcDbEntity
  8
Edges
100
AcDbLine
 10
-10.64044034528524
 20
-0.8202729097579833
 30
0.0
 11
-10.68522542454289
 21
-0.8202729097451125
 31
0.0
  0
LINE
  5
6EC
330
83
100
AcDbEntity
  8
Edges
100
AcDbLine
 10
-10.90553730044169
 20
-0.8202729096817984
 30
0.0
 11
-10.95294034528524
 21
-0.8202729096681755
 31
0.0
  0
LINE
  5
6ED
330
83
100
AcDbEntity
  8
Edges
100
AcDbLine
 10
-10.61105789527374
 20
-3.157446995293959
 30
0.0
 11
-10.71642035056113
 21
-3.157446995263679
 31
0.0
  0
LINE
  5
6EE
330
83
100
AcDbEntity
  8
Edges
100
AcDbLine
 10
-7.781475838571324
 20
-3.062869469879874
 30
0.0
 11
-7.781475838110125
 21
-1.818724430454544
 31
0.0
  0
LINE
  5
6EF
330
83
100
AcDbEntity
  8
Edges
100
AcDbLine
 10
-12.54395138496306
 20
-3.062869469879874
 30
0.0
 11
-12.54395138450187
 21
-1.818724430454469
 31
0.0
  0
LINE
  5
6F0
330
83
100
AcDbEntity
  8
Edges
100
AcDbLine
 10
-12.54395138426744
 20
-1.186327976428366
 30
0.0
 11
-12.54395138426571
 21
-1.181635829679059
 31
0.0
  0
LINE
  5
6F1
330
83
100
AcDbEntity
  8
Edges
100
AcDbLine
 10
-12.35447106921673
 20
-0.9432820716615818
 30
0.0
 11
-12.35447106930547
 21
-1.182670840496033
 31
0.0
  0
LINE
  5
6F2
330
83
100
AcDbEntity
  8
Edges
100
AcDbLine
 10
-12.35447106933326
 20
-1.257649966400675
 30
0.0
 11
-12.35447106937785
 21
-1.377932533167422
 31
0.0
  0
LINE
  5
6F3
330
83
100
AcDbEntity
  8
Edges
100
AcDbLine
 10
-12.35447106954125
 20
-1.818724430454472
 30
0.0
 11
-12.35447106999189
 21
-3.034437832396732
 31
0.0
  0
LINE
  5
6F4
330
83
100
AcDbEntity
  8
Edges
100
AcDbLine
 10
-7.970956152746254
 20
-0.9432820729213426
 30
0.0
 11
-12.35447106921673
 21
-0.9432820716615818
 31
0.0
  0
LINE
  5
6F5
330
83
100
AcDbEntity
  8
Edges
100
AcDbLine
 10
-7.970956153521413
 20
-3.034437833656498
 30
0.0
 11
-7.970956153070758
 21
-1.818724430454541
 31
0.0
  0
LINE
  5
6F6
330
83
100
AcDbEntity
  8
Edges
100
AcDbLine
 10
-7.970956152907362
 20
-1.377932533167491
 30
0.0
 11
-7.970956152746254
 21
-0.9432820729213426
 31
0.0
  0
LINE
  5
6F7
330
83
100
AcDbEntity
  8
Edges
100
AcDbLine
 10
-12.35447106999189
 20
-3.034437832396732
 30
0.0
 11
-10.89449743192389
 21
-3.03443783281631
 31
0.0
  0
LINE
  5
6F8
330
83
100
AcDbEntity
  8
Edges
100
AcDbLine
 10
-10.84890378818808
 20
-3.034437832829413
 30
0.0
 11
-10.8034194290356
 21
-3.034437832842485
 31
0.0
  0
LINE
  5
6F9
330
83
100
AcDbEntity
  8
Edges
100
AcDbLine
 10
-10.75865514504448
 20
-3.034437832855349
 30
0.0
 11
-7.970956153521413
 21
-3.034437833656498
 31
0.0
  0
LINE
  5
6FA
330
83
100
AcDbEntity
  8
Edges
100
AcDbLine
 10
3.721079649438877
 20
-3.093246172890264
 30
0.0
 11
3.709686823568574
 21
-3.066678658588001
 31
0.0
  0
LINE
  5
6FB
330
83
100
AcDbEntity
  8
Edges
100
AcDbLine
 10
3.667386561913161
 20
-3.225966607785101
 30
0.0
 11
3.640151033550324
 21
-3.236863531175933
 31
0.0
  0
LINE
  5
6FC
330
83
100
AcDbEntity
  8
Edges
100
AcDbLine
 10
3.640151033550324
 20
-3.236863531175933
 30
0.0
 11
3.610923711489476
 21
-3.240580268815524
 31
0.0
  0
LINE
  5
6FD
330
83
100
AcDbEntity
  8
Edges
100
AcDbLine
 10
3.724965530179218
 20
-3.129274940913954
 30
0.0
 11
3.724965530179218
 21
-3.1217566275627
 31
0.0
  0
LINE
  5
6FE
330
83
100
AcDbEntity
  8
Edges
100
AcDbLine
 10
3.724965530179218
 20
-3.129274940913954
 30
0.0
 11
3.721079649438877
 21
-3.15778539558639
 31
0.0
  0
LINE
  5
6FF
330
83
100
AcDbEntity
  8
Edges
100
AcDbLine
 10
3.690174410631428
 20
-3.208735576921659
 30
0.0
 11
3.69156345482385
 21
-3.206987021637753
 31
0.0
  0
LINE
  5
700
330
83
100
AcDbEntity
  8
Edges
100
AcDbLine
 10
3.581915942335854
 20
-3.236754930310182
 30
0.0
 11
3.610923711489476
 21
-3.240580268815524
 31
0.0
  0
LINE
  5
701
330
83
100
AcDbEntity
  8
Edges
100
AcDbLine
 10
3.554885004712431
 20
-3.22593986358775
 30
0.0
 11
3.581915942335854
 21
-3.236754930310182
 31
0.0
  0
LINE
  5
702
330
83
100
AcDbEntity
  8
Edges
100
AcDbLine
 10
3.667386561913161
 20
-3.225966607785101
 30
0.0
 11
3.690174410631428
 21
-3.208735576921659
 31
0.0
  0
LINE
  5
703
330
83
100
AcDbEntity
  8
Edges
100
AcDbLine
 10
3.721079649438877
 20
-3.15778539558639
 30
0.0
 11
3.709254145812366
 21
-3.185618117522295
 31
0.0
  0
LINE
  5
704
330
83
100
AcDbEntity
  8
Edges
100
AcDbLine
 10
3.724965530179218
 20
-3.1217566275627
 30
0.0
 11
3.721079649438877
 21
-3.093246172890264
 31
0.0
  0
LINE
  5
705
330
83
100
AcDbEntity
  8
Edges
100
AcDbLine
 10
3.496881892799734
 20
-3.129274940913955
 30
0.0
 11
3.496881892799734
 21
-3.121756627562701
 31
0.0
  0
LINE
  5
706
330
83
100
AcDbEntity
  8
Edges
100
AcDbLine
 10
3.500767773540076
 20
-3.093246172890264
 30
0.0
 11
3.496881892799734
 21
-3.121756627562701
 31
0.0
  0
LINE
  5
707
330
83
100
AcDbEntity
  8
Edges
100
AcDbLine
 10
3.667944620834347
 20
-3.026358786920818
 30
0.0
 11
3.640439906104518
 21
-3.01535416217828
 31
0.0
  0
LINE
  5
708
330
83
100
AcDbEntity
  8
Edges
100
AcDbLine
 10
3.512160599410378
 20
-3.066678658588001
 30
0.0
 11
3.500767773540076
 21
-3.093246172890264
 31
0.0
  0
LINE
  5
709
330
83
100
AcDbEntity
  8
Edges
100
AcDbLine
 10
3.581407516874449
 20
-3.01535416217828
 30
0.0
 11
3.553902802144605
 21
-3.026358786920818
 31
0.0
  0
LINE
  5
70A
330
83
100
AcDbEntity
  8
Edges
100
AcDbLine
 10
3.530637248063712
 20
-3.208332211736855
 30
0.0
 11
3.512593277166601
 21
-3.185618117522295
 31
0.0
  0
LINE
  5
70B
330
83
100
AcDbEntity
  8
Edges
100
AcDbLine
 10
3.512593277166601
 20
-3.185618117522295
 30
0.0
 11
3.500888939166898
 21
-3.1585137865383
 31
0.0
  0
LINE
  5
70C
330
83
100
AcDbEntity
  8
Edges
100
AcDbLine
 10
3.640439906104518
 20
-3.01535416217828
 30
0.0
 11
3.610923711489476
 21
-3.011600689613301
 31
0.0
  0
LINE
  5
70D
330
83
100
AcDbEntity
  8
Edges
100
AcDbLine
 10
3.610923711489476
 20
-3.011600689613301
 30
0.0
 11
3.581407516874449
 21
-3.01535416217828
 31
0.0
  0
LINE
  5
70E
330
83
100
AcDbEntity
  8
Edges
100
AcDbLine
 10
3.500721651251438
 20
-3.157446999349472
 30
0.0
 11
3.496881892799734
 21
-3.129274940913955
 31
0.0
  0
LINE
  5
70F
330
83
100
AcDbEntity
  8
Edges
100
AcDbLine
 10
3.554885004712431
 20
-3.22593986358775
 30
0.0
 11
3.530637248063712
 21
-3.208332211736855
 31
0.0
  0
LINE
  5
710
330
83
100
AcDbEntity
  8
Edges
100
AcDbLine
 10
3.631786277361186
 20
-3.138407783520925
 30
0.0
 11
3.665763600402598
 21
-3.142728562385908
 31
0.0
  0
LINE
  5
711
330
83
100
AcDbEntity
  8
Edges
100
AcDbLine
 10
3.631786277361186
 20
-3.138407783520925
 30
0.0
 11
3.627313077921456
 21
-3.171227357354787
 31
0.0
  0
LINE
  5
712
330
83
100
AcDbEntity
  8
Edges
100
AcDbLine
 10
3.583735086302894
 20
-3.132297279450053
 30
0.0
 11
3.579261886863164
 21
-3.165116853283915
 31
0.0
  0
LINE
  5
713
330
83
100
AcDbEntity
  8
Edges
100
AcDbLine
 10
3.590061145617767
 20
-3.085883393022902
 30
0.0
 11
3.556083822576368
 21
-3.081562614157919
 31
0.0
  0
LINE
  5
714
330
83
100
AcDbEntity
  8
Edges
100
AcDbLine
 10
3.549757763261496
 20
-3.127976500585072
 30
0.0
 11
3.556083822576368
 21
-3.081562614157919
 31
0.0
  0
LINE
  5
715
330
83
100
AcDbEntity
  8
Edges
100
AcDbLine
 10
3.59453434505751
 20
-3.05306381918904
 30
0.0
 11
3.590061145617767
 21
-3.085883393022902
 31
0.0
  0
LINE
  5
716
330
83
100
AcDbEntity
  8
Edges
100
AcDbLine
 10
3.59453434505751
 20
-3.05306381918904
 30
0.0
 11
3.642585536115802
 21
-3.059174323259911
 31
0.0
  0
LINE
  5
717
330
83
100
AcDbEntity
  8
Edges
100
AcDbLine
 10
3.583735086302894
 20
-3.132297279450053
 30
0.0
 11
3.583735086302894
 21
-3.146028976757918
 31
0.0
  0
LINE
  5
718
330
83
100
AcDbEntity
  8
Edges
100
AcDbLine
 10
3.628036802763659
 20
-3.179649132488552
 30
0.0
 11
3.627449154968019
 21
-3.1839606662078
 31
0.0
  0
LINE
  5
719
330
83
100
AcDbEntity
  8
Edges
100
AcDbLine
 10
3.637955903222533
 20
-3.093141639184688
 30
0.0
 11
3.637955903222533
 21
-3.106873336492553
 31
0.0
  0
LINE
  5
71A
330
83
100
AcDbEntity
  8
Edges
100
AcDbLine
 10
3.637955903222533
 20
-3.106873336492553
 30
0.0
 11
3.670241491042318
 21
-3.109874569522376
 31
0.0
  0
LINE
  5
71B
330
83
100
AcDbEntity
  8
Edges
100
AcDbLine
 10
3.637955903222533
 20
-3.093141639184688
 30
0.0
 11
3.672089659717471
 21
-3.096314675958755
 31
0.0
  0
LINE
  5
71C
330
83
100
AcDbEntity
  8
Edges
100
AcDbLine
 10
3.590061145617767
 20
-3.085883393022902
 30
0.0
 11
3.590061145617767
 21
-3.099615090330765
 31
0.0
  0
LINE
  5
71D
330
83
100
AcDbEntity
  8
Edges
100
AcDbLine
 10
3.556083822576368
 20
-3.095294311465783
 30
0.0
 11
3.556083822576368
 21
-3.081562614157919
 31
0.0
  0
LINE
  5
71E
330
83
100
AcDbEntity
  8
Edges
100
AcDbLine
 10
3.556083822576368
 20
-3.095294311465783
 30
0.0
 11
3.590061145617767
 21
-3.099615090330765
 31
0.0
  0
LINE
  5
71F
330
83
100
AcDbEntity
  8
Edges
100
AcDbLine
 10
3.623455601148606
 20
-3.18446851265933
 30
0.0
 11
3.610923711489476
 21
-3.182874875517537
 31
0.0
  0
LINE
  5
720
330
83
100
AcDbEntity
  8
Edges
100
AcDbLine
 10
3.581101585465333
 20
-3.165350801403622
 30
0.0
 11
3.583735086302894
 21
-3.146028976757918
 31
0.0
  0
LINE
  5
721
330
83
100
AcDbEntity
  8
Edges
100
AcDbLine
 10
3.551597461863664
 20
-3.128210448704779
 30
0.0
 11
3.556083822576368
 21
-3.095294311465783
 31
0.0
  0
LINE
  5
722
330
83
100
AcDbEntity
  8
Edges
100
AcDbLine
 10
3.59453434505751
 20
-3.066795516496904
 30
0.0
 11
3.59453434505751
 21
-3.05306381918904
 31
0.0
  0
LINE
  5
723
330
83
100
AcDbEntity
  8
Edges
100
AcDbLine
 10
3.59453434505751
 20
-3.066795516496904
 30
0.0
 11
3.64074583751362
 21
-3.072672072448069
 31
0.0
  0
LINE
  5
724
330
83
100
AcDbEntity
  8
Edges
100
AcDbLine
 10
3.590061145617767
 20
-3.099615090330765
 30
0.0
 11
3.59453434505751
 21
-3.066795516496904
 31
0.0
  0
LINE
  5
725
330
83
100
AcDbEntity
  8
Edges
100
AcDbLine
 10
-19.57290918605542
 20
-1.142809396486295
 30
0.0
 11
-19.57714494872496
 21
-1.141166353078699
 31
0.0
  0
LINE
  5
726
330
83
100
AcDbEntity
  8
Edges
100
AcDbLine
 10
-19.51139496240206
 20
-1.148272763589123
 30
0.0
 11
-19.55893278717745
 21
-1.145467148859138
 31
0.0
  0
LINE
  5
727
330
83
100
AcDbEntity
  8
Edges
100
AcDbLine
 10
-19.55893278717745
 20
-1.145467148859138
 30
0.0
 11
-19.56372452926963
 21
-1.144978350075141
 31
0.0
  0
LINE
  5
728
330
83
100
AcDbEntity
  8
Edges
100
AcDbLine
 10
-19.56372452926963
 20
-1.144978350075141
 30
0.0
 11
-19.56841005242907
 21
-1.144087350869715
 31
0.0
  0
LINE
  5
729
330
83
100
AcDbEntity
  8
Edges
100
AcDbLine
 10
-19.56841005242907
 20
-1.144087350869715
 30
0.0
 11
-19.57290918605542
 21
-1.142809396486295
 31
0.0
  0
LINE
  5
72A
330
83
100
AcDbEntity
  8
Edges
100
AcDbLine
 10
-19.54647739968734
 20
-0.7724644791503481
 30
0.0
 11
-19.5417195984342
 21
-0.7721308115055719
 31
0.0
  0
LINE
  5
72B
330
83
100
AcDbEntity
  8
Edges
100
AcDbLine
 10
-19.5510956219059
 20
-0.7732043401738418
 30
0.0
 11
-19.54647739968734
 21
-0.7724644791503481
 31
0.0
  0
LINE
  5
72C
330
83
100
AcDbEntity
  8
Edges
100
AcDbLine
 10
-19.55549524602725
 20
-0.7743377353488126
 30
0.0
 11
-19.5510956219059
 21
-0.7732043401738418
 31
0.0
  0
LINE
  5
72D
330
83
100
AcDbEntity
  8
Edges
100
AcDbLine
 10
-19.53690362544499
 20
-0.7722090463854246
 30
0.0
 11
-19.4893658006696
 21
-0.7750146611154092
 31
0.0
  0
LINE
  5
72E
330
83
100
AcDbEntity
  8
Edges
100
AcDbLine
 10
-19.5417195984342
 20
-0.7721308115055719
 30
0.0
 11
-19.53690362544499
 21
-0.7722090463854246
 31
0.0
  0
LINE
  5
72F
330
83
100
AcDbEntity
  8
Edges
100
AcDbLine
 10
-19.44915283728056
 20
-0.8223914353824559
 30
0.0
 11
-19.44614913640435
 21
-0.8287693279283324
 31
0.0
  0
LINE
  5
730
330
83
100
AcDbEntity
  8
Edges
100
AcDbLine
 10
-19.45231036447536
 20
-0.8160848763703212
 30
0.0
 11
-19.44915283728056
 21
-0.8223914353824559
 31
0.0
  0
LINE
  5
731
330
83
100
AcDbEntity
  8
Edges
100
AcDbLine
 10
-19.44060991630131
 20
-0.8417246565710424
 30
0.0
 11
-19.43807752776162
 21
-0.8482947705032906
 31
0.0
  0
LINE
  5
732
330
83
100
AcDbEntity
  8
Edges
100
AcDbLine
 10
-19.44330095949513
 20
-0.8352149493152243
 30
0.0
 11
-19.44060991630131
 21
-0.8417246565710424
 31
0.0
  0
LINE
  5
733
330
83
100
AcDbEntity
  8
Edges
100
AcDbLine
 10
-19.44614913640435
 20
-0.8287693279283324
 30
0.0
 11
-19.44330095949513
 21
-0.8352149493152243
 31
0.0
  0
LINE
  5
734
330
83
100
AcDbEntity
  8
Edges
100
AcDbLine
 10
-19.43807752776162
 20
-0.8482947705032906
 30
0.0
 11
-19.43570522514548
 21
-0.8549215777784908
 31
0.0
  0
LINE
  5
735
330
83
100
AcDbEntity
  8
Edges
100
AcDbLine
 10
-19.45561993340004
 20
-0.809853215267973
 30
0.0
 11
-19.45231036447536
 21
-0.8160848763703212
 31
0.0
  0
LINE
  5
736
330
83
100
AcDbEntity
  8
Edges
100
AcDbLine
 10
-19.45907967353403
 20
-0.8036999741202382
 30
0.0
 11
-19.45561993340004
 21
-0.809853215267973
 31
0.0
  0
LINE
  5
737
330
83
100
AcDbEntity
  8
Edges
100
AcDbLine
 10
-19.4626876294822
 20
-0.7976286306501193
 30
0.0
 11
-19.45907967353403
 21
-0.8036999741202382
 31
0.0
  0
LINE
  5
738
330
83
100
AcDbEntity
  8
Edges
100
AcDbLine
 10
-19.45513062577248
 20
-1.087760912040367
 30
0.0
 11
-19.4585687073523
 21
-1.093908887079197
 31
0.0
  0
LINE
  5
739
330
83
100
AcDbEntity
  8
Edges
100
AcDbLine
 10
-19.48224197331909
 20
-1.128953869636577
 30
0.0
 11
-19.48667416346822
 21
-1.1344567388813
 31
0.0
  0
LINE
  5
73A
330
83
100
AcDbEntity
  8
Edges
100
AcDbLine
 10
-19.48667416346822
 20
-1.1344567388813
 30
0.0
 11
-19.49123897342446
 21
-1.139854566858571
 31
0.0
  0
LINE
  5
73B
330
83
100
AcDbEntity
  8
Edges
100
AcDbLine
 10
-19.44870766401277
 20
-1.075232532778751
 30
0.0
 11
-19.45184299195159
 21
-1.081534287540815
 31
0.0
  0
LINE
  5
73C
330
83
100
AcDbEntity
  8
Edges
100
AcDbLine
 10
-19.45184299195159
 20
-1.081534287540815
 30
0.0
 11
-19.45513062577248
 21
-1.087760912040367
 31
0.0
  0
LINE
  5
73D
330
83
100
AcDbEntity
  8
Edges
100
AcDbLine
 10
-19.46215529353698
 20
-1.099974737910629
 30
0.0
 11
-19.46588835723986
 21
-1.105955036203408
 31
0.0
  0
LINE
  5
73E
330
83
100
AcDbEntity
  8
Edges
100
AcDbLine
 10
-19.44572641399806
 20
-1.068859209414929
 30
0.0
 11
-19.44870766401277
 21
-1.075232532778751
 31
0.0
  0
LINE
  5
73F
330
83
100
AcDbEntity
  8
Edges
100
AcDbLine
 10
-19.46588835723986
 20
-1.105955036203408
 30
0.0
 11
-19.46976578858727
 21
-1.111846401979334
 31
0.0
  0
LINE
  5
740
330
83
100
AcDbEntity
  8
Edges
100
AcDbLine
 10
-19.43570522514548
 20
-0.8549215777784908
 30
0.0
 11
-19.43349434924407
 21
-0.8616013330209071
 31
0.0
  0
LINE
  5
741
330
83
100
AcDbEntity
  8
Edges
100
AcDbLine
 10
-19.4585687073523
 20
-1.093908887079197
 30
0.0
 11
-19.46215529353698
 21
-1.099974737910629
 31
0.0
  0
LINE
  5
742
330
83
100
AcDbEntity
  8
Edges
100
AcDbLine
 10
-19.46976578858727
 20
-1.111846401979334
 30
0.0
 11
-19.47378539611098
 21
-1.117645505523581
 31
0.0
  0
LINE
  5
743
330
83
100
AcDbEntity
  8
Edges
100
AcDbLine
 10
-19.47378539611098
 20
-1.117645505523581
 30
0.0
 11
-19.47794490798694
 21
-1.123349069266605
 31
0.0
  0
LINE
  5
744
330
83
100
AcDbEntity
  8
Edges
100
AcDbLine
 10
-19.47794490798694
 20
-1.123349069266605
 30
0.0
 11
-19.48224197331909
 21
-1.128953869636577
 31
0.0
  0
LINE
  5
745
330
83
100
AcDbEntity
  8
Edges
100
AcDbLine
 10
-19.49123897342446
 20
-1.139854566858571
 30
0.0
 11
-19.51139496240206
 21
-1.148272763589123
 31
0.0
  0
LINE
  5
746
330
83
100
AcDbEntity
  8
Edges
100
AcDbLine
 10
-19.47033994954583
 20
-0.7857453142584206
 30
0.0
 11
-19.4893658006696
 21
-0.7750146611154092
 31
0.0
  0
LINE
  5
747
330
83
100
AcDbEntity
  8
Edges
100
AcDbLine
 10
-19.46644176207996
 20
-0.7916426162932338
 30
0.0
 11
-19.4626876294822
 21
-0.7976286306501193
 31
0.0
  0
LINE
  5
748
330
83
100
AcDbEntity
  8
Edges
100
AcDbLine
 10
-19.47033994954583
 20
-0.7857453142584206
 30
0.0
 11
-19.46644176207996
 21
-0.7916426162932338
 31
0.0
  0
LINE
  5
749
330
83
100
AcDbEntity
  8
Edges
100
AcDbLine
 10
-3.435225424542878
 20
-0.7560720873717064
 30
0.0
 11
-3.44661825041318
 21
-0.729504573069443
 31
0.0
  0
LINE
  5
74A
330
83
100
AcDbEntity
  8
Edges
100
AcDbLine
 10
-3.488918512068593
 20
-0.8887925222665433
 30
0.0
 11
-3.51615404043143
 21
-0.8996894456573754
 31
0.0
  0
LINE
  5
74B
330
83
100
AcDbEntity
  8
Edges
100
AcDbLine
 10
-3.51615404043143
 20
-0.8996894456573754
 30
0.0
 11
-3.545381362492278
 21
-0.9034061832969655
 31
0.0
  0
LINE
  5
74C
330
83
100
AcDbEntity
  8
Edges
100
AcDbLine
 10
-3.431339543802536
 20
-0.7921008553953959
 30
0.0
 11
-3.431339543802536
 21
-0.7845825420441424
 31
0.0
  0
LINE
  5
74D
330
83
100
AcDbEntity
  8
Edges
100
AcDbLine
 10
-3.431339543802536
 20
-0.7921008553953959
 30
0.0
 11
-3.435225424542878
 21
-0.8202729118286566
 31
0.0
  0
LINE
  5
74E
330
83
100
AcDbEntity
  8
Edges
100
AcDbLine
 10
-3.466130663350327
 20
-0.8715614914031014
 30
0.0
 11
-3.464741619157905
 21
-0.869812936119195
 31
0.0
  0
LINE
  5
74F
330
83
100
AcDbEntity
  8
Edges
100
AcDbLine
 10
-3.574389131645901
 20
-0.8995808447916239
 30
0.0
 11
-3.545381362492278
 21
-0.9034061832969655
 31
0.0
  0
LINE
  5
750
330
83
100
AcDbEntity
  8
Edges
100
AcDbLine
 10
-3.601420069269323
 20
-0.888765778069192
 30
0.0
 11
-3.574389131645901
 21
-0.8995808447916239
 31
0.0
  0
LINE
  5
751
330
83
100
AcDbEntity
  8
Edges
100
AcDbLine
 10
-3.488918512068593
 20
-0.8887925222665433
 30
0.0
 11
-3.466130663350327
 21
-0.8715614914031014
 31
0.0
  0
LINE
  5
752
330
83
100
AcDbEntity
  8
Edges
100
AcDbLine
 10
-3.435346590169686
 20
-0.8213397010197422
 30
0.0
 11
-3.447050928169389
 21
-0.8484440320037375
 31
0.0
  0
LINE
  5
753
330
83
100
AcDbEntity
  8
Edges
100
AcDbLine
 10
-3.431339543802536
 20
-0.7845825420441424
 30
0.0
 11
-3.435225424542878
 21
-0.7560720873717064
 31
0.0
  0
LINE
  5
754
330
83
100
AcDbEntity
  8
Edges
100
AcDbLine
 10
-3.65942318118202
 20
-0.7921008553953959
 30
0.0
 11
-3.65942318118202
 21
-0.7845825420441428
 31
0.0
  0
LINE
  5
755
330
83
100
AcDbEntity
  8
Edges
100
AcDbLine
 10
-3.655537300441679
 20
-0.7560720873717064
 30
0.0
 11
-3.65942318118202
 21
-0.7845825420441428
 31
0.0
  0
LINE
  5
756
330
83
100
AcDbEntity
  8
Edges
100
AcDbLine
 10
-3.488360453147407
 20
-0.6891847014022603
 30
0.0
 11
-3.515865167877237
 21
-0.6781800766597215
 31
0.0
  0
LINE
  5
757
330
83
100
AcDbEntity
  8
Edges
100
AcDbLine
 10
-3.644144474571376
 20
-0.729504573069443
 30
0.0
 11
-3.655537300441679
 21
-0.7560720873717064
 31
0.0
  0
LINE
  5
758
330
83
100
AcDbEntity
  8
Edges
100
AcDbLine
 10
-3.602402271837149
 20
-0.6891847014022603
 30
0.0
 11
-3.626021105826637
 21
-0.7066905313321579
 31
0.0
  0
LINE
  5
759
330
83
100
AcDbEntity
  8
Edges
100
AcDbLine
 10
-3.464741619157905
 20
-0.7066905313321579
 30
0.0
 11
-3.488360453147407
 21
-0.6891847014022603
 31
0.0
  0
LINE
  5
75A
330
83
100
AcDbEntity
  8
Edges
100
AcDbLine
 10
-3.574897557107306
 20
-0.6781800766597215
 30
0.0
 11
-3.602402271837149
 21
-0.6891847014022603
 31
0.0
  0
LINE
  5
75B
330
83
100
AcDbEntity
  8
Edges
100
AcDbLine
 10
-3.625667825918043
 20
-0.8711581262182965
 30
0.0
 11
-3.643711796815154
 21
-0.8484440320037375
 31
0.0
  0
LINE
  5
75C
330
83
100
AcDbEntity
  8
Edges
100
AcDbLine
 10
-3.643711796815154
 20
-0.8484440320037375
 30
0.0
 11
-3.655416134814856
 21
-0.8213397010197418
 31
0.0
  0
LINE
  5
75D
330
83
100
AcDbEntity
  8
Edges
100
AcDbLine
 10
-3.515865167877237
 20
-0.6781800766597215
 30
0.0
 11
-3.545381362492278
 21
-0.6744266040947431
 31
0.0
  0
LINE
  5
75E
330
83
100
AcDbEntity
  8
Edges
100
AcDbLine
 10
-3.545381362492278
 20
-0.6744266040947431
 30
0.0
 11
-3.574897557107306
 21
-0.6781800766597215
 31
0.0
  0
LINE
  5
75F
330
83
100
AcDbEntity
  8
Edges
100
AcDbLine
 10
-3.655537300441679
 20
-0.8202729117653424
 30
0.0
 11
-3.65942318118202
 21
-0.7921008553953959
 31
0.0
  0
LINE
  5
760
330
83
100
AcDbEntity
  8
Edges
100
AcDbLine
 10
-3.601420069269323
 20
-0.888765778069192
 30
0.0
 11
-3.625667825918043
 21
-0.8711581262182965
 31
0.0
  0
LINE
  5
761
330
83
100
AcDbEntity
  8
Edges
100
AcDbLine
 10
-3.524518796620569
 20
-0.8012336980023672
 30
0.0
 11
-3.490541473579156
 21
-0.805554476867349
 31
0.0
  0
LINE
  5
762
330
83
100
AcDbEntity
  8
Edges
100
AcDbLine
 10
-3.524518796620569
 20
-0.8012336980023672
 30
0.0
 11
-3.528991996060298
 21
-0.834053271836229
 31
0.0
  0
LINE
  5
763
330
83
100
AcDbEntity
  8
Edges
100
AcDbLine
 10
-3.572569987678861
 20
-0.7951231939314951
 30
0.0
 11
-3.57704318711859
 21
-0.8279427677653568
 31
0.0
  0
LINE
  5
764
330
83
100
AcDbEntity
  8
Edges
100
AcDbLine
 10
-3.566243928363988
 20
-0.7487093075043432
 30
0.0
 11
-3.600221251405386
 21
-0.7443885286393615
 31
0.0
  0
LINE
  5
765
330
83
100
AcDbEntity
  8
Edges
100
AcDbLine
 10
-3.606547310720259
 20
-0.7908024150665134
 30
0.0
 11
-3.600221251405386
 21
-0.7443885286393615
 31
0.0
  0
LINE
  5
766
330
83
100
AcDbEntity
  8
Edges
100
AcDbLine
 10
-3.561770728924244
 20
-0.7158897336704815
 30
0.0
 11
-3.566243928363988
 21
-0.7487093075043432
 31
0.0
  0
LINE
  5
767
330
83
100
AcDbEntity
  8
Edges
100
AcDbLine
 10
-3.561770728924244
 20
-0.7158897336704815
 30
0.0
 11
-3.513719537865952
 21
-0.7220002377413542
 31
0.0
  0
LINE
  5
768
330
83
100
AcDbEntity
  8
Edges
100
AcDbLine
 10
-3.572569987678861
 20
-0.7951231939314951
 30
0.0
 11
-3.572569987678861
 21
-0.8088548912393598
 31
0.0
  0
LINE
  5
769
330
83
100
AcDbEntity
  8
Edges
100
AcDbLine
 10
-3.528268271218095
 20
-0.8424750469699944
 30
0.0
 11
-3.528855919013736
 21
-0.8467865806892422
 31
0.0
  0
LINE
  5
76A
330
83
100
AcDbEntity
  8
Edges
100
AcDbLine
 10
-3.518349170759222
 20
-0.7559675536661299
 30
0.0
 11
-3.518349170759222
 21
-0.7696992509739946
 31
0.0
  0
LINE
  5
76B
330
83
100
AcDbEntity
  8
Edges
100
AcDbLine
 10
-3.518349170759222
 20
-0.7696992509739946
 30
0.0
 11
-3.486063582939436
 21
-0.7727004840038179
 31
0.0
  0
LINE
  5
76C
330
83
100
AcDbEntity
  8
Edges
100
AcDbLine
 10
-3.518349170759222
 20
-0.7559675536661299
 30
0.0
 11
-3.484215414264284
 21
-0.7591405904401971
 31
0.0
  0
LINE
  5
76D
330
83
100
AcDbEntity
  8
Edges
100
AcDbLine
 10
-3.566243928363988
 20
-0.7487093075043432
 30
0.0
 11
-3.566243928363988
 21
-0.7624410048122075
 31
0.0
  0
LINE
  5
76E
330
83
100
AcDbEntity
  8
Edges
100
AcDbLine
 10
-3.600221251405386
 20
-0.7581202259472258
 30
0.0
 11
-3.600221251405386
 21
-0.7443885286393615
 31
0.0
  0
LINE
  5
76F
330
83
100
AcDbEntity
  8
Edges
100
AcDbLine
 10
-3.600221251405386
 20
-0.7581202259472258
 30
0.0
 11
-3.566243928363988
 21
-0.7624410048122075
 31
0.0
  0
LINE
  5
770
330
83
100
AcDbEntity
  8
Edges
100
AcDbLine
 10
-3.532849472833134
 20
-0.8472944271407719
 30
0.0
 11
-3.545381362492278
 21
-0.845700789998979
 31
0.0
  0
LINE
  5
771
330
83
100
AcDbEntity
  8
Edges
100
AcDbLine
 10
-3.575203488516422
 20
-0.8281767158850637
 30
0.0
 11
-3.572569987678861
 21
-0.8088548912393598
 31
0.0
  0
LINE
  5
772
330
83
100
AcDbEntity
  8
Edges
100
AcDbLine
 10
-3.60470761211809
 20
-0.7910363631862203
 30
0.0
 11
-3.600221251405386
 21
-0.7581202259472258
 31
0.0
  0
LINE
  5
773
330
83
100
AcDbEntity
  8
Edges
100
AcDbLine
 10
-3.561770728924244
 20
-0.7296214309783462
 30
0.0
 11
-3.561770728924244
 21
-0.7158897336704815
 31
0.0
  0
LINE
  5
774
330
83
100
AcDbEntity
  8
Edges
100
AcDbLine
 10
-3.561770728924244
 20
-0.7296214309783462
 30
0.0
 11
-3.515559236468135
 21
-0.7354979869295111
 31
0.0
  0
LINE
  5
775
330
83
100
AcDbEntity
  8
Edges
100
AcDbLine
 10
-3.566243928363988
 20
-0.7624410048122075
 30
0.0
 11
-3.561770728924244
 21
-0.7296214309783462
 31
0.0
  0
LINE
  5
776
330
83
100
AcDbEntity
  8
Edges
100
AcDbLine
 10
-3.466420350561122
 20
-3.093246172890264
 30
0.0
 11
-3.477813176431425
 21
-3.066678658588001
 31
0.0
  0
LINE
  5
777
330
83
100
AcDbEntity
  8
Edges
100
AcDbLine
 10
-3.520113438086838
 20
-3.225966607785101
 30
0.0
 11
-3.547348966449675
 21
-3.236863531175933
 31
0.0
  0
LINE
  5
778
330
83
100
AcDbEntity
  8
Edges
100
AcDbLine
 10
-3.547348966449675
 20
-3.236863531175933
 30
0.0
 11
-3.576576288510523
 21
-3.240580268815524
 31
0.0
  0
LINE
  5
779
330
83
100
AcDbEntity
  8
Edges
100
AcDbLine
 10
-3.462534469820781
 20
-3.129274940913954
 30
0.0
 11
-3.462534469820781
 21
-3.1217566275627
 31
0.0
  0
LINE
  5
77A
330
83
100
AcDbEntity
  8
Edges
100
AcDbLine
 10
-3.462534469820781
 20
-3.129274940913954
 30
0.0
 11
-3.466420350561122
 21
-3.157446997347219
 31
0.0
  0
LINE
  5
77B
330
83
100
AcDbEntity
  8
Edges
100
AcDbLine
 10
-3.497325589368571
 20
-3.208735576921659
 30
0.0
 11
-3.495936545176149
 21
-3.206987021637753
 31
0.0
  0
LINE
  5
77C
330
83
100
AcDbEntity
  8
Edges
100
AcDbLine
 10
-3.605584057664145
 20
-3.236754930310182
 30
0.0
 11
-3.576576288510523
 21
-3.240580268815524
 31
0.0
  0
LINE
  5
77D
330
83
100
AcDbEntity
  8
Edges
100
AcDbLine
 10
-3.632614995287568
 20
-3.22593986358775
 30
0.0
 11
-3.605584057664145
 21
-3.236754930310182
 31
0.0
  0
LINE
  5
77E
330
83
100
AcDbEntity
  8
Edges
100
AcDbLine
 10
-3.520113438086838
 20
-3.225966607785101
 30
0.0
 11
-3.497325589368571
 21
-3.208735576921659
 31
0.0
  0
LINE
  5
77F
330
83
100
AcDbEntity
  8
Edges
100
AcDbLine
 10
-3.46654151618793
 20
-3.1585137865383
 30
0.0
 11
-3.478245854187633
 21
-3.185618117522295
 31
0.0
  0
LINE
  5
780
330
83
100
AcDbEntity
  8
Edges
100
AcDbLine
 10
-3.462534469820781
 20
-3.1217566275627
 30
0.0
 11
-3.466420350561122
 21
-3.093246172890264
 31
0.0
  0
LINE
  5
781
330
83
100
AcDbEntity
  8
Edges
100
AcDbLine
 10
-3.690618107200265
 20
-3.129274940913955
 30
0.0
 11
-3.690618107200265
 21
-3.121756627562701
 31
0.0
  0
LINE
  5
782
330
83
100
AcDbEntity
  8
Edges
100
AcDbLine
 10
-3.686732226459923
 20
-3.093246172890264
 30
0.0
 11
-3.690618107200265
 21
-3.121756627562701
 31
0.0
  0
LINE
  5
783
330
83
100
AcDbEntity
  8
Edges
100
AcDbLine
 10
-3.519555379165652
 20
-3.026358786920818
 30
0.0
 11
-3.547060093895481
 21
-3.01535416217828
 31
0.0
  0
LINE
  5
784
330
83
100
AcDbEntity
  8
Edges
100
AcDbLine
 10
-3.675339400589621
 20
-3.066678658588001
 30
0.0
 11
-3.686732226459923
 21
-3.093246172890264
 31
0.0
  0
LINE
  5
785
330
83
100
AcDbEntity
  8
Edges
100
AcDbLine
 10
-3.60609248312555
 20
-3.01535416217828
 30
0.0
 11
-3.633597197855394
 21
-3.026358786920818
 31
0.0
  0
LINE
  5
786
330
83
100
AcDbEntity
  8
Edges
100
AcDbLine
 10
-3.656862751936287
 20
-3.208332211736855
 30
0.0
 11
-3.674906722833398
 21
-3.185618117522295
 31
0.0
  0
LINE
  5
787
330
83
100
AcDbEntity
  8
Edges
100
AcDbLine
 10
-3.674906722833398
 20
-3.185618117522295
 30
0.0
 11
-3.686611060833101
 21
-3.1585137865383
 31
0.0
  0
LINE
  5
788
330
83
100
AcDbEntity
  8
Edges
100
AcDbLine
 10
-3.547060093895481
 20
-3.01535416217828
 30
0.0
 11
-3.576576288510523
 21
-3.011600689613301
 31
0.0
  0
LINE
  5
789
330
83
100
AcDbEntity
  8
Edges
100
AcDbLine
 10
-3.576576288510523
 20
-3.011600689613301
 30
0.0
 11
-3.60609248312555
 21
-3.01535416217828
 31
0.0
  0
LINE
  5
78A
330
83
100
AcDbEntity
  8
Edges
100
AcDbLine
 10
-3.686778349030092
 20
-3.157446997283891
 30
0.0
 11
-3.690618107200265
 21
-3.129274940913955
 31
0.0
  0
LINE
  5
78B
330
83
100
AcDbEntity
  8
Edges
100
AcDbLine
 10
-3.632614995287568
 20
-3.22593986358775
 30
0.0
 11
-3.656862751936287
 21
-3.208332211736855
 31
0.0
  0
LINE
  5
78C
330
83
100
AcDbEntity
  8
Edges
100
AcDbLine
 10
-3.555713722638813
 20
-3.138407783520925
 30
0.0
 11
-3.521736399597401
 21
-3.142728562385908
 31
0.0
  0
LINE
  5
78D
330
83
100
AcDbEntity
  8
Edges
100
AcDbLine
 10
-3.555713722638813
 20
-3.138407783520925
 30
0.0
 11
-3.560186922078543
 21
-3.171227357354787
 31
0.0
  0
LINE
  5
78E
330
83
100
AcDbEntity
  8
Edges
100
AcDbLine
 10
-3.603764913697105
 20
-3.132297279450053
 30
0.0
 11
-3.608238113136835
 21
-3.165116853283915
 31
0.0
  0
LINE
  5
78F
330
83
100
AcDbEntity
  8
Edges
100
AcDbLine
 10
-3.597438854382232
 20
-3.085883393022902
 30
0.0
 11
-3.631416177423631
 21
-3.081562614157919
 31
0.0
  0
LINE
  5
790
330
83
100
AcDbEntity
  8
Edges
100
AcDbLine
 10
-3.637742236738503
 20
-3.127976500585072
 30
0.0
 11
-3.631416177423631
 21
-3.081562614157919
 31
0.0
  0
LINE
  5
791
330
83
100
AcDbEntity
  8
Edges
100
AcDbLine
 10
-3.592965654942489
 20
-3.05306381918904
 30
0.0
 11
-3.597438854382232
 21
-3.085883393022902
 31
0.0
  0
LINE
  5
792
330
83
100
AcDbEntity
  8
Edges
100
AcDbLine
 10
-3.592965654942489
 20
-3.05306381918904
 30
0.0
 11
-3.544914463884197
 21
-3.059174323259911
 31
0.0
  0
LINE
  5
793
330
83
100
AcDbEntity
  8
Edges
100
AcDbLine
 10
-3.603764913697105
 20
-3.132297279450053
 30
0.0
 11
-3.603764913697105
 21
-3.146028976757918
 31
0.0
  0
LINE
  5
794
330
83
100
AcDbEntity
  8
Edges
100
AcDbLine
 10
-3.55946319723634
 20
-3.179649132488552
 30
0.0
 11
-3.56005084503198
 21
-3.1839606662078
 31
0.0
  0
LINE
  5
795
330
83
100
AcDbEntity
  8
Edges
100
AcDbLine
 10
-3.549544096777466
 20
-3.093141639184688
 30
0.0
 11
-3.549544096777466
 21
-3.106873336492553
 31
0.0
  0
LINE
  5
796
330
83
100
AcDbEntity
  8
Edges
100
AcDbLine
 10
-3.549544096777466
 20
-3.106873336492553
 30
0.0
 11
-3.517258508957681
 21
-3.109874569522376
 31
0.0
  0
LINE
  5
797
330
83
100
AcDbEntity
  8
Edges
100
AcDbLine
 10
-3.549544096777466
 20
-3.093141639184688
 30
0.0
 11
-3.515410340282528
 21
-3.096314675958755
 31
0.0
  0
LINE
  5
798
330
83
100
AcDbEntity
  8
Edges
100
AcDbLine
 10
-3.597438854382232
 20
-3.085883393022902
 30
0.0
 11
-3.597438854382232
 21
-3.099615090330765
 31
0.0
  0
LINE
  5
799
330
83
100
AcDbEntity
  8
Edges
100
AcDbLine
 10
-3.631416177423631
 20
-3.095294311465783
 30
0.0
 11
-3.631416177423631
 21
-3.081562614157919
 31
0.0
  0
LINE
  5
79A
330
83
100
AcDbEntity
  8
Edges
100
AcDbLine
 10
-3.631416177423631
 20
-3.095294311465783
 30
0.0
 11
-3.597438854382232
 21
-3.099615090330765
 31
0.0
  0
LINE
  5
79B
330
83
100
AcDbEntity
  8
Edges
100
AcDbLine
 10
-3.564044398851393
 20
-3.18446851265933
 30
0.0
 11
-3.576576288510523
 21
-3.182874875517537
 31
0.0
  0
LINE
  5
79C
330
83
100
AcDbEntity
  8
Edges
100
AcDbLine
 10
-3.606398414534666
 20
-3.165350801403622
 30
0.0
 11
-3.603764913697105
 21
-3.146028976757918
 31
0.0
  0
LINE
  5
79D
330
83
100
AcDbEntity
  8
Edges
100
AcDbLine
 10
-3.635902538136335
 20
-3.128210448704779
 30
0.0
 11
-3.631416177423631
 21
-3.095294311465783
 31
0.0
  0
LINE
  5
79E
330
83
100
AcDbEntity
  8
Edges
100
AcDbLine
 10
-3.592965654942489
 20
-3.066795516496904
 30
0.0
 11
-3.592965654942489
 21
-3.05306381918904
 31
0.0
  0
LINE
  5
79F
330
83
100
AcDbEntity
  8
Edges
100
AcDbLine
 10
-3.592965654942489
 20
-3.066795516496904
 30
0.0
 11
-3.546754162486379
 21
-3.072672072448069
 31
0.0
  0
LINE
  5
7A0
330
83
100
AcDbEntity
  8
Edges
100
AcDbLine
 10
-3.597438854382232
 20
-3.099615090330765
 30
0.0
 11
-3.592965654942489
 21
-3.066795516496904
 31
0.0
  0
LINE
  5
7A1
330
83
100
AcDbEntity
  8
Edges
100
AcDbLine
 10
-16.87862498378214
 20
-1.948086691553481
 30
0.0
 11
-16.89730174750394
 21
-1.904533389418623
 31
0.0
  0
LINE
  5
7A2
330
83
100
AcDbEntity
  8
Edges
100
AcDbLine
 10
-16.96664643874234
 20
-2.16566117498764
 30
0.0
 11
-17.01129484589452
 21
-2.183524983825069
 31
0.0
  0
LINE
  5
7A3
330
83
100
AcDbEntity
  8
Edges
100
AcDbLine
 10
-17.01129484589452
 20
-2.183524983825069
 30
0.0
 11
-17.05920848861721
 21
-2.189617996348989
 31
0.0
  0
LINE
  5
7A4
330
83
100
AcDbEntity
  8
Edges
100
AcDbLine
 10
-16.89801105530101
 20
-2.09951610898304
 30
0.0
 11
-16.89747983624012
 21
-2.098588175338274
 31
0.0
  0
LINE
  5
7A5
330
83
100
AcDbEntity
  8
Edges
100
AcDbLine
 10
-16.87225468748649
 20
-2.007150245690677
 30
0.0
 11
-16.87225468748649
 21
-1.994825141836163
 31
0.0
  0
LINE
  5
7A6
330
83
100
AcDbEntity
  8
Edges
100
AcDbLine
 10
-16.87225468748649
 20
-2.007150245690677
 30
0.0
 11
-16.87862498378214
 21
-2.053888695973359
 31
0.0
  0
LINE
  5
7A7
330
83
100
AcDbEntity
  8
Edges
100
AcDbLine
 10
-16.87882361595724
 20
-2.055082779501081
 30
0.0
 11
-16.89747983624012
 21
-2.098588175338274
 31
0.0
  0
LINE
  5
7A8
330
83
100
AcDbEntity
  8
Edges
100
AcDbLine
 10
-16.87882361595724
 20
-2.055082779501081
 30
0.0
 11
-16.87862498378214
 21
-2.053888695973359
 31
0.0
  0
LINE
  5
7A9
330
83
100
AcDbEntity
  8
Edges
100
AcDbLine
 10
-16.87225468748649
 20
-1.994825141836163
 30
0.0
 11
-16.87862498378214
 21
-1.948086691553481
 31
0.0
  0
LINE
  5
7AA
330
83
100
AcDbEntity
  8
Edges
100
AcDbLine
 10
-17.24616228974795
 20
-2.007150245690677
 30
0.0
 11
-17.24616228974795
 21
-1.994825141836163
 31
0.0
  0
LINE
  5
7AB
330
83
100
AcDbEntity
  8
Edges
100
AcDbLine
 10
-17.2397919934523
 20
-1.948086691553481
 30
0.0
 11
-17.24616228974795
 21
-1.994825141836163
 31
0.0
  0
LINE
  5
7AC
330
83
100
AcDbEntity
  8
Edges
100
AcDbLine
 10
-16.96573158805185
 20
-1.838435239144553
 30
0.0
 11
-17.01082128433028
 21
-1.820394870714162
 31
0.0
  0
LINE
  5
7AD
330
83
100
AcDbEntity
  8
Edges
100
AcDbLine
 10
-17.22111522973048
 20
-1.904533389418623
 30
0.0
 11
-17.2397919934523
 21
-1.948086691553481
 31
0.0
  0
LINE
  5
7AE
330
83
100
AcDbEntity
  8
Edges
100
AcDbLine
 10
-17.15268538918258
 20
-1.838435239144553
 30
0.0
 11
-17.19140478916536
 21
-1.867133320996844
 31
0.0
  0
LINE
  5
7AF
330
83
100
AcDbEntity
  8
Edges
100
AcDbLine
 10
-16.92701218806908
 20
-1.867133320996844
 30
0.0
 11
-16.96573158805185
 21
-1.838435239144553
 31
0.0
  0
LINE
  5
7B0
330
83
100
AcDbEntity
  8
Edges
100
AcDbLine
 10
-17.10759569290417
 20
-1.820394870714162
 30
0.0
 11
-17.15268538918258
 21
-1.838435239144553
 31
0.0
  0
LINE
  5
7B1
330
83
100
AcDbEntity
  8
Edges
100
AcDbLine
 10
-17.19082564177422
 20
-2.136752329006908
 30
0.0
 11
-17.22040592193342
 21
-2.09951610898304
 31
0.0
  0
LINE
  5
7B2
330
83
100
AcDbEntity
  8
Edges
100
AcDbLine
 10
-17.22040592193342
 20
-2.09951610898304
 30
0.0
 11
-17.22093714099432
 21
-2.098588175338274
 31
0.0
  0
LINE
  5
7B3
330
83
100
AcDbEntity
  8
Edges
100
AcDbLine
 10
-17.22093714099432
 20
-2.098588175338274
 30
0.0
 11
-17.2395933612772
 21
-2.055082779501081
 31
0.0
  0
LINE
  5
7B4
330
83
100
AcDbEntity
  8
Edges
100
AcDbLine
 10
-17.2395933612772
 20
-2.055082779501081
 30
0.0
 11
-17.2397919934523
 21
-2.053888695973359
 31
0.0
  0
LINE
  5
7B5
330
83
100
AcDbEntity
  8
Edges
100
AcDbLine
 10
-17.01082128433028
 20
-1.820394870714162
 30
0.0
 11
-17.02395713092204
 21
-1.818724430454398
 31
0.0
  0
LINE
  5
7B6
330
83
100
AcDbEntity
  8
Edges
100
AcDbLine
 10
-17.09445984631239
 20
-1.818724430454397
 30
0.0
 11
-17.10759569290417
 21
-1.820394870714162
 31
0.0
  0
LINE
  5
7B7
330
83
100
AcDbEntity
  8
Edges
100
AcDbLine
 10
-17.05920848861721
 20
-2.189617996348989
 30
0.0
 11
-17.10712213133992
 21
-2.183524983825069
 31
0.0
  0
LINE
  5
7B8
330
83
100
AcDbEntity
  8
Edges
100
AcDbLine
 10
-17.10712213133992
 20
-2.183524983825069
 30
0.0
 11
-17.1517705384921
 21
-2.16566117498764
 31
0.0
  0
LINE
  5
7B9
330
83
100
AcDbEntity
  8
Edges
100
AcDbLine
 10
-17.02500756095868
 20
-2.022122118816859
 30
0.0
 11
-16.96930703138261
 21
-2.029205362857814
 31
0.0
  0
LINE
  5
7BA
330
83
100
AcDbEntity
  8
Edges
100
AcDbLine
 10
-17.02500756095868
 20
-2.022122118816859
 30
0.0
 11
-17.03234067479431
 21
-2.075924698872371
 31
0.0
  0
LINE
  5
7BB
330
83
100
AcDbEntity
  8
Edges
100
AcDbLine
 10
-17.10378000531654
 20
-2.012104899028544
 30
0.0
 11
-17.11111311915216
 21
-2.065907479084055
 31
0.0
  0
LINE
  5
7BC
330
83
100
AcDbEntity
  8
Edges
100
AcDbLine
 10
-17.09340941627576
 20
-1.936016560623377
 30
0.0
 11
-17.14910994585183
 21
-1.928933316582424
 31
0.0
  0
LINE
  5
7BD
330
83
100
AcDbEntity
  8
Edges
100
AcDbLine
 10
-17.15948053489261
 20
-2.005021654987591
 30
0.0
 11
-17.14910994585183
 21
-1.928933316582424
 31
0.0
  0
LINE
  5
7BE
330
83
100
AcDbEntity
  8
Edges
100
AcDbLine
 10
-17.08607630244012
 20
-1.882213980567867
 30
0.0
 11
-17.09340941627576
 21
-1.936016560623377
 31
0.0
  0
LINE
  5
7BF
330
83
100
AcDbEntity
  8
Edges
100
AcDbLine
 10
-17.08607630244012
 20
-1.882213980567867
 30
0.0
 11
-17.00730385808228
 21
-1.892231200356182
 31
0.0
  0
LINE
  5
7C0
330
83
100
AcDbEntity
  8
Edges
100
AcDbLine
 10
-17.10378000531654
 20
-2.012104899028544
 30
0.0
 11
-17.10378000531654
 21
-2.034615878221766
 31
0.0
  0
LINE
  5
7C1
330
83
100
AcDbEntity
  8
Edges
100
AcDbLine
 10
-17.03115424062676
 20
-2.089730887616248
 30
0.0
 11
-17.03211759766879
 21
-2.096798975680589
 31
0.0
  0
LINE
  5
7C2
330
83
100
AcDbEntity
  8
Edges
100
AcDbLine
 10
-17.03211759766879
 20
-2.096798975680589
 30
0.0
 11
-17.03234067479431
 21
-2.08988176235319
 31
0.0
  0
LINE
  5
7C3
330
83
100
AcDbEntity
  8
Edges
100
AcDbLine
 10
-17.01489342020237
 20
-1.947915324823028
 30
0.0
 11
-17.01489342020237
 21
-1.970426304016248
 31
0.0
  0
LINE
  5
7C4
330
83
100
AcDbEntity
  8
Edges
100
AcDbLine
 10
-17.01489342020237
 20
-1.970426304016248
 30
0.0
 11
-16.9619662270552
 21
-1.975346358163499
 31
0.0
  0
LINE
  5
7C5
330
83
100
AcDbEntity
  8
Edges
100
AcDbLine
 10
-17.01489342020237
 20
-1.947915324823028
 30
0.0
 11
-16.95893644234184
 21
-1.953117024452646
 31
0.0
  0
LINE
  5
7C6
330
83
100
AcDbEntity
  8
Edges
100
AcDbLine
 10
-17.09340941627576
 20
-1.936016560623377
 30
0.0
 11
-17.09340941627576
 21
-1.958527539816598
 31
0.0
  0
LINE
  5
7C7
330
83
100
AcDbEntity
  8
Edges
100
AcDbLine
 10
-17.14910994585183
 20
-1.951444295775644
 30
0.0
 11
-17.14910994585183
 21
-1.928933316582424
 31
0.0
  0
LINE
  5
7C8
330
83
100
AcDbEntity
  8
Edges
100
AcDbLine
 10
-17.14910994585183
 20
-1.951444295775644
 30
0.0
 11
-17.09340941627576
 21
-1.958527539816598
 31
0.0
  0
LINE
  5
7C9
330
83
100
AcDbEntity
  8
Edges
100
AcDbLine
 10
-17.0386644072088
 20
-2.097631510847032
 30
0.0
 11
-17.05920848861721
 21
-2.095018990942453
 31
0.0
  0
LINE
  5
7CA
330
83
100
AcDbEntity
  8
Edges
100
AcDbLine
 10
-17.10809721980433
 20
-2.066291000591771
 30
0.0
 11
-17.10378000531654
 21
-2.034615878221766
 31
0.0
  0
LINE
  5
7CB
330
83
100
AcDbEntity
  8
Edges
100
AcDbLine
 10
-17.15646463554478
 20
-2.005405176495307
 30
0.0
 11
-17.14910994585183
 21
-1.951444295775644
 31
0.0
  0
LINE
  5
7CC
330
83
100
AcDbEntity
  8
Edges
100
AcDbLine
 10
-17.08607630244012
 20
-1.904724959761087
 30
0.0
 11
-17.08607630244012
 21
-1.882213980567867
 31
0.0
  0
LINE
  5
7CD
330
83
100
AcDbEntity
  8
Edges
100
AcDbLine
 10
-17.08607630244012
 20
-1.904724959761087
 30
0.0
 11
-17.01031975743009
 21
-1.914358658041686
 31
0.0
  0
LINE
  5
7CE
330
83
100
AcDbEntity
  8
Edges
100
AcDbLine
 10
-17.09340941627576
 20
-1.958527539816598
 30
0.0
 11
-17.08607630244012
 21
-1.904724959761087
 31
0.0
  0
LINE
  5
7CF
330
83
100
AcDbEntity
  8
Edges
100
AcDbLine
 10
17.2915897123121
 20
-1.955147935387735
 30
0.0
 11
17.29212093137299
 21
-1.954220001742969
 31
0.0
  0
LINE
  5
7D0
330
83
100
AcDbEntity
  8
Edges
100
AcDbLine
 10
17.31734608012662
 20
-1.862782072095372
 30
0.0
 11
17.31734608012662
 21
-1.850456968240858
 31
0.0
  0
LINE
  5
7D1
330
83
100
AcDbEntity
  8
Edges
100
AcDbLine
 10
17.31734608012662
 20
-1.862782072095372
 30
0.0
 11
17.31097578383098
 21
-1.909520522378054
 31
0.0
  0
LINE
  5
7D2
330
83
100
AcDbEntity
  8
Edges
100
AcDbLine
 10
17.23321960561061
 20
-2.01372262653955
 30
0.0
 11
17.26031145791712
 21
-1.993045409812921
 31
0.0
  0
LINE
  5
7D3
330
83
100
AcDbEntity
  8
Edges
100
AcDbLine
 10
17.31077715165588
 20
-1.910714605905775
 30
0.0
 11
17.29212093137299
 21
-1.954220001742969
 31
0.0
  0
LINE
  5
7D4
330
83
100
AcDbEntity
  8
Edges
100
AcDbLine
 10
17.31077715165588
 20
-1.910714605905775
 30
0.0
 11
17.31097578383098
 21
-1.909520522378054
 31
0.0
  0
LINE
  5
7D5
330
83
100
AcDbEntity
  8
Edges
100
AcDbLine
 10
17.31734608012662
 20
-1.850456968240858
 30
0.0
 11
17.3130210401074
 21
-1.818724430454939
 31
0.0
  0
LINE
  5
7D6
330
83
100
AcDbEntity
  8
Edges
100
AcDbLine
 10
-19.57290918605542
 20
-2.037266028341791
 30
0.0
 11
-19.57714494872496
 21
-2.035622984934195
 31
0.0
  0
LINE
  5
7D7
330
83
100
AcDbEntity
  8
Edges
100
AcDbLine
 10
-19.51139496240206
 20
-2.042729395444618
 30
0.0
 11
-19.55893278717745
 21
-2.039923780714634
 31
0.0
  0
LINE
  5
7D8
330
83
100
AcDbEntity
  8
Edges
100
AcDbLine
 10
-19.55893278717745
 20
-2.039923780714634
 30
0.0
 11
-19.56372452926963
 21
-2.039434981930638
 31
0.0
  0
LINE
  5
7D9
330
83
100
AcDbEntity
  8
Edges
100
AcDbLine
 10
-19.56372452926963
 20
-2.039434981930638
 30
0.0
 11
-19.56841005242907
 21
-2.038543982725212
 31
0.0
  0
LINE
  5
7DA
330
83
100
AcDbEntity
  8
Edges
100
AcDbLine
 10
-19.56841005242907
 20
-2.038543982725212
 30
0.0
 11
-19.57290918605542
 21
-2.037266028341791
 31
0.0
  0
LINE
  5
7DB
330
83
100
AcDbEntity
  8
Edges
100
AcDbLine
 10
-19.45513062577248
 20
-1.982217543895863
 30
0.0
 11
-19.4585687073523
 21
-1.988365518934693
 31
0.0
  0
LINE
  5
7DC
330
83
100
AcDbEntity
  8
Edges
100
AcDbLine
 10
-19.48224197331909
 20
-2.023410501492074
 30
0.0
 11
-19.48667416346822
 21
-2.028913370736797
 31
0.0
  0
LINE
  5
7DD
330
83
100
AcDbEntity
  8
Edges
100
AcDbLine
 10
-19.48667416346822
 20
-2.028913370736797
 30
0.0
 11
-19.49123897342446
 21
-2.034311198714068
 31
0.0
  0
LINE
  5
7DE
330
83
100
AcDbEntity
  8
Edges
100
AcDbLine
 10
-19.44894964329607
 20
-1.970175523359927
 30
0.0
 11
-19.45184299195159
 21
-1.975990919396311
 31
0.0
  0
LINE
  5
7DF
330
83
100
AcDbEntity
  8
Edges
100
AcDbLine
 10
-19.45184299195159
 20
-1.975990919396311
 30
0.0
 11
-19.45513062577248
 21
-1.982217543895863
 31
0.0
  0
LINE
  5
7E0
330
83
100
AcDbEntity
  8
Edges
100
AcDbLine
 10
-19.46215529353698
 20
-1.994431369766125
 30
0.0
 11
-19.46588835723986
 21
-2.000411668058903
 31
0.0
  0
LINE
  5
7E1
330
83
100
AcDbEntity
  8
Edges
100
AcDbLine
 10
-19.46588835723986
 20
-2.000411668058903
 30
0.0
 11
-19.46976578858727
 21
-2.006303033834829
 31
0.0
  0
LINE
  5
7E2
330
83
100
AcDbEntity
  8
Edges
100
AcDbLine
 10
-19.4585687073523
 20
-1.988365518934693
 30
0.0
 11
-19.46215529353698
 21
-1.994431369766125
 31
0.0
  0
LINE
  5
7E3
330
83
100
AcDbEntity
  8
Edges
100
AcDbLine
 10
-19.46976578858727
 20
-2.006303033834829
 30
0.0
 11
-19.47378539611098
 21
-2.012102137379077
 31
0.0
  0
LINE
  5
7E4
330
83
100
AcDbEntity
  8
Edges
100
AcDbLine
 10
-19.47378539611098
 20
-2.012102137379077
 30
0.0
 11
-19.47794490798694
 21
-2.017805701122101
 31
0.0
  0
LINE
  5
7E5
330
83
100
AcDbEntity
  8
Edges
100
AcDbLine
 10
-19.47794490798694
 20
-2.017805701122101
 30
0.0
 11
-19.48224197331909
 21
-2.023410501492074
 31
0.0
  0
LINE
  5
7E6
330
83
100
AcDbEntity
  8
Edges
100
AcDbLine
 10
-19.49123897342446
 20
-2.034311198714068
 30
0.0
 11
-19.51139496240206
 21
-2.042729395444618
 31
0.0
  0
LINE
  5
7E7
330
83
100
AcDbEntity
  8
Edges
100
AcDbLine
 10
21.17510198014351
 20
-3.869912828309045
 30
0.0
 11
21.17933774281305
 21
-3.868269784901449
 31
0.0
  0
LINE
  5
7E8
330
83
100
AcDbEntity
  8
Edges
100
AcDbLine
 10
21.16112558126554
 20
-3.872570580681887
 30
0.0
 11
21.16591732335772
 21
-3.872081781897891
 31
0.0
  0
LINE
  5
7E9
330
83
100
AcDbEntity
  8
Edges
100
AcDbLine
 10
21.16591732335772
 20
-3.872081781897891
 30
0.0
 11
21.17060284651715
 21
-3.871190782692465
 31
0.0
  0
LINE
  5
7EA
330
83
100
AcDbEntity
  8
Edges
100
AcDbLine
 10
21.17060284651715
 20
-3.871190782692465
 30
0.0
 11
21.17510198014351
 21
-3.869912828309045
 31
0.0
  0
LINE
  5
7EB
330
83
100
AcDbEntity
  8
Edges
100
AcDbLine
 10
21.14867019377545
 20
-3.499567910973097
 30
0.0
 11
21.14391239252228
 21
-3.499234243328321
 31
0.0
  0
LINE
  5
7EC
330
83
100
AcDbEntity
  8
Edges
100
AcDbLine
 10
21.15328841599398
 20
-3.500307771996591
 30
0.0
 11
21.14867019377545
 21
-3.499567910973097
 31
0.0
  0
LINE
  5
7ED
330
83
100
AcDbEntity
  8
Edges
100
AcDbLine
 10
21.13909641953307
 20
-3.499312478208174
 30
0.0
 11
21.09155859475769
 21
-3.502118092938158
 31
0.0
  0
LINE
  5
7EE
330
83
100
AcDbEntity
  8
Edges
100
AcDbLine
 10
21.14391239252228
 20
-3.499234243328321
 30
0.0
 11
21.13909641953307
 21
-3.499312478208174
 31
0.0
  0
LINE
  5
7EF
330
83
100
AcDbEntity
  8
Edges
100
AcDbLine
 10
21.05134563136865
 20
-3.549494867205205
 30
0.0
 11
21.04834193049246
 21
-3.555872759751082
 31
0.0
  0
LINE
  5
7F0
330
83
100
AcDbEntity
  8
Edges
100
AcDbLine
 10
21.05450315856345
 20
-3.54318830819307
 30
0.0
 11
21.05134563136865
 21
-3.549494867205205
 31
0.0
  0
LINE
  5
7F1
330
83
100
AcDbEntity
  8
Edges
100
AcDbLine
 10
21.04280271038939
 20
-3.568828088393791
 30
0.0
 11
21.04027032184971
 21
-3.57539820232604
 31
0.0
  0
LINE
  5
7F2
330
83
100
AcDbEntity
  8
Edges
100
AcDbLine
 10
21.04549375358323
 20
-3.562318381137973
 30
0.0
 11
21.04280271038939
 21
-3.568828088393791
 31
0.0
  0
LINE
  5
7F3
330
83
100
AcDbEntity
  8
Edges
100
AcDbLine
 10
21.04834193049246
 20
-3.555872759751082
 30
0.0
 11
21.04549375358323
 21
-3.562318381137973
 31
0.0
  0
LINE
  5
7F4
330
83
100
AcDbEntity
  8
Edges
100
AcDbLine
 10
21.04027032184971
 20
-3.57539820232604
 30
0.0
 11
21.03789801923358
 21
-3.58202500960124
 31
0.0
  0
LINE
  5
7F5
330
83
100
AcDbEntity
  8
Edges
100
AcDbLine
 10
21.05781272748813
 20
-3.536956647090722
 30
0.0
 11
21.05450315856345
 21
-3.54318830819307
 31
0.0
  0
LINE
  5
7F6
330
83
100
AcDbEntity
  8
Edges
100
AcDbLine
 10
21.06127246762212
 20
-3.530803405942988
 30
0.0
 11
21.05781272748813
 21
-3.536956647090722
 31
0.0
  0
LINE
  5
7F7
330
83
100
AcDbEntity
  8
Edges
100
AcDbLine
 10
21.06488042357029
 20
-3.524732062472868
 30
0.0
 11
21.06127246762212
 21
-3.530803405942988
 31
0.0
  0
LINE
  5
7F8
330
83
100
AcDbEntity
  8
Edges
100
AcDbLine
 10
21.05732341986056
 20
-3.814864343863117
 30
0.0
 11
21.06076150144038
 21
-3.821012318901947
 31
0.0
  0
LINE
  5
7F9
330
83
100
AcDbEntity
  8
Edges
100
AcDbLine
 10
21.08443476740717
 20
-3.856057301459328
 30
0.0
 11
21.0888669575563
 21
-3.86156017070405
 31
0.0
  0
LINE
  5
7FA
330
83
100
AcDbEntity
  8
Edges
100
AcDbLine
 10
21.0888669575563
 20
-3.86156017070405
 30
0.0
 11
21.09343176751256
 21
-3.866957998681321
 31
0.0
  0
LINE
  5
7FB
330
83
100
AcDbEntity
  8
Edges
100
AcDbLine
 10
21.05090045810086
 20
-3.802335964601502
 30
0.0
 11
21.05403578603969
 21
-3.808637719363565
 31
0.0
  0
LINE
  5
7FC
330
83
100
AcDbEntity
  8
Edges
100
AcDbLine
 10
21.05403578603969
 20
-3.808637719363565
 30
0.0
 11
21.05732341986056
 21
-3.814864343863117
 31
0.0
  0
LINE
  5
7FD
330
83
100
AcDbEntity
  8
Edges
100
AcDbLine
 10
21.06434808762506
 20
-3.827078169733379
 30
0.0
 11
21.06808115132796
 21
-3.833058468026157
 31
0.0
  0
LINE
  5
7FE
330
83
100
AcDbEntity
  8
Edges
100
AcDbLine
 10
21.04791920808614
 20
-3.795962641237679
 30
0.0
 11
21.05090045810086
 21
-3.802335964601502
 31
0.0
  0
LINE
  5
7FF
330
83
100
AcDbEntity
  8
Edges
100
AcDbLine
 10
21.06808115132796
 20
-3.833058468026157
 30
0.0
 11
21.07195858267535
 21
-3.838949833802083
 31
0.0
  0
LINE
  5
800
330
83
100
AcDbEntity
  8
Edges
100
AcDbLine
 10
21.03789801923358
 20
-3.58202500960124
 30
0.0
 11
21.03568714333215
 21
-3.588704764843656
 31
0.0
  0
LINE
  5
801
330
83
100
AcDbEntity
  8
Edges
100
AcDbLine
 10
21.06076150144038
 20
-3.821012318901947
 30
0.0
 11
21.06434808762506
 21
-3.827078169733379
 31
0.0
  0
LINE
  5
802
330
83
100
AcDbEntity
  8
Edges
100
AcDbLine
 10
21.07195858267535
 20
-3.838949833802083
 30
0.0
 11
21.07597819019907
 21
-3.844748937346331
 31
0.0
  0
LINE
  5
803
330
83
100
AcDbEntity
  8
Edges
100
AcDbLine
 10
21.07597819019907
 20
-3.844748937346331
 30
0.0
 11
21.08013770207502
 21
-3.850452501089355
 31
0.0
  0
LINE
  5
804
330
83
100
AcDbEntity
  8
Edges
100
AcDbLine
 10
21.08013770207502
 20
-3.850452501089355
 30
0.0
 11
21.08443476740717
 21
-3.856057301459328
 31
0.0
  0
LINE
  5
805
330
83
100
AcDbEntity
  8
Edges
100
AcDbLine
 10
21.09343176751256
 20
-3.866957998681321
 30
0.0
 11
21.11358775649015
 21
-3.875376195411872
 31
0.0
  0
LINE
  5
806
330
83
100
AcDbEntity
  8
Edges
100
AcDbLine
 10
21.07253274363393
 20
-3.51284874608117
 30
0.0
 11
21.09155859475769
 21
-3.502118092938158
 31
0.0
  0
LINE
  5
807
330
83
100
AcDbEntity
  8
Edges
100
AcDbLine
 10
21.06863455616807
 20
-3.518746048115983
 30
0.0
 11
21.06488042357029
 21
-3.524732062472868
 31
0.0
  0
LINE
  5
808
330
83
100
AcDbEntity
  8
Edges
100
AcDbLine
 10
21.07253274363393
 20
-3.51284874608117
 30
0.0
 11
21.06863455616807
 21
-3.518746048115983
 31
0.0
  0
LINE
  5
809
330
83
100
AcDbEntity
  8
Edges
100
AcDbLine
 10
-10.71642035056113
 20
-3.093246172890264
 30
0.0
 11
-10.72781317643142
 21
-3.066678658588001
 31
0.0
  0
LINE
  5
80A
330
83
100
AcDbEntity
  8
Edges
100
AcDbLine
 10
-10.77011343808685
 20
-3.225966607785101
 30
0.0
 11
-10.79734896644969
 21
-3.236863531175933
 31
0.0
  0
LINE
  5
80B
330
83
100
AcDbEntity
  8
Edges
100
AcDbLine
 10
-10.79734896644969
 20
-3.236863531175933
 30
0.0
 11
-10.82657628851052
 21
-3.240580268815524
 31
0.0
  0
LINE
  5
80C
330
83
100
AcDbEntity
  8
Edges
100
AcDbLine
 10
-10.71253446982078
 20
-3.129274940913954
 30
0.0
 11
-10.71253446982078
 21
-3.1217566275627
 31
0.0
  0
LINE
  5
80D
330
83
100
AcDbEntity
  8
Edges
100
AcDbLine
 10
-10.71253446982078
 20
-3.129274940913954
 30
0.0
 11
-10.71642035056113
 21
-3.157446995263679
 31
0.0
  0
LINE
  5
80E
330
83
100
AcDbEntity
  8
Edges
100
AcDbLine
 10
-10.74732558936858
 20
-3.208735576921659
 30
0.0
 11
-10.74593654517616
 21
-3.206987021637754
 31
0.0
  0
LINE
  5
80F
330
83
100
AcDbEntity
  8
Edges
100
AcDbLine
 10
-10.85558405766416
 20
-3.236754930310182
 30
0.0
 11
-10.82657628851052
 21
-3.240580268815524
 31
0.0
  0
LINE
  5
810
330
83
100
AcDbEntity
  8
Edges
100
AcDbLine
 10
-10.88261499528758
 20
-3.22593986358775
 30
0.0
 11
-10.85558405766416
 21
-3.236754930310182
 31
0.0
  0
LINE
  5
811
330
83
100
AcDbEntity
  8
Edges
100
AcDbLine
 10
-10.77011343808685
 20
-3.225966607785101
 30
0.0
 11
-10.74732558936858
 21
-3.208735576921659
 31
0.0
  0
LINE
  5
812
330
83
100
AcDbEntity
  8
Edges
100
AcDbLine
 10
-10.71654151618794
 20
-3.1585137865383
 30
0.0
 11
-10.72824585418765
 21
-3.185618117522295
 31
0.0
  0
LINE
  5
813
330
83
100
AcDbEntity
  8
Edges
100
AcDbLine
 10
-10.71253446982078
 20
-3.1217566275627
 30
0.0
 11
-10.71642035056113
 21
-3.093246172890264
 31
0.0
  0
LINE
  5
814
330
83
100
AcDbEntity
  8
Edges
100
AcDbLine
 10
-10.94061810720028
 20
-3.129274940913955
 30
0.0
 11
-10.94061810720028
 21
-3.121756627562701
 31
0.0
  0
LINE
  5
815
330
83
100
AcDbEntity
  8
Edges
100
AcDbLine
 10
-10.93673222645992
 20
-3.093246172890264
 30
0.0
 11
-10.94061810720028
 21
-3.121756627562701
 31
0.0
  0
LINE
  5
816
330
83
100
AcDbEntity
  8
Edges
100
AcDbLine
 10
-10.76955537916565
 20
-3.026358786920818
 30
0.0
 11
-10.79706009389549
 21
-3.01535416217828
 31
0.0
  0
LINE
  5
817
330
83
100
AcDbEntity
  8
Edges
100
AcDbLine
 10
-10.92533940058962
 20
-3.066678658588001
 30
0.0
 11
-10.93673222645992
 21
-3.093246172890264
 31
0.0
  0
LINE
  5
818
330
83
100
AcDbEntity
  8
Edges
100
AcDbLine
 10
-10.85609248312556
 20
-3.01535416217828
 30
0.0
 11
-10.88359719785541
 21
-3.026358786920818
 31
0.0
  0
LINE
  5
819
330
83
100
AcDbEntity
  8
Edges
100
AcDbLine
 10
-10.92490672283341
 20
-3.185618117522295
 30
0.0
 11
-10.93661106083311
 21
-3.1585137865383
 31
0.0
  0
LINE
  5
81A
330
83
100
AcDbEntity
  8
Edges
100
AcDbLine
 10
-10.79706009389549
 20
-3.01535416217828
 30
0.0
 11
-10.82657628851052
 21
-3.011600689613301
 31
0.0
  0
LINE
  5
81B
330
83
100
AcDbEntity
  8
Edges
100
AcDbLine
 10
-10.82657628851052
 20
-3.011600689613301
 30
0.0
 11
-10.85609248312556
 21
-3.01535416217828
 31
0.0
  0
LINE
  5
81C
330
83
100
AcDbEntity
  8
Edges
100
AcDbLine
 10
-10.93661106083311
 20
-3.1585137865383
 30
0.0
 11
-10.94061810720028
 21
-3.129274940913955
 31
0.0
  0
LINE
  5
81D
330
83
100
AcDbEntity
  8
Edges
100
AcDbLine
 10
-10.88261499528758
 20
-3.22593986358775
 30
0.0
 11
-10.9068627519363
 21
-3.208332211736855
 31
0.0
  0
LINE
  5
81E
330
83
100
AcDbEntity
  8
Edges
100
AcDbLine
 10
-10.80571372263882
 20
-3.138407783520925
 30
0.0
 11
-10.77173639959741
 21
-3.142728562385908
 31
0.0
  0
LINE
  5
81F
330
83
100
AcDbEntity
  8
Edges
100
AcDbLine
 10
-10.80571372263882
 20
-3.138407783520925
 30
0.0
 11
-10.81018692207855
 21
-3.171227357354787
 31
0.0
  0
LINE
  5
820
330
83
100
AcDbEntity
  8
Edges
100
AcDbLine
 10
-10.8537649136971
 20
-3.132297279450053
 30
0.0
 11
-10.85823811313685
 21
-3.165116853283915
 31
0.0
  0
LINE
  5
821
330
83
100
AcDbEntity
  8
Edges
100
AcDbLine
 10
-10.84743885438223
 20
-3.085883393022902
 30
0.0
 11
-10.88141617742364
 21
-3.081562614157919
 31
0.0
  0
LINE
  5
822
330
83
100
AcDbEntity
  8
Edges
100
AcDbLine
 10
-10.88774223673852
 20
-3.127976500585072
 30
0.0
 11
-10.88141617742364
 21
-3.081562614157919
 31
0.0
  0
LINE
  5
823
330
83
100
AcDbEntity
  8
Edges
100
AcDbLine
 10
-10.8429656549425
 20
-3.05306381918904
 30
0.0
 11
-10.84743885438223
 21
-3.085883393022902
 31
0.0
  0
LINE
  5
824
330
83
100
AcDbEntity
  8
Edges
100
AcDbLine
 10
-10.8429656549425
 20
-3.05306381918904
 30
0.0
 11
-10.79491446388421
 21
-3.059174323259911
 31
0.0
  0
LINE
  5
825
330
83
100
AcDbEntity
  8
Edges
100
AcDbLine
 10
-10.8537649136971
 20
-3.132297279450053
 30
0.0
 11
-10.8537649136971
 21
-3.146028976757918
 31
0.0
  0
LINE
  5
826
330
83
100
AcDbEntity
  8
Edges
100
AcDbLine
 10
-10.80946319723635
 20
-3.179649132488552
 30
0.0
 11
-10.81005084503199
 21
-3.1839606662078
 31
0.0
  0
LINE
  5
827
330
83
100
AcDbEntity
  8
Edges
100
AcDbLine
 10
-10.79954409677748
 20
-3.093141639184688
 30
0.0
 11
-10.79954409677748
 21
-3.106873336492553
 31
0.0
  0
LINE
  5
828
330
83
100
AcDbEntity
  8
Edges
100
AcDbLine
 10
-10.79954409677748
 20
-3.106873336492553
 30
0.0
 11
-10.76725850895769
 21
-3.109874569522376
 31
0.0
  0
LINE
  5
829
330
83
100
AcDbEntity
  8
Edges
100
AcDbLine
 10
-10.79954409677748
 20
-3.093141639184688
 30
0.0
 11
-10.76541034028254
 21
-3.096314675958755
 31
0.0
  0
LINE
  5
82A
330
83
100
AcDbEntity
  8
Edges
100
AcDbLine
 10
-10.84743885438223
 20
-3.085883393022902
 30
0.0
 11
-10.84743885438223
 21
-3.099615090330765
 31
0.0
  0
LINE
  5
82B
330
83
100
AcDbEntity
  8
Edges
100
AcDbLine
 10
-10.88141617742364
 20
-3.095294311465783
 30
0.0
 11
-10.88141617742364
 21
-3.081562614157919
 31
0.0
  0
LINE
  5
82C
330
83
100
AcDbEntity
  8
Edges
100
AcDbLine
 10
-10.88141617742364
 20
-3.095294311465783
 30
0.0
 11
-10.84743885438223
 21
-3.099615090330765
 31
0.0
  0
LINE
  5
82D
330
83
100
AcDbEntity
  8
Edges
100
AcDbLine
 10
-10.81404439885139
 20
-3.18446851265933
 30
0.0
 11
-10.82657628851052
 21
-3.182874875517537
 31
0.0
  0
LINE
  5
82E
330
83
100
AcDbEntity
  8
Edges
100
AcDbLine
 10
-10.85639841453466
 20
-3.165350801403622
 30
0.0
 11
-10.8537649136971
 21
-3.146028976757918
 31
0.0
  0
LINE
  5
82F
330
83
100
AcDbEntity
  8
Edges
100
AcDbLine
 10
-10.88590253813635
 20
-3.128210448704779
 30
0.0
 11
-10.88141617742364
 21
-3.095294311465783
 31
0.0
  0
LINE
  5
830
330
83
100
AcDbEntity
  8
Edges
100
AcDbLine
 10
-10.8429656549425
 20
-3.066795516496904
 30
0.0
 11
-10.8429656549425
 21
-3.05306381918904
 31
0.0
  0
LINE
  5
831
330
83
100
AcDbEntity
  8
Edges
100
AcDbLine
 10
-10.8429656549425
 20
-3.066795516496904
 30
0.0
 11
-10.79675416248639
 21
-3.072672072448069
 31
0.0
  0
LINE
  5
832
330
83
100
AcDbEntity
  8
Edges
100
AcDbLine
 10
-10.84743885438223
 20
-3.099615090330765
 30
0.0
 11
-10.8429656549425
 21
-3.066795516496904
 31
0.0
  0
LINE
  5
833
330
83
100
AcDbEntity
  8
Edges
100
AcDbLine
 10
10.68977457545712
 20
-0.7560720873717064
 30
0.0
 11
10.67838174958682
 21
-0.729504573069443
 31
0.0
  0
LINE
  5
834
330
83
100
AcDbEntity
  8
Edges
100
AcDbLine
 10
10.6360814879314
 20
-0.8887925222665433
 30
0.0
 11
10.60884595956857
 21
-0.8996894456573754
 31
0.0
  0
LINE
  5
835
330
83
100
AcDbEntity
  8
Edges
100
AcDbLine
 10
10.60884595956857
 20
-0.8996894456573754
 30
0.0
 11
10.57961863750772
 21
-0.9034061832969655
 31
0.0
  0
LINE
  5
836
330
83
100
AcDbEntity
  8
Edges
100
AcDbLine
 10
10.69366045619746
 20
-0.7921008553953959
 30
0.0
 11
10.69366045619746
 21
-0.7845825420441424
 31
0.0
  0
LINE
  5
837
330
83
100
AcDbEntity
  8
Edges
100
AcDbLine
 10
10.69366045619746
 20
-0.7921008553953959
 30
0.0
 11
10.68977457545712
 21
-0.8202729158879744
 31
0.0
  0
LINE
  5
838
330
83
100
AcDbEntity
  8
Edges
100
AcDbLine
 10
10.65886933664967
 20
-0.8715614914031014
 30
0.0
 11
10.66025838084209
 21
-0.8698129361191963
 31
0.0
  0
LINE
  5
839
330
83
100
AcDbEntity
  8
Edges
100
AcDbLine
 10
10.5506108683541
 20
-0.8995808447916239
 30
0.0
 11
10.57961863750772
 21
-0.9034061832969655
 31
0.0
  0
LINE
  5
83A
330
83
100
AcDbEntity
  8
Edges
100
AcDbLine
 10
10.52357993073067
 20
-0.888765778069192
 30
0.0
 11
10.5506108683541
 21
-0.8995808447916239
 31
0.0
  0
LINE
  5
83B
330
83
100
AcDbEntity
  8
Edges
100
AcDbLine
 10
10.6360814879314
 20
-0.8887925222665433
 30
0.0
 11
10.65886933664967
 21
-0.8715614914031014
 31
0.0
  0
LINE
  5
83C
330
83
100
AcDbEntity
  8
Edges
100
AcDbLine
 10
10.68965340983031
 20
-0.8213397010197422
 30
0.0
 11
10.67794907183061
 21
-0.8484440320037375
 31
0.0
  0
LINE
  5
83D
330
83
100
AcDbEntity
  8
Edges
100
AcDbLine
 10
10.69366045619746
 20
-0.7845825420441424
 30
0.0
 11
10.68977457545712
 21
-0.7560720873717064
 31
0.0
  0
LINE
  5
83E
330
83
100
AcDbEntity
  8
Edges
100
AcDbLine
 10
10.49897889417336
 20
-0.7066905313321579
 30
0.0
 11
10.48085552542862
 21
-0.729504573069443
 31
0.0
  0
LINE
  5
83F
330
83
100
AcDbEntity
  8
Edges
100
AcDbLine
 10
10.46557681881798
 20
-0.7921008553953959
 30
0.0
 11
10.46557681881798
 21
-0.7845825420441428
 31
0.0
  0
LINE
  5
840
330
83
100
AcDbEntity
  8
Edges
100
AcDbLine
 10
10.46946269955832
 20
-0.7560720873717064
 30
0.0
 11
10.46557681881798
 21
-0.7845825420441428
 31
0.0
  0
LINE
  5
841
330
83
100
AcDbEntity
  8
Edges
100
AcDbLine
 10
10.63663954685259
 20
-0.6891847014022603
 30
0.0
 11
10.60913483212276
 21
-0.6781800766597215
 31
0.0
  0
LINE
  5
842
330
83
100
AcDbEntity
  8
Edges
100
AcDbLine
 10
10.48085552542862
 20
-0.729504573069443
 30
0.0
 11
10.46946269955832
 21
-0.7560720873717064
 31
0.0
  0
LINE
  5
843
330
83
100
AcDbEntity
  8
Edges
100
AcDbLine
 10
10.52259772816285
 20
-0.6891847014022603
 30
0.0
 11
10.49897889417336
 21
-0.7066905313321579
 31
0.0
  0
LINE
  5
844
330
83
100
AcDbEntity
  8
Edges
100
AcDbLine
 10
10.66025838084209
 20
-0.7066905313321579
 30
0.0
 11
10.63663954685259
 21
-0.6891847014022603
 31
0.0
  0
LINE
  5
845
330
83
100
AcDbEntity
  8
Edges
100
AcDbLine
 10
10.55010244289269
 20
-0.6781800766597215
 30
0.0
 11
10.52259772816285
 21
-0.6891847014022603
 31
0.0
  0
LINE
  5
846
330
83
100
AcDbEntity
  8
Edges
100
AcDbLine
 10
10.48128820318484
 20
-0.8484440320037375
 30
0.0
 11
10.46958386518514
 21
-0.8213397010197418
 31
0.0
  0
LINE
  5
847
330
83
100
AcDbEntity
  8
Edges
100
AcDbLine
 10
10.60913483212276
 20
-0.6781800766597215
 30
0.0
 11
10.57961863750772
 21
-0.6744266040947431
 31
0.0
  0
LINE
  5
848
330
83
100
AcDbEntity
  8
Edges
100
AcDbLine
 10
10.57961863750772
 20
-0.6744266040947431
 30
0.0
 11
10.55010244289269
 21
-0.6781800766597215
 31
0.0
  0
LINE
  5
849
330
83
100
AcDbEntity
  8
Edges
100
AcDbLine
 10
10.46958386518514
 20
-0.8213397010197418
 30
0.0
 11
10.46557681881798
 21
-0.7921008553953959
 31
0.0
  0
LINE
  5
84A
330
83
100
AcDbEntity
  8
Edges
100
AcDbLine
 10
10.52357993073067
 20
-0.888765778069192
 30
0.0
 11
10.49933217408195
 21
-0.8711581262182965
 31
0.0
  0
LINE
  5
84B
330
83
100
AcDbEntity
  8
Edges
100
AcDbLine
 10
10.60048120337943
 20
-0.8012336980023672
 30
0.0
 11
10.63445852642084
 21
-0.805554476867349
 31
0.0
  0
LINE
  5
84C
330
83
100
AcDbEntity
  8
Edges
100
AcDbLine
 10
10.60048120337943
 20
-0.8012336980023672
 30
0.0
 11
10.5960080039397
 21
-0.834053271836229
 31
0.0
  0
LINE
  5
84D
330
83
100
AcDbEntity
  8
Edges
100
AcDbLine
 10
10.55243001232114
 20
-0.7951231939314951
 30
0.0
 11
10.54795681288141
 21
-0.8279427677653568
 31
0.0
  0
LINE
  5
84E
330
83
100
AcDbEntity
  8
Edges
100
AcDbLine
 10
10.55875607163601
 20
-0.7487093075043432
 30
0.0
 11
10.52477874859461
 21
-0.7443885286393615
 31
0.0
  0
LINE
  5
84F
330
83
100
AcDbEntity
  8
Edges
100
AcDbLine
 10
10.51845268927974
 20
-0.7908024150665134
 30
0.0
 11
10.52477874859461
 21
-0.7443885286393615
 31
0.0
  0
LINE
  5
850
330
83
100
AcDbEntity
  8
Edges
100
AcDbLine
 10
10.56322927107575
 20
-0.7158897336704815
 30
0.0
 11
10.55875607163601
 21
-0.7487093075043432
 31
0.0
  0
LINE
  5
851
330
83
100
AcDbEntity
  8
Edges
100
AcDbLine
 10
10.56322927107575
 20
-0.7158897336704815
 30
0.0
 11
10.61128046213403
 21
-0.7220002377413542
 31
0.0
  0
LINE
  5
852
330
83
100
AcDbEntity
  8
Edges
100
AcDbLine
 10
10.55243001232114
 20
-0.7951231939314951
 30
0.0
 11
10.55243001232114
 21
-0.8088548912393598
 31
0.0
  0
LINE
  5
853
330
83
100
AcDbEntity
  8
Edges
100
AcDbLine
 10
10.5967317287819
 20
-0.8424750469699947
 30
0.0
 11
10.59614408098626
 21
-0.8467865806892422
 31
0.0
  0
LINE
  5
854
330
83
100
AcDbEntity
  8
Edges
100
AcDbLine
 10
10.60665082924078
 20
-0.7559675536661299
 30
0.0
 11
10.60665082924078
 21
-0.7696992509739946
 31
0.0
  0
LINE
  5
855
330
83
100
AcDbEntity
  8
Edges
100
AcDbLine
 10
10.60665082924078
 20
-0.7696992509739946
 30
0.0
 11
10.63893641706056
 21
-0.7727004840038179
 31
0.0
  0
LINE
  5
856
330
83
100
AcDbEntity
  8
Edges
100
AcDbLine
 10
10.60665082924078
 20
-0.7559675536661299
 30
0.0
 11
10.64078458573571
 21
-0.7591405904401971
 31
0.0
  0
LINE
  5
857
330
83
100
AcDbEntity
  8
Edges
100
AcDbLine
 10
10.55875607163601
 20
-0.7487093075043432
 30
0.0
 11
10.55875607163601
 21
-0.7624410048122075
 31
0.0
  0
LINE
  5
858
330
83
100
AcDbEntity
  8
Edges
100
AcDbLine
 10
10.52477874859461
 20
-0.7581202259472258
 30
0.0
 11
10.52477874859461
 21
-0.7443885286393615
 31
0.0
  0
LINE
  5
859
330
83
100
AcDbEntity
  8
Edges
100
AcDbLine
 10
10.52477874859461
 20
-0.7581202259472258
 30
0.0
 11
10.55875607163601
 21
-0.7624410048122075
 31
0.0
  0
LINE
  5
85A
330
83
100
AcDbEntity
  8
Edges
100
AcDbLine
 10
10.59215052716686
 20
-0.8472944271407719
 30
0.0
 11
10.57961863750772
 21
-0.845700789998979
 31
0.0
  0
LINE
  5
85B
330
83
100
AcDbEntity
  8
Edges
100
AcDbLine
 10
10.54979651148358
 20
-0.8281767158850637
 30
0.0
 11
10.55243001232114
 21
-0.8088548912393598
 31
0.0
  0
LINE
  5
85C
330
83
100
AcDbEntity
  8
Edges
100
AcDbLine
 10
10.52029238788191
 20
-0.7910363631862203
 30
0.0
 11
10.52477874859461
 21
-0.7581202259472258
 31
0.0
  0
LINE
  5
85D
330
83
100
AcDbEntity
  8
Edges
100
AcDbLine
 10
10.56322927107575
 20
-0.7296214309783462
 30
0.0
 11
10.56322927107575
 21
-0.7158897336704815
 31
0.0
  0
LINE
  5
85E
330
83
100
AcDbEntity
  8
Edges
100
AcDbLine
 10
10.56322927107575
 20
-0.7296214309783462
 30
0.0
 11
10.60944076353186
 21
-0.7354979869295116
 31
0.0
  0
LINE
  5
85F
330
83
100
AcDbEntity
  8
Edges
100
AcDbLine
 10
10.55875607163601
 20
-0.7624410048122075
 30
0.0
 11
10.56322927107575
 21
-0.7296214309783462
 31
0.0
  0
LINE
  5
860
330
83
100
AcDbEntity
  8
Edges
100
AcDbLine
 10
10.65857964943887
 20
-3.093246172890264
 30
0.0
 11
10.64718682356857
 21
-3.066678658588001
 31
0.0
  0
LINE
  5
861
330
83
100
AcDbEntity
  8
Edges
100
AcDbLine
 10
10.60488656191316
 20
-3.225966607785101
 30
0.0
 11
10.57765103355032
 21
-3.236863531175933
 31
0.0
  0
LINE
  5
862
330
83
100
AcDbEntity
  8
Edges
100
AcDbLine
 10
10.57765103355032
 20
-3.236863531175933
 30
0.0
 11
10.54842371148947
 21
-3.240580268815524
 31
0.0
  0
LINE
  5
863
330
83
100
AcDbEntity
  8
Edges
100
AcDbLine
 10
10.66246553017922
 20
-3.129274940913954
 30
0.0
 11
10.66246553017922
 21
-3.1217566275627
 31
0.0
  0
LINE
  5
864
330
83
100
AcDbEntity
  8
Edges
100
AcDbLine
 10
10.66246553017922
 20
-3.129274940913954
 30
0.0
 11
10.65857964943887
 21
-3.157447001406533
 31
0.0
  0
LINE
  5
865
330
83
100
AcDbEntity
  8
Edges
100
AcDbLine
 10
10.62767441063143
 20
-3.208735576921659
 30
0.0
 11
10.62906345482385
 21
-3.206987021637754
 31
0.0
  0
LINE
  5
866
330
83
100
AcDbEntity
  8
Edges
100
AcDbLine
 10
10.51941594233585
 20
-3.236754930310182
 30
0.0
 11
10.54842371148947
 21
-3.240580268815524
 31
0.0
  0
LINE
  5
867
330
83
100
AcDbEntity
  8
Edges
100
AcDbLine
 10
10.49238500471243
 20
-3.22593986358775
 30
0.0
 11
10.51941594233585
 21
-3.236754930310182
 31
0.0
  0
LINE
  5
868
330
83
100
AcDbEntity
  8
Edges
100
AcDbLine
 10
10.60488656191316
 20
-3.225966607785101
 30
0.0
 11
10.62767441063143
 21
-3.208735576921659
 31
0.0
  0
LINE
  5
869
330
83
100
AcDbEntity
  8
Edges
100
AcDbLine
 10
10.65845848381207
 20
-3.1585137865383
 30
0.0
 11
10.64675414581236
 21
-3.185618117522295
 31
0.0
  0
LINE
  5
86A
330
83
100
AcDbEntity
  8
Edges
100
AcDbLine
 10
10.66246553017922
 20
-3.1217566275627
 30
0.0
 11
10.65857964943887
 21
-3.093246172890264
 31
0.0
  0
LINE
  5
86B
330
83
100
AcDbEntity
  8
Edges
100
AcDbLine
 10
10.43438189279973
 20
-3.129274940913955
 30
0.0
 11
10.43438189279973
 21
-3.121756627562701
 31
0.0
  0
LINE
  5
86C
330
83
100
AcDbEntity
  8
Edges
100
AcDbLine
 10
10.43826777354007
 20
-3.093246172890264
 30
0.0
 11
10.43438189279973
 21
-3.121756627562701
 31
0.0
  0
LINE
  5
86D
330
83
100
AcDbEntity
  8
Edges
100
AcDbLine
 10
10.60544462083435
 20
-3.026358786920818
 30
0.0
 11
10.57793990610452
 21
-3.01535416217828
 31
0.0
  0
LINE
  5
86E
330
83
100
AcDbEntity
  8
Edges
100
AcDbLine
 10
10.44966059941038
 20
-3.066678658588001
 30
0.0
 11
10.43826777354007
 21
-3.093246172890264
 31
0.0
  0
LINE
  5
86F
330
83
100
AcDbEntity
  8
Edges
100
AcDbLine
 10
10.51890751687445
 20
-3.01535416217828
 30
0.0
 11
10.4914028021446
 21
-3.026358786920818
 31
0.0
  0
LINE
  5
870
330
83
100
AcDbEntity
  8
Edges
100
AcDbLine
 10
10.4500932771666
 20
-3.185618117522295
 30
0.0
 11
10.4383889391669
 21
-3.1585137865383
 31
0.0
  0
LINE
  5
871
330
83
100
AcDbEntity
  8
Edges
100
AcDbLine
 10
10.57793990610452
 20
-3.01535416217828
 30
0.0
 11
10.54842371148947
 21
-3.011600689613301
 31
0.0
  0
LINE
  5
872
330
83
100
AcDbEntity
  8
Edges
100
AcDbLine
 10
10.54842371148947
 20
-3.011600689613301
 30
0.0
 11
10.51890751687445
 21
-3.01535416217828
 31
0.0
  0
LINE
  5
873
330
83
100
AcDbEntity
  8
Edges
100
AcDbLine
 10
10.4383889391669
 20
-3.1585137865383
 30
0.0
 11
10.43438189279973
 21
-3.129274940913955
 31
0.0
  0
LINE
  5
874
330
83
100
AcDbEntity
  8
Edges
100
AcDbLine
 10
10.49238500471243
 20
-3.22593986358775
 30
0.0
 11
10.46813724806371
 21
-3.208332211736855
 31
0.0
  0
LINE
  5
875
330
83
100
AcDbEntity
  8
Edges
100
AcDbLine
 10
10.56928627736118
 20
-3.138407783520925
 30
0.0
 11
10.6032636004026
 21
-3.142728562385908
 31
0.0
  0
LINE
  5
876
330
83
100
AcDbEntity
  8
Edges
100
AcDbLine
 10
10.56928627736118
 20
-3.138407783520925
 30
0.0
 11
10.56481307792145
 21
-3.171227357354787
 31
0.0
  0
LINE
  5
877
330
83
100
AcDbEntity
  8
Edges
100
AcDbLine
 10
10.52123508630289
 20
-3.132297279450053
 30
0.0
 11
10.51676188686316
 21
-3.165116853283915
 31
0.0
  0
LINE
  5
878
330
83
100
AcDbEntity
  8
Edges
100
AcDbLine
 10
10.52756114561776
 20
-3.085883393022902
 30
0.0
 11
10.49358382257637
 21
-3.081562614157919
 31
0.0
  0
LINE
  5
879
330
83
100
AcDbEntity
  8
Edges
100
AcDbLine
 10
10.48725776326149
 20
-3.127976500585072
 30
0.0
 11
10.49358382257637
 21
-3.081562614157919
 31
0.0
  0
LINE
  5
87A
330
83
100
AcDbEntity
  8
Edges
100
AcDbLine
 10
10.53203434505751
 20
-3.05306381918904
 30
0.0
 11
10.52756114561776
 21
-3.085883393022902
 31
0.0
  0
LINE
  5
87B
330
83
100
AcDbEntity
  8
Edges
100
AcDbLine
 10
10.53203434505751
 20
-3.05306381918904
 30
0.0
 11
10.5800855361158
 21
-3.059174323259911
 31
0.0
  0
LINE
  5
87C
330
83
100
AcDbEntity
  8
Edges
100
AcDbLine
 10
10.52123508630289
 20
-3.132297279450053
 30
0.0
 11
10.52123508630289
 21
-3.146028976757918
 31
0.0
  0
LINE
  5
87D
330
83
100
AcDbEntity
  8
Edges
100
AcDbLine
 10
10.56553680276366
 20
-3.179649132488552
 30
0.0
 11
10.56494915496802
 21
-3.1839606662078
 31
0.0
  0
LINE
  5
87E
330
83
100
AcDbEntity
  8
Edges
100
AcDbLine
 10
10.57545590322253
 20
-3.093141639184688
 30
0.0
 11
10.57545590322253
 21
-3.106873336492553
 31
0.0
  0
LINE
  5
87F
330
83
100
AcDbEntity
  8
Edges
100
AcDbLine
 10
10.57545590322253
 20
-3.106873336492553
 30
0.0
 11
10.60774149104232
 21
-3.109874569522376
 31
0.0
  0
LINE
  5
880
330
83
100
AcDbEntity
  8
Edges
100
AcDbLine
 10
10.57545590322253
 20
-3.093141639184688
 30
0.0
 11
10.60958965971747
 21
-3.096314675958755
 31
0.0
  0
LINE
  5
881
330
83
100
AcDbEntity
  8
Edges
100
AcDbLine
 10
10.52756114561776
 20
-3.085883393022902
 30
0.0
 11
10.52756114561776
 21
-3.099615090330765
 31
0.0
  0
LINE
  5
882
330
83
100
AcDbEntity
  8
Edges
100
AcDbLine
 10
10.49358382257637
 20
-3.095294311465783
 30
0.0
 11
10.49358382257637
 21
-3.081562614157919
 31
0.0
  0
LINE
  5
883
330
83
100
AcDbEntity
  8
Edges
100
AcDbLine
 10
10.49358382257637
 20
-3.095294311465783
 30
0.0
 11
10.52756114561776
 21
-3.099615090330765
 31
0.0
  0
LINE
  5
884
330
83
100
AcDbEntity
  8
Edges
100
AcDbLine
 10
10.5609556011486
 20
-3.18446851265933
 30
0.0
 11
10.54842371148947
 21
-3.182874875517537
 31
0.0
  0
LINE
  5
885
330
83
100
AcDbEntity
  8
Edges
100
AcDbLine
 10
10.51860158546535
 20
-3.165350801403622
 30
0.0
 11
10.52123508630289
 21
-3.146028976757918
 31
0.0
  0
LINE
  5
886
330
83
100
AcDbEntity
  8
Edges
100
AcDbLine
 10
10.48909746186366
 20
-3.128210448704779
 30
0.0
 11
10.49358382257637
 21
-3.095294311465783
 31
0.0
  0
LINE
  5
887
330
83
100
AcDbEntity
  8
Edges
100
AcDbLine
 10
10.53203434505751
 20
-3.066795516496904
 30
0.0
 11
10.53203434505751
 21
-3.05306381918904
 31
0.0
  0
LINE
  5
888
330
83
100
AcDbEntity
  8
Edges
100
AcDbLine
 10
10.53203434505751
 20
-3.066795516496904
 30
0.0
 11
10.57824583751362
 21
-3.072672072448069
 31
0.0
  0
LINE
  5
889
330
83
100
AcDbEntity
  8
Edges
100
AcDbLine
 10
10.52756114561776
 20
-3.099615090330765
 30
0.0
 11
10.53203434505751
 21
-3.066795516496904
 31
0.0
  0
LINE
  5
88A
330
83
100
AcDbEntity
  8
Edges
100
AcDbLine
 10
21.17510198014351
 20
-2.975456196453549
 30
0.0
 11
21.17933774281305
 21
-2.973813153045953
 31
0.0
  0
LINE
  5
88B
330
83
100
AcDbEntity
  8
Edges
100
AcDbLine
 10
21.16112558126554
 20
-2.978113948826392
 30
0.0
 11
21.16591732335772
 21
-2.977625150042396
 31
0.0
  0
LINE
  5
88C
330
83
100
AcDbEntity
  8
Edges
100
AcDbLine
 10
21.16591732335772
 20
-2.977625150042396
 30
0.0
 11
21.17060284651715
 21
-2.97673415083697
 31
0.0
  0
LINE
  5
88D
330
83
100
AcDbEntity
  8
Edges
100
AcDbLine
 10
21.17060284651715
 20
-2.97673415083697
 30
0.0
 11
21.17510198014351
 21
-2.975456196453549
 31
0.0
  0
LINE
  5
88E
330
83
100
AcDbEntity
  8
Edges
100
AcDbLine
 10
21.14867019377545
 20
-2.605111279117601
 30
0.0
 11
21.14391239252228
 21
-2.604777611472825
 31
0.0
  0
LINE
  5
88F
330
83
100
AcDbEntity
  8
Edges
100
AcDbLine
 10
21.15328841599398
 20
-2.605851140141095
 30
0.0
 11
21.14867019377545
 21
-2.605111279117601
 31
0.0
  0
LINE
  5
890
330
83
100
AcDbEntity
  8
Edges
100
AcDbLine
 10
21.13909641953307
 20
-2.604855846352678
 30
0.0
 11
21.09155859475769
 21
-2.607661461082662
 31
0.0
  0
LINE
  5
891
330
83
100
AcDbEntity
  8
Edges
100
AcDbLine
 10
21.14391239252228
 20
-2.604777611472825
 30
0.0
 11
21.13909641953307
 21
-2.604855846352678
 31
0.0
  0
LINE
  5
892
330
83
100
AcDbEntity
  8
Edges
100
AcDbLine
 10
21.05134563136865
 20
-2.655038235349709
 30
0.0
 11
21.04834193049246
 21
-2.661416127895586
 31
0.0
  0
LINE
  5
893
330
83
100
AcDbEntity
  8
Edges
100
AcDbLine
 10
21.05450315856345
 20
-2.648731676337575
 30
0.0
 11
21.05134563136865
 21
-2.655038235349709
 31
0.0
  0
LINE
  5
894
330
83
100
AcDbEntity
  8
Edges
100
AcDbLine
 10
21.04280271038939
 20
-2.674371456538295
 30
0.0
 11
21.04027032184971
 21
-2.680941570470544
 31
0.0
  0
LINE
  5
895
330
83
100
AcDbEntity
  8
Edges
100
AcDbLine
 10
21.04549375358323
 20
-2.667861749282478
 30
0.0
 11
21.04280271038939
 21
-2.674371456538295
 31
0.0
  0
LINE
  5
896
330
83
100
AcDbEntity
  8
Edges
100
AcDbLine
 10
21.04834193049246
 20
-2.661416127895586
 30
0.0
 11
21.04549375358323
 21
-2.667861749282478
 31
0.0
  0
LINE
  5
897
330
83
100
AcDbEntity
  8
Edges
100
AcDbLine
 10
21.04027032184971
 20
-2.680941570470544
 30
0.0
 11
21.03789801923358
 21
-2.687568377745744
 31
0.0
  0
LINE
  5
898
330
83
100
AcDbEntity
  8
Edges
100
AcDbLine
 10
21.05781272748813
 20
-2.642500015235226
 30
0.0
 11
21.05450315856345
 21
-2.648731676337575
 31
0.0
  0
LINE
  5
899
330
83
100
AcDbEntity
  8
Edges
100
AcDbLine
 10
21.06127246762212
 20
-2.636346774087492
 30
0.0
 11
21.05781272748813
 21
-2.642500015235226
 31
0.0
  0
LINE
  5
89A
330
83
100
AcDbEntity
  8
Edges
100
AcDbLine
 10
21.06488042357029
 20
-2.630275430617373
 30
0.0
 11
21.06127246762212
 21
-2.636346774087492
 31
0.0
  0
LINE
  5
89B
330
83
100
AcDbEntity
  8
Edges
100
AcDbLine
 10
21.05732341986056
 20
-2.920407712007621
 30
0.0
 11
21.06076150144038
 21
-2.926555687046451
 31
0.0
  0
LINE
  5
89C
330
83
100
AcDbEntity
  8
Edges
100
AcDbLine
 10
21.08443476740717
 20
-2.961600669603832
 30
0.0
 11
21.0888669575563
 21
-2.967103538848554
 31
0.0
  0
LINE
  5
89D
330
83
100
AcDbEntity
  8
Edges
100
AcDbLine
 10
21.0888669575563
 20
-2.967103538848554
 30
0.0
 11
21.09343176751256
 21
-2.972501366825825
 31
0.0
  0
LINE
  5
89E
330
83
100
AcDbEntity
  8
Edges
100
AcDbLine
 10
21.05090045810086
 20
-2.907879332746006
 30
0.0
 11
21.05403578603969
 21
-2.914181087508069
 31
0.0
  0
LINE
  5
89F
330
83
100
AcDbEntity
  8
Edges
100
AcDbLine
 10
21.05403578603969
 20
-2.914181087508069
 30
0.0
 11
21.05732341986056
 21
-2.920407712007621
 31
0.0
  0
LINE
  5
8A0
330
83
100
AcDbEntity
  8
Edges
100
AcDbLine
 10
21.06434808762506
 20
-2.932621537877883
 30
0.0
 11
21.06808115132796
 21
-2.938601836170661
 31
0.0
  0
LINE
  5
8A1
330
83
100
AcDbEntity
  8
Edges
100
AcDbLine
 10
21.04791920808614
 20
-2.901506009382183
 30
0.0
 11
21.05090045810086
 21
-2.907879332746006
 31
0.0
  0
LINE
  5
8A2
330
83
100
AcDbEntity
  8
Edges
100
AcDbLine
 10
21.06808115132796
 20
-2.938601836170661
 30
0.0
 11
21.07195858267535
 21
-2.944493201946587
 31
0.0
  0
LINE
  5
8A3
330
83
100
AcDbEntity
  8
Edges
100
AcDbLine
 10
21.03789801923358
 20
-2.687568377745744
 30
0.0
 11
21.03568714333215
 21
-2.69424813298816
 31
0.0
  0
LINE
  5
8A4
330
83
100
AcDbEntity
  8
Edges
100
AcDbLine
 10
21.06076150144038
 20
-2.926555687046451
 30
0.0
 11
21.06434808762506
 21
-2.932621537877883
 31
0.0
  0
LINE
  5
8A5
330
83
100
AcDbEntity
  8
Edges
100
AcDbLine
 10
21.07195858267535
 20
-2.944493201946587
 30
0.0
 11
21.07597819019907
 21
-2.950292305490835
 31
0.0
  0
LINE
  5
8A6
330
83
100
AcDbEntity
  8
Edges
100
AcDbLine
 10
21.07597819019907
 20
-2.950292305490835
 30
0.0
 11
21.08013770207502
 21
-2.955995869233859
 31
0.0
  0
LINE
  5
8A7
330
83
100
AcDbEntity
  8
Edges
100
AcDbLine
 10
21.08013770207502
 20
-2.955995869233859
 30
0.0
 11
21.08443476740717
 21
-2.961600669603832
 31
0.0
  0
LINE
  5
8A8
330
83
100
AcDbEntity
  8
Edges
100
AcDbLine
 10
21.09343176751256
 20
-2.972501366825825
 30
0.0
 11
21.11358775649015
 21
-2.980919563556376
 31
0.0
  0
LINE
  5
8A9
330
83
100
AcDbEntity
  8
Edges
100
AcDbLine
 10
21.07253274363393
 20
-2.618392114225674
 30
0.0
 11
21.09155859475769
 21
-2.607661461082662
 31
0.0
  0
LINE
  5
8AA
330
83
100
AcDbEntity
  8
Edges
100
AcDbLine
 10
21.06863455616807
 20
-2.624289416260487
 30
0.0
 11
21.06488042357029
 21
-2.630275430617373
 31
0.0
  0
LINE
  5
8AB
330
83
100
AcDbEntity
  8
Edges
100
AcDbLine
 10
21.07253274363393
 20
-2.618392114225674
 30
0.0
 11
21.06863455616807
 21
-2.624289416260487
 31
0.0
  0
LINE
  5
8AC
330
83
100
AcDbEntity
  8
Edges
100
AcDbLine
 10
3.752274575457121
 20
-0.7560720873717064
 30
0.0
 11
3.740881749586819
 21
-0.729504573069443
 31
0.0
  0
LINE
  5
8AD
330
83
100
AcDbEntity
  8
Edges
100
AcDbLine
 10
3.698581487931406
 20
-0.8887925222665433
 30
0.0
 11
3.671345959568569
 21
-0.8996894456573754
 31
0.0
  0
LINE
  5
8AE
330
83
100
AcDbEntity
  8
Edges
100
AcDbLine
 10
3.671345959568569
 20
-0.8996894456573754
 30
0.0
 11
3.642118637507721
 21
-0.9034061832969655
 31
0.0
  0
LINE
  5
8AF
330
83
100
AcDbEntity
  8
Edges
100
AcDbLine
 10
3.756160456197463
 20
-0.7921008553953959
 30
0.0
 11
3.756160456197463
 21
-0.7845825420441424
 31
0.0
  0
LINE
  5
8B0
330
83
100
AcDbEntity
  8
Edges
100
AcDbLine
 10
3.756160456197463
 20
-0.7921008553953959
 30
0.0
 11
3.752274575457121
 21
-0.8202729138942391
 31
0.0
  0
LINE
  5
8B1
330
83
100
AcDbEntity
  8
Edges
100
AcDbLine
 10
3.721369336649672
 20
-0.8715614914031014
 30
0.0
 11
3.722758380842094
 21
-0.869812936119195
 31
0.0
  0
LINE
  5
8B2
330
83
100
AcDbEntity
  8
Edges
100
AcDbLine
 10
3.613110868354098
 20
-0.8995808447916239
 30
0.0
 11
3.642118637507721
 21
-0.9034061832969655
 31
0.0
  0
LINE
  5
8B3
330
83
100
AcDbEntity
  8
Edges
100
AcDbLine
 10
3.586079930730676
 20
-0.888765778069192
 30
0.0
 11
3.613110868354098
 21
-0.8995808447916239
 31
0.0
  0
LINE
  5
8B4
330
83
100
AcDbEntity
  8
Edges
100
AcDbLine
 10
3.698581487931406
 20
-0.8887925222665433
 30
0.0
 11
3.721369336649672
 21
-0.8715614914031014
 31
0.0
  0
LINE
  5
8B5
330
83
100
AcDbEntity
  8
Edges
100
AcDbLine
 10
3.752153409830313
 20
-0.8213397010197422
 30
0.0
 11
3.74044907183061
 21
-0.8484440320037375
 31
0.0
  0
LINE
  5
8B6
330
83
100
AcDbEntity
  8
Edges
100
AcDbLine
 10
3.756160456197463
 20
-0.7845825420441424
 30
0.0
 11
3.752274575457121
 21
-0.7560720873717064
 31
0.0
  0
LINE
  5
8B7
330
83
100
AcDbEntity
  8
Edges
100
AcDbLine
 10
3.528076818817979
 20
-0.7921008553953959
 30
0.0
 11
3.528076818817979
 21
-0.7845825420441428
 31
0.0
  0
LINE
  5
8B8
330
83
100
AcDbEntity
  8
Edges
100
AcDbLine
 10
3.53196269955832
 20
-0.7560720873717064
 30
0.0
 11
3.528076818817979
 21
-0.7845825420441428
 31
0.0
  0
LINE
  5
8B9
330
83
100
AcDbEntity
  8
Edges
100
AcDbLine
 10
3.699139546852592
 20
-0.6891847014022603
 30
0.0
 11
3.671634832122762
 21
-0.6781800766597215
 31
0.0
  0
LINE
  5
8BA
330
83
100
AcDbEntity
  8
Edges
100
AcDbLine
 10
3.543355525428623
 20
-0.729504573069443
 30
0.0
 11
3.53196269955832
 21
-0.7560720873717064
 31
0.0
  0
LINE
  5
8BB
330
83
100
AcDbEntity
  8
Edges
100
AcDbLine
 10
3.58509772816285
 20
-0.6891847014022603
 30
0.0
 11
3.561478894173362
 21
-0.7066905313321579
 31
0.0
  0
LINE
  5
8BC
330
83
100
AcDbEntity
  8
Edges
100
AcDbLine
 10
3.722758380842094
 20
-0.7066905313321579
 30
0.0
 11
3.699139546852592
 21
-0.6891847014022603
 31
0.0
  0
LINE
  5
8BD
330
83
100
AcDbEntity
  8
Edges
100
AcDbLine
 10
3.612602442892693
 20
-0.6781800766597215
 30
0.0
 11
3.58509772816285
 21
-0.6891847014022603
 31
0.0
  0
LINE
  5
8BE
330
83
100
AcDbEntity
  8
Edges
100
AcDbLine
 10
3.561832174081956
 20
-0.8711581262182965
 30
0.0
 11
3.543788203184845
 21
-0.8484440320037375
 31
0.0
  0
LINE
  5
8BF
330
83
100
AcDbEntity
  8
Edges
100
AcDbLine
 10
3.543788203184845
 20
-0.8484440320037375
 30
0.0
 11
3.532083865185143
 21
-0.8213397010197418
 31
0.0
  0
LINE
  5
8C0
330
83
100
AcDbEntity
  8
Edges
100
AcDbLine
 10
3.671634832122762
 20
-0.6781800766597215
 30
0.0
 11
3.642118637507721
 21
-0.6744266040947431
 31
0.0
  0
LINE
  5
8C1
330
83
100
AcDbEntity
  8
Edges
100
AcDbLine
 10
3.642118637507721
 20
-0.6744266040947431
 30
0.0
 11
3.612602442892693
 21
-0.6781800766597215
 31
0.0
  0
LINE
  5
8C2
330
83
100
AcDbEntity
  8
Edges
100
AcDbLine
 10
3.53196269955832
 20
-0.8202729138309248
 30
0.0
 11
3.528076818817979
 21
-0.7921008553953959
 31
0.0
  0
LINE
  5
8C3
330
83
100
AcDbEntity
  8
Edges
100
AcDbLine
 10
3.586079930730676
 20
-0.888765778069192
 30
0.0
 11
3.561832174081956
 21
-0.8711581262182965
 31
0.0
  0
LINE
  5
8C4
330
83
100
AcDbEntity
  8
Edges
100
AcDbLine
 10
3.66298120337943
 20
-0.8012336980023672
 30
0.0
 11
3.696958526420843
 21
-0.805554476867349
 31
0.0
  0
LINE
  5
8C5
330
83
100
AcDbEntity
  8
Edges
100
AcDbLine
 10
3.66298120337943
 20
-0.8012336980023672
 30
0.0
 11
3.658508003939701
 21
-0.834053271836229
 31
0.0
  0
LINE
  5
8C6
330
83
100
AcDbEntity
  8
Edges
100
AcDbLine
 10
3.614930012321138
 20
-0.7951231939314951
 30
0.0
 11
3.610456812881409
 21
-0.8279427677653568
 31
0.0
  0
LINE
  5
8C7
330
83
100
AcDbEntity
  8
Edges
100
AcDbLine
 10
3.621256071636011
 20
-0.7487093075043432
 30
0.0
 11
3.587278748594613
 21
-0.7443885286393615
 31
0.0
  0
LINE
  5
8C8
330
83
100
AcDbEntity
  8
Edges
100
AcDbLine
 10
3.58095268927974
 20
-0.7908024150665134
 30
0.0
 11
3.587278748594613
 21
-0.7443885286393615
 31
0.0
  0
LINE
  5
8C9
330
83
100
AcDbEntity
  8
Edges
100
AcDbLine
 10
3.625729271075755
 20
-0.7158897336704815
 30
0.0
 11
3.621256071636011
 21
-0.7487093075043432
 31
0.0
  0
LINE
  5
8CA
330
83
100
AcDbEntity
  8
Edges
100
AcDbLine
 10
3.625729271075755
 20
-0.7158897336704815
 30
0.0
 11
3.673780462134047
 21
-0.7220002377413542
 31
0.0
  0
LINE
  5
8CB
330
83
100
AcDbEntity
  8
Edges
100
AcDbLine
 10
3.614930012321138
 20
-0.7951231939314951
 30
0.0
 11
3.614930012321138
 21
-0.8088548912393598
 31
0.0
  0
LINE
  5
8CC
330
83
100
AcDbEntity
  8
Edges
100
AcDbLine
 10
3.659231728781904
 20
-0.8424750469699944
 30
0.0
 11
3.658644080986263
 21
-0.8467865806892422
 31
0.0
  0
LINE
  5
8CD
330
83
100
AcDbEntity
  8
Edges
100
AcDbLine
 10
3.669150829240777
 20
-0.7559675536661299
 30
0.0
 11
3.669150829240777
 21
-0.7696992509739946
 31
0.0
  0
LINE
  5
8CE
330
83
100
AcDbEntity
  8
Edges
100
AcDbLine
 10
3.669150829240777
 20
-0.7696992509739946
 30
0.0
 11
3.701436417060563
 21
-0.7727004840038179
 31
0.0
  0
LINE
  5
8CF
330
83
100
AcDbEntity
  8
Edges
100
AcDbLine
 10
3.669150829240777
 20
-0.7559675536661299
 30
0.0
 11
3.703284585735715
 21
-0.7591405904401971
 31
0.0
  0
LINE
  5
8D0
330
83
100
AcDbEntity
  8
Edges
100
AcDbLine
 10
3.621256071636011
 20
-0.7487093075043432
 30
0.0
 11
3.621256071636011
 21
-0.7624410048122075
 31
0.0
  0
LINE
  5
8D1
330
83
100
AcDbEntity
  8
Edges
100
AcDbLine
 10
3.587278748594613
 20
-0.7581202259472258
 30
0.0
 11
3.587278748594613
 21
-0.7443885286393615
 31
0.0
  0
LINE
  5
8D2
330
83
100
AcDbEntity
  8
Edges
100
AcDbLine
 10
3.587278748594613
 20
-0.7581202259472258
 30
0.0
 11
3.621256071636011
 21
-0.7624410048122075
 31
0.0
  0
LINE
  5
8D3
330
83
100
AcDbEntity
  8
Edges
100
AcDbLine
 10
3.654650527166865
 20
-0.8472944271407719
 30
0.0
 11
3.642118637507721
 21
-0.845700789998979
 31
0.0
  0
LINE
  5
8D4
330
83
100
AcDbEntity
  8
Edges
100
AcDbLine
 10
3.612296511483577
 20
-0.8281767158850637
 30
0.0
 11
3.614930012321138
 21
-0.8088548912393598
 31
0.0
  0
LINE
  5
8D5
330
83
100
AcDbEntity
  8
Edges
100
AcDbLine
 10
3.582792387881909
 20
-0.7910363631862203
 30
0.0
 11
3.587278748594613
 21
-0.7581202259472258
 31
0.0
  0
LINE
  5
8D6
330
83
100
AcDbEntity
  8
Edges
100
AcDbLine
 10
3.625729271075755
 20
-0.7296214309783462
 30
0.0
 11
3.625729271075755
 21
-0.7158897336704815
 31
0.0
  0
LINE
  5
8D7
330
83
100
AcDbEntity
  8
Edges
100
AcDbLine
 10
3.625729271075755
 20
-0.7296214309783462
 30
0.0
 11
3.671940763531864
 21
-0.7354979869295111
 31
0.0
  0
LINE
  5
8D8
330
83
100
AcDbEntity
  8
Edges
100
AcDbLine
 10
3.621256071636011
 20
-0.7624410048122075
 30
0.0
 11
3.625729271075755
 21
-0.7296214309783462
 31
0.0
  0
LINE
  5
8D9
330
83
100
AcDbEntity
  8
Edges
100
AcDbLine
 10
-10.68522542454289
 20
-0.7560720873717064
 30
0.0
 11
-10.69661825041319
 21
-0.729504573069443
 31
0.0
  0
LINE
  5
8DA
330
83
100
AcDbEntity
  8
Edges
100
AcDbLine
 10
-10.73891851206861
 20
-0.8887925222665433
 30
0.0
 11
-10.76615404043144
 21
-0.8996894456573754
 31
0.0
  0
LINE
  5
8DB
330
83
100
AcDbEntity
  8
Edges
100
AcDbLine
 10
-10.76615404043144
 20
-0.8996894456573754
 30
0.0
 11
-10.79538136249229
 21
-0.9034061832969655
 31
0.0
  0
LINE
  5
8DC
330
83
100
AcDbEntity
  8
Edges
100
AcDbLine
 10
-10.68133954380253
 20
-0.7921008553953959
 30
0.0
 11
-10.68133954380253
 21
-0.7845825420441424
 31
0.0
  0
LINE
  5
8DD
330
83
100
AcDbEntity
  8
Edges
100
AcDbLine
 10
-10.68133954380253
 20
-0.7921008553953959
 30
0.0
 11
-10.68522542454289
 21
-0.8202729097451125
 31
0.0
  0
LINE
  5
8DE
330
83
100
AcDbEntity
  8
Edges
100
AcDbLine
 10
-10.71613066335034
 20
-0.8715614914031014
 30
0.0
 11
-10.71474161915792
 21
-0.8698129361191963
 31
0.0
  0
LINE
  5
8DF
330
83
100
AcDbEntity
  8
Edges
100
AcDbLine
 10
-10.82438913164591
 20
-0.8995808447916239
 30
0.0
 11
-10.79538136249229
 21
-0.9034061832969655
 31
0.0
  0
LINE
  5
8E0
330
83
100
AcDbEntity
  8
Edges
100
AcDbLine
 10
-10.85142006926932
 20
-0.888765778069192
 30
0.0
 11
-10.82438913164591
 21
-0.8995808447916239
 31
0.0
  0
LINE
  5
8E1
330
83
100
AcDbEntity
  8
Edges
100
AcDbLine
 10
-10.73891851206861
 20
-0.8887925222665433
 30
0.0
 11
-10.71613066335034
 21
-0.8715614914031014
 31
0.0
  0
LINE
  5
8E2
330
83
100
AcDbEntity
  8
Edges
100
AcDbLine
 10
-10.6853465901697
 20
-0.8213397010197422
 30
0.0
 11
-10.6970509281694
 21
-0.8484440320037375
 31
0.0
  0
LINE
  5
8E3
330
83
100
AcDbEntity
  8
Edges
100
AcDbLine
 10
-10.68133954380253
 20
-0.7845825420441424
 30
0.0
 11
-10.68522542454289
 21
-0.7560720873717064
 31
0.0
  0
LINE
  5
8E4
330
83
100
AcDbEntity
  8
Edges
100
AcDbLine
 10
-10.90942318118203
 20
-0.7921008553953959
 30
0.0
 11
-10.90942318118203
 21
-0.7845825420441428
 31
0.0
  0
LINE
  5
8E5
330
83
100
AcDbEntity
  8
Edges
100
AcDbLine
 10
-10.90553730044168
 20
-0.7560720873717064
 30
0.0
 11
-10.90942318118203
 21
-0.7845825420441428
 31
0.0
  0
LINE
  5
8E6
330
83
100
AcDbEntity
  8
Edges
100
AcDbLine
 10
-10.73836045314741
 20
-0.6891847014022603
 30
0.0
 11
-10.76586516787725
 21
-0.6781800766597215
 31
0.0
  0
LINE
  5
8E7
330
83
100
AcDbEntity
  8
Edges
100
AcDbLine
 10
-10.89414447457139
 20
-0.729504573069443
 30
0.0
 11
-10.90553730044168
 21
-0.7560720873717064
 31
0.0
  0
LINE
  5
8E8
330
83
100
AcDbEntity
  8
Edges
100
AcDbLine
 10
-10.85240227183716
 20
-0.6891847014022603
 30
0.0
 11
-10.87602110582665
 21
-0.7066905313321579
 31
0.0
  0
LINE
  5
8E9
330
83
100
AcDbEntity
  8
Edges
100
AcDbLine
 10
-10.71474161915792
 20
-0.7066905313321579
 30
0.0
 11
-10.73836045314741
 21
-0.6891847014022603
 31
0.0
  0
LINE
  5
8EA
330
83
100
AcDbEntity
  8
Edges
100
AcDbLine
 10
-10.82489755710732
 20
-0.6781800766597215
 30
0.0
 11
-10.85240227183716
 21
-0.6891847014022603
 31
0.0
  0
LINE
  5
8EB
330
83
100
AcDbEntity
  8
Edges
100
AcDbLine
 10
-10.87566782591806
 20
-0.8711581262182965
 30
0.0
 11
-10.89371179681517
 21
-0.8484440320037375
 31
0.0
  0
LINE
  5
8EC
330
83
100
AcDbEntity
  8
Edges
100
AcDbLine
 10
-10.89371179681517
 20
-0.8484440320037375
 30
0.0
 11
-10.90541613481487
 21
-0.8213397010197418
 31
0.0
  0
LINE
  5
8ED
330
83
100
AcDbEntity
  8
Edges
100
AcDbLine
 10
-10.76586516787725
 20
-0.6781800766597215
 30
0.0
 11
-10.79538136249229
 21
-0.6744266040947431
 31
0.0
  0
LINE
  5
8EE
330
83
100
AcDbEntity
  8
Edges
100
AcDbLine
 10
-10.79538136249229
 20
-0.6744266040947431
 30
0.0
 11
-10.82489755710732
 21
-0.6781800766597215
 31
0.0
  0
LINE
  5
8EF
330
83
100
AcDbEntity
  8
Edges
100
AcDbLine
 10
-10.90553730044169
 20
-0.8202729096817984
 30
0.0
 11
-10.90942318118203
 21
-0.7921008553953959
 31
0.0
  0
LINE
  5
8F0
330
83
100
AcDbEntity
  8
Edges
100
AcDbLine
 10
-10.85142006926932
 20
-0.888765778069192
 30
0.0
 11
-10.87566782591806
 21
-0.8711581262182965
 31
0.0
  0
LINE
  5
8F1
330
83
100
AcDbEntity
  8
Edges
100
AcDbLine
 10
-10.77451879662058
 20
-0.8012336980023672
 30
0.0
 11
-10.74054147357917
 21
-0.805554476867349
 31
0.0
  0
LINE
  5
8F2
330
83
100
AcDbEntity
  8
Edges
100
AcDbLine
 10
-10.77451879662058
 20
-0.8012336980023672
 30
0.0
 11
-10.77899199606031
 21
-0.834053271836229
 31
0.0
  0
LINE
  5
8F3
330
83
100
AcDbEntity
  8
Edges
100
AcDbLine
 10
-10.82256998767886
 20
-0.7951231939314951
 30
0.0
 11
-10.8270431871186
 21
-0.8279427677653568
 31
0.0
  0
LINE
  5
8F4
330
83
100
AcDbEntity
  8
Edges
100
AcDbLine
 10
-10.81624392836399
 20
-0.7487093075043432
 30
0.0
 11
-10.8502212514054
 21
-0.7443885286393615
 31
0.0
  0
LINE
  5
8F5
330
83
100
AcDbEntity
  8
Edges
100
AcDbLine
 10
-10.85654731072027
 20
-0.7908024150665134
 30
0.0
 11
-10.8502212514054
 21
-0.7443885286393615
 31
0.0
  0
LINE
  5
8F6
330
83
100
AcDbEntity
  8
Edges
100
AcDbLine
 10
-10.81177072892426
 20
-0.7158897336704815
 30
0.0
 11
-10.81624392836399
 21
-0.7487093075043432
 31
0.0
  0
LINE
  5
8F7
330
83
100
AcDbEntity
  8
Edges
100
AcDbLine
 10
-10.81177072892426
 20
-0.7158897336704815
 30
0.0
 11
-10.76371953786597
 21
-0.7220002377413542
 31
0.0
  0
LINE
  5
8F8
330
83
100
AcDbEntity
  8
Edges
100
AcDbLine
 10
-10.82256998767886
 20
-0.7951231939314951
 30
0.0
 11
-10.82256998767886
 21
-0.8088548912393598
 31
0.0
  0
LINE
  5
8F9
330
83
100
AcDbEntity
  8
Edges
100
AcDbLine
 10
-10.77826827121811
 20
-0.8424750469699947
 30
0.0
 11
-10.77885591901375
 21
-0.8467865806892422
 31
0.0
  0
LINE
  5
8FA
330
83
100
AcDbEntity
  8
Edges
100
AcDbLine
 10
-10.76834917075922
 20
-0.7559675536661299
 30
0.0
 11
-10.76834917075922
 21
-0.7696992509739946
 31
0.0
  0
LINE
  5
8FB
330
83
100
AcDbEntity
  8
Edges
100
AcDbLine
 10
-10.76834917075922
 20
-0.7696992509739946
 30
0.0
 11
-10.73606358293945
 21
-0.7727004840038179
 31
0.0
  0
LINE
  5
8FC
330
83
100
AcDbEntity
  8
Edges
100
AcDbLine
 10
-10.76834917075922
 20
-0.7559675536661299
 30
0.0
 11
-10.7342154142643
 21
-0.7591405904401971
 31
0.0
  0
LINE
  5
8FD
330
83
100
AcDbEntity
  8
Edges
100
AcDbLine
 10
-10.81624392836399
 20
-0.7487093075043432
 30
0.0
 11
-10.81624392836399
 21
-0.7624410048122075
 31
0.0
  0
LINE
  5
8FE
330
83
100
AcDbEntity
  8
Edges
100
AcDbLine
 10
-10.8502212514054
 20
-0.7581202259472258
 30
0.0
 11
-10.8502212514054
 21
-0.7443885286393615
 31
0.0
  0
LINE
  5
8FF
330
83
100
AcDbEntity
  8
Edges
100
AcDbLine
 10
-10.8502212514054
 20
-0.7581202259472258
 30
0.0
 11
-10.81624392836399
 21
-0.7624410048122075
 31
0.0
  0
LINE
  5
900
330
83
100
AcDbEntity
  8
Edges
100
AcDbLine
 10
-10.78284947283315
 20
-0.8472944271407719
 30
0.0
 11
-10.79538136249229
 21
-0.845700789998979
 31
0.0
  0
LINE
  5
901
330
83
100
AcDbEntity
  8
Edges
100
AcDbLine
 10
-10.82520348851642
 20
-0.8281767158850637
 30
0.0
 11
-10.82256998767886
 21
-0.8088548912393598
 31
0.0
  0
LINE
  5
902
330
83
100
AcDbEntity
  8
Edges
100
AcDbLine
 10
-10.85470761211809
 20
-0.7910363631862203
 30
0.0
 11
-10.8502212514054
 21
-0.7581202259472258
 31
0.0
  0
LINE
  5
903
330
83
100
AcDbEntity
  8
Edges
100
AcDbLine
 10
-10.81177072892426
 20
-0.7296214309783462
 30
0.0
 11
-10.81177072892426
 21
-0.7158897336704815
 31
0.0
  0
LINE
  5
904
330
83
100
AcDbEntity
  8
Edges
100
AcDbLine
 10
-10.81177072892426
 20
-0.7296214309783462
 30
0.0
 11
-10.76555923646815
 21
-0.7354979869295116
 31
0.0
  0
LINE
  5
905
330
83
100
AcDbEntity
  8
Edges
100
AcDbLine
 10
-10.81624392836399
 20
-0.7624410048122075
 30
0.0
 11
-10.81177072892426
 21
-0.7296214309783462
 31
0.0
  0
LINE
  5
906
330
83
100
AcDbEntity
  8
Edges
100
AcDbLine
 10
21.15942250356294
 20
-3.530829599792026
 30
0.0
 11
21.15558134998909
 21
-3.530829599792026
 31
0.0
  0
LINE
  5
907
330
83
100
AcDbEntity
  8
Edges
100
AcDbLine
 10
21.29735879327426
 20
-2.948180453767585
 30
0.0
 11
21.2436348189437
 21
-2.948180453767585
 31
0.0
  0
LINE
  5
908
330
83
100
AcDbEntity
  8
Edges
100
AcDbLine
 10
21.2436348189437
 20
-2.948180453767585
 30
0.0
 11
21.17782493739958
 21
-2.948180453767585
 31
0.0
  0
LINE
  5
909
330
83
100
AcDbEntity
  8
Edges
100
AcDbLine
 10
22.24949717804
 20
-2.014423236933359
 30
0.0
 11
22.2485563277058
 21
-2.133230384790318
 31
0.0
  0
LINE
  5
90A
330
83
100
AcDbEntity
  8
Edges
100
AcDbLine
 10
21.29583760120545
 20
-2.365240871562985
 30
0.0
 11
21.29735879327426
 21
-2.364698820962747
 31
0.0
  0
LINE
  5
90B
330
83
100
AcDbEntity
  8
Edges
100
AcDbLine
 10
21.29735879327426
 20
-2.364698820962747
 30
0.0
 11
21.30829845930269
 21
-2.360800659344176
 31
0.0
  0
LINE
  5
90C
330
83
100
AcDbEntity
  8
Edges
100
AcDbLine
 10
21.24272976508111
 20
-4.041789852607318
 30
0.0
 11
21.24363079518019
 21
-3.530829599792026
 31
0.0
  0
LINE
  5
90D
330
83
100
AcDbEntity
  8
Edges
100
AcDbLine
 10
21.24272976508111
 20
-2.011706941735039
 30
0.0
 11
21.24363845488148
 21
-2.421689264408864
 31
0.0
  0
LINE
  5
90E
330
83
100
AcDbEntity
  8
Edges
100
AcDbLine
 10
21.29501020383091
 20
-4.107220409831215
 30
0.0
 11
21.29735879327426
 21
-4.108057289238877
 31
0.0
  0
LINE
  5
90F
330
83
100
AcDbEntity
  8
Edges
100
AcDbLine
 10
21.29735879327426
 20
-4.108057289238877
 30
0.0
 11
21.30727692708806
 21
-4.111591445442617
 31
0.0
  0
LINE
  5
910
330
83
100
AcDbEntity
  8
Edges
100
AcDbLine
 10
21.29501020383091
 20
-4.527220409831214
 30
0.0
 11
21.29735879327426
 21
-4.528057289238877
 31
0.0
  0
LINE
  5
911
330
83
100
AcDbEntity
  8
Edges
100
AcDbLine
 10
21.29735879327426
 20
-4.528057289238877
 30
0.0
 11
21.30727692708806
 21
-4.531591445442611
 31
0.0
  0
LINE
  5
912
330
83
100
AcDbEntity
  8
Edges
100
AcDbLine
 10
22.23476333804831
 20
-1.974690885828414
 30
0.0
 11
22.23809287097989
 21
-1.979569416876501
 31
0.0
  0
LINE
  5
913
330
83
100
AcDbEntity
  8
Edges
100
AcDbLine
 10
22.23809287097989
 20
-1.979569416876501
 30
0.0
 11
22.24112583884771
 21
-1.984013411939816
 31
0.0
  0
LINE
  5
914
330
83
100
AcDbEntity
  8
Edges
100
AcDbLine
 10
-21.42441400362867
 20
-1.875118111937235
 30
0.0
 11
-22.81215175373573
 21
-1.887393947500319
 31
0.0
  0
LINE
  5
915
330
83
100
AcDbEntity
  8
Edges
100
AcDbLine
 10
-22.81215175373573
 20
-1.887393947500319
 30
0.0
 11
-24.99955920672575
 21
-1.906743607910077
 31
0.0
  0
LINE
  5
916
330
83
100
AcDbEntity
  8
Edges
100
AcDbLine
 10
-21.42441400362867
 20
-1.279044673827847
 30
0.0
 11
-23.37455920672574
 21
-1.185227031092719
 31
0.0
  0
LINE
  5
917
330
83
100
AcDbEntity
  8
Edges
100
AcDbLine
 10
-23.37455920672574
 20
-1.185227031092719
 30
0.0
 11
-24.99955920672575
 21
-1.107051483342497
 31
0.0
  0
LINE
  5
918
330
83
100
AcDbEntity
  8
Edges
100
AcDbLine
 10
25.0014418788991
 20
-0.8768033694118662
 30
0.0
 11
25.0014418788991
 21
-0.8800010551192446
 31
0.0
  0
LINE
  5
919
330
83
100
AcDbEntity
  8
Edges
100
AcDbLine
 10
24.97827683974993
 20
-0.8163096600215427
 30
0.0
 11
24.97443946763073
 21
-0.807407750286018
 31
0.0
  0
LINE
  5
91A
330
83
100
AcDbEntity
  8
Edges
100
AcDbLine
 10
24.98762859081612
 20
-0.8416678582395672
 30
0.0
 11
24.98762859081612
 21
-0.8428653999886005
 31
0.0
  0
LINE
  5
91B
330
83
100
AcDbEntity
  8
Edges
100
AcDbLine
 10
25.0014418788991
 20
-0.8768033694118662
 30
0.0
 11
24.99875165539288
 21
-0.8727686560154879
 31
0.0
  0
LINE
  5
91C
330
83
100
AcDbEntity
  8
Edges
100
AcDbLine
 10
24.99875165539288
 20
-0.8727686560154879
 30
0.0
 11
24.99875165539288
 21
-0.8665889327348281
 31
0.0
  0
LINE
  5
91D
330
83
100
AcDbEntity
  8
Edges
100
AcDbLine
 10
24.9594607287647
 20
-0.7652879135400923
 30
0.0
 11
24.57108440835734
 21
-0.2294496115955917
 31
0.0
  0
LINE
  5
91E
330
83
100
AcDbEntity
  8
Edges
100
AcDbLine
 10
-19.47313682795013
 20
-1.970175523359927
 30
0.0
 11
-19.44894964329607
 21
-1.970175523359927
 31
0.0
  0
LINE
  5
91F
330
83
100
AcDbEntity
  8
Edges
100
AcDbLine
 10
-19.44894964329607
 20
-1.970175523359927
 30
0.0
 11
-19.41501182795014
 21
-1.970175523359927
 31
0.0
  0
LINE
  5
920
330
83
100
AcDbEntity
  8
Edges
100
AcDbLine
 10
-19.70563682795014
 20
-1.272804064155081
 30
0.0
 11
-19.70264120672574
 21
-1.272804064155081
 31
0.0
  0
LINE
  5
921
330
83
100
AcDbEntity
  8
Edges
100
AcDbLine
 10
-19.70563682795014
 20
-1.853946946825786
 30
0.0
 11
-19.70264120672574
 21
-1.853946946825786
 31
0.0
  0
LINE
  5
922
330
83
100
AcDbEntity
  8
Edges
100
AcDbLine
 10
1.897439703226311
 20
-2.134663513216878
 30
0.0
 11
2.083928930341613
 21
-2.134663513216878
 31
0.0
  0
LINE
  5
923
330
83
100
AcDbEntity
  8
Edges
100
AcDbLine
 10
2.083928930341613
 20
-2.134663513216878
 30
0.0
 11
2.099754935026311
 21
-2.134663513216878
 31
0.0
  0
LINE
  5
924
330
83
100
AcDbEntity
  8
Edges
100
AcDbLine
 10
1.334829935026306
 20
-2.134663513216878
 30
0.0
 11
1.65464384681212
 21
-2.134663513216878
 31
0.0
  0
LINE
  5
925
330
83
100
AcDbEntity
  8
Edges
100
AcDbLine
 10
1.65464384681212
 20
-2.134663513216878
 30
0.0
 11
1.798089495826303
 21
-2.134663513216878
 31
0.0
  0
LINE
  5
926
330
83
100
AcDbEntity
  8
Edges
100
AcDbLine
 10
1.897439703226311
 20
-1.151188513216887
 30
0.0
 11
2.083928930706179
 21
-1.15118851321688
 31
0.0
  0
LINE
  5
927
330
83
100
AcDbEntity
  8
Edges
100
AcDbLine
 10
2.083928930706179
 20
-1.15118851321688
 30
0.0
 11
2.099754935026311
 21
-1.151188513216879
 31
0.0
  0
LINE
  5
928
330
83
100
AcDbEntity
  8
Edges
100
AcDbLine
 10
1.334829935026306
 20
-1.151188513216887
 30
0.0
 11
1.654643847176686
 21
-1.151188513216887
 31
0.0
  0
LINE
  5
929
330
83
100
AcDbEntity
  8
Edges
100
AcDbLine
 10
1.654643847176686
 20
-1.151188513216887
 30
0.0
 11
1.798089495826303
 21
-1.151188513216887
 31
0.0
  0
LINE
  5
92A
330
83
100
AcDbEntity
  8
Edges
100
AcDbLine
 10
1.801398495459167
 20
-2.745796716382734
 30
0.0
 11
1.803032045246538
 21
-2.752501605764365
 31
0.0
  0
LINE
  5
92B
330
83
100
AcDbEntity
  8
Edges
100
AcDbLine
 10
1.801658317160942
 20
-2.743921352482262
 30
0.0
 11
1.801398495459167
 21
-2.745796716382734
 31
0.0
  0
LINE
  5
92C
330
83
100
AcDbEntity
  8
Edges
100
AcDbLine
 10
2.025036664829912
 20
-0.5409650600897607
 30
0.0
 11
2.050699055362827
 21
-0.5362055887729156
 31
0.0
  0
LINE
  5
92D
330
83
100
AcDbEntity
  8
Edges
100
AcDbLine
 10
2.050699055362827
 20
-0.5362055887729156
 30
0.0
 11
2.052016913656927
 21
-0.5374310600084229
 31
0.0
  0
LINE
  5
92E
330
83
100
AcDbEntity
  8
Edges
100
AcDbLine
 10
1.866712216260566
 20
-2.73877643441294
 30
0.0
 11
1.869710487876517
 21
-2.747857571462006
 31
0.0
  0
LINE
  5
92F
330
83
100
AcDbEntity
  8
Edges
100
AcDbLine
 10
1.866712216260566
 20
-2.73877643441294
 30
0.0
 11
1.866326047101395
 21
-2.733966166870963
 31
0.0
  0
LINE
  5
930
330
83
100
AcDbEntity
  8
Edges
100
AcDbLine
 10
1.866326047101395
 20
-2.733966166870963
 30
0.0
 11
1.865599460726414
 21
-2.730983900087196
 31
0.0
  0
LINE
  5
931
330
83
100
AcDbEntity
  8
Edges
100
AcDbLine
 10
1.865273091134014
 20
-2.720850153349793
 30
0.0
 11
1.865599460726414
 21
-2.730983900087196
 31
0.0
  0
LINE
  5
932
330
83
100
AcDbEntity
  8
Edges
100
AcDbLine
 10
1.886540250259642
 20
-0.6269858564740716
 30
0.0
 11
1.891169039717624
 21
-0.6170394812063762
 31
0.0
  0
LINE
  5
933
330
83
100
AcDbEntity
  8
Edges
100
AcDbLine
 10
1.882822902571547
 20
-0.6360669935231372
 30
0.0
 11
1.886540250259642
 21
-0.6269858564740716
 31
0.0
  0
LINE
  5
934
330
83
100
AcDbEntity
  8
Edges
100
AcDbLine
 10
1.799536829188724
 20
-1.157903036276834
 30
0.0
 11
1.798089495826303
 21
-1.151188513216887
 31
0.0
  0
LINE
  5
935
330
83
100
AcDbEntity
  8
Edges
100
AcDbLine
 10
1.882822902571547
 20
-0.6360669935231372
 30
0.0
 11
1.882344118386882
 21
-0.6408772610651395
 31
0.0
  0
LINE
  5
936
330
83
100
AcDbEntity
  8
Edges
100
AcDbLine
 10
1.882344118386882
 20
-0.6408772610651395
 30
0.0
 11
1.881443274658494
 21
-0.6438595278488819
 31
0.0
  0
LINE
  5
937
330
83
100
AcDbEntity
  8
Edges
100
AcDbLine
 10
1.881038631782487
 20
-0.6539932745862913
 30
0.0
 11
1.881443274658494
 21
-0.6438595278488819
 31
0.0
  0
LINE
  5
938
330
83
100
AcDbEntity
  8
Edges
100
AcDbLine
 10
1.909078533940771
 20
-2.801345189226097
 30
0.0
 11
1.922058637734224
 21
-2.809979690740178
 31
0.0
  0
LINE
  5
939
330
83
100
AcDbEntity
  8
Edges
100
AcDbLine
 10
1.894900713738024
 20
-2.788146142846962
 30
0.0
 11
1.905377137031706
 21
-2.798035847805756
 31
0.0
  0
LINE
  5
93A
330
83
100
AcDbEntity
  8
Edges
100
AcDbLine
 10
1.833546382518818
 20
-2.827408660240834
 30
0.0
 11
1.844124161512112
 21
-2.837785793979726
 31
0.0
  0
LINE
  5
93B
330
83
100
AcDbEntity
  8
Edges
100
AcDbLine
 10
1.869710487876517
 20
-2.747857571462006
 30
0.0
 11
1.87344389384566
 21
-2.757803946729708
 31
0.0
  0
LINE
  5
93C
330
83
100
AcDbEntity
  8
Edges
100
AcDbLine
 10
1.807423273331039
 20
-2.767489045158786
 30
0.0
 11
1.808246120578175
 21
-2.777127967729541
 31
0.0
  0
LINE
  5
93D
330
83
100
AcDbEntity
  8
Edges
100
AcDbLine
 10
2.026078595191165
 20
-2.838637839163169
 30
0.0
 11
2.052016913656927
 21
-2.837412367927655
 31
0.0
  0
LINE
  5
93E
330
83
100
AcDbEntity
  8
Edges
100
AcDbLine
 10
1.799536829188724
 20
-2.126036418723082
 30
0.0
 11
1.798089495826303
 21
-2.134663513216878
 31
0.0
  0
LINE
  5
93F
330
83
100
AcDbEntity
  8
Edges
100
AcDbLine
 10
1.798089495826303
 20
-2.134663513216878
 30
0.0
 11
1.799536829188724
 21
-2.14537883488947
 31
0.0
  0
LINE
  5
940
330
83
100
AcDbEntity
  8
Edges
100
AcDbLine
 10
2.024556913845032
 20
-0.4550229198131604
 30
0.0
 11
2.044478486548939
 21
-0.4564923265632288
 31
0.0
  0
LINE
  5
941
330
83
100
AcDbEntity
  8
Edges
100
AcDbLine
 10
1.882822902571547
 20
-2.73877643441294
 30
0.0
 11
1.882344118386882
 21
-2.733966166870954
 31
0.0
  0
LINE
  5
942
330
83
100
AcDbEntity
  8
Edges
100
AcDbLine
 10
1.882344118386882
 20
-2.733966166870954
 30
0.0
 11
1.881443274658494
 21
-2.730983900087196
 31
0.0
  0
LINE
  5
943
330
83
100
AcDbEntity
  8
Edges
100
AcDbLine
 10
1.882822902571547
 20
-2.73877643441294
 30
0.0
 11
1.886540250259642
 21
-2.747857571462006
 31
0.0
  0
LINE
  5
944
330
83
100
AcDbEntity
  8
Edges
100
AcDbLine
 10
1.935349942564627
 20
-2.801345189226097
 30
0.0
 11
1.951443067207179
 21
-2.809979690740178
 31
0.0
  0
LINE
  5
945
330
83
100
AcDbEntity
  8
Edges
100
AcDbLine
 10
1.894938253271604
 20
-2.764148790487475
 30
0.0
 11
1.894448615148391
 21
-2.762183213816088
 31
0.0
  0
LINE
  5
946
330
83
100
AcDbEntity
  8
Edges
100
AcDbLine
 10
1.894938253271604
 20
-2.764148790487475
 30
0.0
 11
1.902960409366059
 21
-2.773549142440167
 31
0.0
  0
LINE
  5
947
330
83
100
AcDbEntity
  8
Edges
100
AcDbLine
 10
1.886540250259642
 20
-2.747857571462006
 30
0.0
 11
1.891169039717624
 21
-2.757803946729708
 31
0.0
  0
LINE
  5
948
330
83
100
AcDbEntity
  8
Edges
100
AcDbLine
 10
1.917771852950465
 20
-2.788146142846962
 30
0.0
 11
1.930760838905911
 21
-2.798035847805756
 31
0.0
  0
LINE
  5
949
330
83
100
AcDbEntity
  8
Edges
100
AcDbLine
 10
16.54301287580701
 20
-0.5409650600897607
 30
0.0
 11
16.51735048527409
 21
-0.5362055887729156
 31
0.0
  0
LINE
  5
94A
330
83
100
AcDbEntity
  8
Edges
100
AcDbLine
 10
16.51735048527409
 20
-0.5362055887729156
 30
0.0
 11
16.51603262697999
 21
-0.5374310600084229
 31
0.0
  0
LINE
  5
94B
330
83
100
AcDbEntity
  8
Edges
100
AcDbLine
 10
16.65027768768644
 20
-0.5866972850891159
 30
0.0
 11
16.63728870173101
 21
-0.5768075801303283
 31
0.0
  0
LINE
  5
94C
330
83
100
AcDbEntity
  8
Edges
100
AcDbLine
 10
16.70133732437635
 20
-2.73877643441294
 30
0.0
 11
16.69833905276039
 21
-2.747857571462006
 31
0.0
  0
LINE
  5
94D
330
83
100
AcDbEntity
  8
Edges
100
AcDbLine
 10
16.70133732437635
 20
-2.73877643441294
 30
0.0
 11
16.70172349353552
 21
-2.733966166870963
 31
0.0
  0
LINE
  5
94E
330
83
100
AcDbEntity
  8
Edges
100
AcDbLine
 10
16.70172349353552
 20
-2.733966166870963
 30
0.0
 11
16.7024500799105
 21
-2.730983900087196
 31
0.0
  0
LINE
  5
94F
330
83
100
AcDbEntity
  8
Edges
100
AcDbLine
 10
16.48763938909018
 20
-0.5362055887729156
 30
0.0
 11
16.30126882747925
 21
-0.5362055887729152
 31
0.0
  0
LINE
  5
950
330
83
100
AcDbEntity
  8
Edges
100
AcDbLine
 10
16.48952601557323
 20
-0.4550229198131604
 30
0.0
 11
16.30126882747925
 21
-0.4557223914657201
 31
0.0
  0
LINE
  5
951
330
83
100
AcDbEntity
  8
Edges
100
AcDbLine
 10
16.68150929037728
 20
-0.6269858564740716
 30
0.0
 11
16.67688050091931
 21
-0.6170394812063762
 31
0.0
  0
LINE
  5
952
330
83
100
AcDbEntity
  8
Edges
100
AcDbLine
 10
16.67311128736531
 20
-0.6106946374486029
 30
0.0
 11
16.67528099596809
 21
-0.6149036378525028
 31
0.0
  0
LINE
  5
953
330
83
100
AcDbEntity
  8
Edges
100
AcDbLine
 10
16.67528099596809
 20
-0.6149036378525028
 30
0.0
 11
16.67688050091931
 21
-0.6170394812063762
 31
0.0
  0
LINE
  5
954
330
83
100
AcDbEntity
  8
Edges
100
AcDbLine
 10
16.67311128736531
 20
-0.6106946374486029
 30
0.0
 11
16.66508913127086
 21
-0.6012942854959178
 31
0.0
  0
LINE
  5
955
330
83
100
AcDbEntity
  8
Edges
100
AcDbLine
 10
16.63269959807229
 20
-0.5734982387099877
 30
0.0
 11
16.61660647342974
 21
-0.5648637371959069
 31
0.0
  0
LINE
  5
956
330
83
100
AcDbEntity
  8
Edges
100
AcDbLine
 10
16.68701090885443
 20
-1.157903036276834
 30
0.0
 11
16.6883994621441
 21
-0.930024745126218
 31
0.0
  0
LINE
  5
957
330
83
100
AcDbEntity
  8
Edges
100
AcDbLine
 10
16.6883994621441
 20
-0.930024745126218
 30
0.0
 11
16.68701090885443
 21
-0.6539932745862913
 31
0.0
  0
LINE
  5
958
330
83
100
AcDbEntity
  8
Edges
100
AcDbLine
 10
16.76851271144818
 20
-1.157903036276834
 30
0.0
 11
16.76996004481061
 21
-1.151188513216887
 31
0.0
  0
LINE
  5
959
330
83
100
AcDbEntity
  8
Edges
100
AcDbLine
 10
16.68701090885443
 20
-0.6539932745862913
 30
0.0
 11
16.68660626597842
 21
-0.6438595278488819
 31
0.0
  0
LINE
  5
95A
330
83
100
AcDbEntity
  8
Edges
100
AcDbLine
 10
16.69156554213556
 20
-2.764148790487475
 30
0.0
 11
16.68509517537546
 21
-2.773549142440167
 31
0.0
  0
LINE
  5
95B
330
83
100
AcDbEntity
  8
Edges
100
AcDbLine
 10
16.69156554213556
 20
-2.764148790487475
 30
0.0
 11
16.69331554677984
 21
-2.759939790083594
 31
0.0
  0
LINE
  5
95C
330
83
100
AcDbEntity
  8
Edges
100
AcDbLine
 10
16.69331554677984
 20
-2.759939790083594
 30
0.0
 11
16.69460564679126
 21
-2.757803946729708
 31
0.0
  0
LINE
  5
95D
330
83
100
AcDbEntity
  8
Edges
100
AcDbLine
 10
16.69833905276039
 20
-2.747857571462006
 30
0.0
 11
16.69460564679126
 21
-2.757803946729708
 31
0.0
  0
LINE
  5
95E
330
83
100
AcDbEntity
  8
Edges
100
AcDbLine
 10
16.76062626730589
 20
-2.767489045158786
 30
0.0
 11
16.75980342005874
 21
-2.777127967729541
 31
0.0
  0
LINE
  5
95F
330
83
100
AcDbEntity
  8
Edges
100
AcDbLine
 10
16.76851271144818
 20
-2.126036418723082
 30
0.0
 11
16.76996004481061
 21
-2.134663513216878
 31
0.0
  0
LINE
  5
960
330
83
100
AcDbEntity
  8
Edges
100
AcDbLine
 10
16.76996004481061
 20
-2.134663513216878
 30
0.0
 11
16.76851271144818
 21
-2.14537883488947
 31
0.0
  0
LINE
  5
961
330
83
100
AcDbEntity
  8
Edges
100
AcDbLine
 10
16.54349262679189
 20
-0.4550229198131604
 30
0.0
 11
16.52357105408796
 21
-0.4564923265632288
 31
0.0
  0
LINE
  5
962
330
83
100
AcDbEntity
  8
Edges
100
AcDbLine
 10
16.68522663806539
 20
-2.73877643441294
 30
0.0
 11
16.68570542225004
 21
-2.733966166870954
 31
0.0
  0
LINE
  5
963
330
83
100
AcDbEntity
  8
Edges
100
AcDbLine
 10
16.68570542225004
 20
-2.733966166870954
 30
0.0
 11
16.68660626597842
 21
-2.730983900087196
 31
0.0
  0
LINE
  5
964
330
83
100
AcDbEntity
  8
Edges
100
AcDbLine
 10
16.68522663806539
 20
-2.73877643441294
 30
0.0
 11
16.68150929037728
 21
-2.747857571462006
 31
0.0
  0
LINE
  5
965
330
83
100
AcDbEntity
  8
Edges
100
AcDbLine
 10
16.63269959807229
 20
-2.801345189226097
 30
0.0
 11
16.61660647342974
 21
-2.809979690740178
 31
0.0
  0
LINE
  5
966
330
83
100
AcDbEntity
  8
Edges
100
AcDbLine
 10
16.67311128736531
 20
-2.764148790487475
 30
0.0
 11
16.66508913127086
 21
-2.773549142440167
 31
0.0
  0
LINE
  5
967
330
83
100
AcDbEntity
  8
Edges
100
AcDbLine
 10
16.48763938909019
 20
-2.838637839163169
 30
0.0
 11
15.5709443154852
 21
-2.838637839163167
 31
0.0
  0
LINE
  5
968
330
83
100
AcDbEntity
  8
Edges
100
AcDbLine
 10
22.08498817204986
 20
-1.156575487620948
 30
0.0
 11
21.29735879327426
 21
-1.156575487620948
 31
0.0
  0
LINE
  5
969
330
83
100
AcDbEntity
  8
Edges
100
AcDbLine
 10
21.29735879327426
 20
-1.156575487620948
 30
0.0
 11
21.27123817204986
 21
-1.156575487620948
 31
0.0
  0
LINE
  5
96A
330
83
100
AcDbEntity
  8
Edges
100
AcDbLine
 10
21.27123817204986
 20
-1.272804064155081
 30
0.0
 11
21.15558134998909
 21
-1.272804064155081
 31
0.0
  0
LINE
  5
96B
330
83
100
AcDbEntity
  8
Edges
100
AcDbLine
 10
21.27123817204986
 20
-1.853946946825786
 30
0.0
 11
21.15558134998909
 21
-1.853946946825786
 31
0.0
  0
LINE
  5
96C
330
83
100
AcDbEntity
  8
Edges
100
AcDbLine
 10
-20.61767765600103
 20
-0.3553544667373734
 30
0.0
 11
-20.61673680566683
 21
-0.7649822417419921
 31
0.0
  0
LINE
  5
96D
330
83
100
AcDbEntity
  8
Edges
100
AcDbLine
 10
-20.61767765600103
 20
-0.821485768911641
 30
0.0
 11
-20.61673680566683
 21
-0.7649822417419921
 31
0.0
  0
LINE
  5
96E
330
83
100
AcDbEntity
  8
Edges
100
AcDbLine
 10
-19.61181893284251
 20
-0.7626204942128778
 30
0.0
 11
-19.61091024304215
 21
-0.352638171539053
 31
0.0
  0
LINE
  5
96F
330
83
100
AcDbEntity
  8
Edges
100
AcDbLine
 10
-20.61393035287428
 20
-0.3347874883920432
 30
0.0
 11
-20.61260694188014
 21
-0.7519704404098917
 31
0.0
  0
LINE
  5
970
330
83
100
AcDbEntity
  8
Edges
100
AcDbLine
 10
-20.60294381600936
 20
-0.315622115632427
 30
0.0
 11
-20.60627334894093
 21
-0.3205006466805145
 31
0.0
  0
LINE
  5
971
330
83
100
AcDbEntity
  8
Edges
100
AcDbLine
 10
-20.60627334894093
 20
-0.3205006466805145
 30
0.0
 11
-20.60930631680875
 21
-0.3249446417438304
 31
0.0
  0
LINE
  5
972
330
83
100
AcDbEntity
  8
Edges
100
AcDbLine
 10
-23.36962235686014
 20
0.7826816137526578
 30
0.0
 11
-23.36372837213634
 21
0.7949131084931187
 31
0.0
  0
LINE
  5
973
330
83
100
AcDbEntity
  8
Edges
100
AcDbLine
 10
-23.36001800714769
 20
0.8048880568036999
 30
0.0
 11
-23.36001800714769
 21
0.8059879591594192
 31
0.0
  0
LINE
  5
974
330
83
100
AcDbEntity
  8
Edges
100
AcDbLine
 10
-23.36001800714769
 20
0.8059879591594192
 30
0.0
 11
-23.35111066648244
 21
0.8288345588304499
 31
0.0
  0
LINE
  5
975
330
83
100
AcDbEntity
  8
Edges
100
AcDbLine
 10
-23.34961991131486
 20
0.832842306258529
 30
0.0
 11
-23.34918668827271
 21
0.8353581518699492
 31
0.0
  0
LINE
  5
976
330
83
100
AcDbEntity
  8
Edges
100
AcDbLine
 10
-23.34918668827271
 20
0.8353581518699492
 30
0.0
 11
-23.34663773609228
 21
0.8408595885985226
 31
0.0
  0
LINE
  5
977
330
83
100
AcDbEntity
  8
Edges
100
AcDbLine
 10
-23.34261994559178
 20
0.8516610199099684
 30
0.0
 11
-23.34645731771097
 21
0.8427591101744432
 31
0.0
  0
LINE
  5
978
330
83
100
AcDbEntity
  8
Edges
100
AcDbLine
 10
-23.36001800714769
 20
0.8113872014378708
 30
0.0
 11
-23.35111066648244
 21
0.8288345588304499
 31
0.0
  0
LINE
  5
979
330
83
100
AcDbEntity
  8
Edges
100
AcDbLine
 10
21.15558134998909
 20
0.3862647060409046
 30
0.0
 11
21.1049563499891
 21
0.3862647060409046
 31
0.0
  0
LINE
  5
97A
330
83
100
AcDbEntity
  8
Edges
100
AcDbLine
 10
21.15558134998909
 20
-0.1948781766297998
 30
0.0
 11
21.1049563499891
 21
-0.1948781766297998
 31
0.0
  0
LINE
  5
97B
330
83
100
AcDbEntity
  8
Edges
100
AcDbLine
 10
-2.607078973420215
 20
-1.086727946186748
 30
0.0
 11
-2.608712523207572
 21
-1.093432835568378
 31
0.0
  0
LINE
  5
97C
330
83
100
AcDbEntity
  8
Edges
100
AcDbLine
 10
-2.607338795121989
 20
-1.084852582286275
 30
0.0
 11
-2.607078973420215
 21
-1.086727946186748
 31
0.0
  0
LINE
  5
97D
330
83
100
AcDbEntity
  8
Edges
100
AcDbLine
 10
-2.605217307149771
 20
-0.9432820744633767
 30
0.0
 11
-2.605217307149771
 21
-1.063538334530136
 31
0.0
  0
LINE
  5
97E
330
83
100
AcDbEntity
  8
Edges
100
AcDbLine
 10
-2.830717142790959
 20
1.118103710106225
 30
0.0
 11
-2.85637953332386
 21
1.12286318142307
 31
0.0
  0
LINE
  5
97F
330
83
100
AcDbEntity
  8
Edges
100
AcDbLine
 10
-2.85637953332386
 20
1.12286318142307
 30
0.0
 11
-2.857697391617961
 21
1.121637710187563
 31
0.0
  0
LINE
  5
980
330
83
100
AcDbEntity
  8
Edges
100
AcDbLine
 10
-2.672392694221599
 20
-1.079707664216954
 30
0.0
 11
-2.675390965837564
 21
-1.088788801266019
 31
0.0
  0
LINE
  5
981
330
83
100
AcDbEntity
  8
Edges
100
AcDbLine
 10
-2.670953569095061
 20
-0.9432820744444851
 30
0.0
 11
-2.670953569095061
 21
-1.061781383153807
 31
0.0
  0
LINE
  5
982
330
83
100
AcDbEntity
  8
Edges
100
AcDbLine
 10
-2.672392694221599
 20
-1.079707664216954
 30
0.0
 11
-2.672006525062442
 21
-1.074897396674977
 31
0.0
  0
LINE
  5
983
330
83
100
AcDbEntity
  8
Edges
100
AcDbLine
 10
-2.672006525062442
 20
-1.074897396674977
 30
0.0
 11
-2.671279938687462
 21
-1.071915129891209
 31
0.0
  0
LINE
  5
984
330
83
100
AcDbEntity
  8
Edges
100
AcDbLine
 10
-2.670953569095061
 20
-1.061781383153807
 30
0.0
 11
-2.671279938687462
 21
-1.071915129891209
 31
0.0
  0
LINE
  5
985
330
83
100
AcDbEntity
  8
Edges
100
AcDbLine
 10
-2.757123545168226
 20
1.094205033000079
 30
0.0
 11
-2.766105124045935
 21
1.099982864440264
 31
0.0
  0
LINE
  5
986
330
83
100
AcDbEntity
  8
Edges
100
AcDbLine
 10
-2.766105124045935
 20
1.099982864440264
 30
0.0
 11
-2.77999629568788
 21
1.104269013767456
 31
0.0
  0
LINE
  5
987
330
83
100
AcDbEntity
  8
Edges
100
AcDbLine
 10
-2.631499750216164
 20
1.090424351623795
 30
0.0
 11
-2.646813785463265
 21
1.110661945147922
 31
0.0
  0
LINE
  5
988
330
83
100
AcDbEntity
  8
Edges
100
AcDbLine
 10
-2.646813785463265
 20
1.110661945147922
 30
0.0
 11
-2.647383378352856
 21
1.111634002500743
 31
0.0
  0
LINE
  5
989
330
83
100
AcDbEntity
  8
Edges
100
AcDbLine
 10
-2.692220728220689
 20
1.032082913721914
 30
0.0
 11
-2.696849517678657
 21
1.04202928898961
 31
0.0
  0
LINE
  5
98A
330
83
100
AcDbEntity
  8
Edges
100
AcDbLine
 10
-2.68850338053258
 20
1.023001776672849
 30
0.0
 11
-2.692220728220689
 21
1.032082913721914
 31
0.0
  0
LINE
  5
98B
330
83
100
AcDbEntity
  8
Edges
100
AcDbLine
 10
-2.68850338053258
 20
1.023001776672849
 30
0.0
 11
-2.688024596347929
 21
1.018191509130847
 31
0.0
  0
LINE
  5
98C
330
83
100
AcDbEntity
  8
Edges
100
AcDbLine
 10
-2.688024596347929
 20
1.018191509130847
 30
0.0
 11
-2.687123752619541
 21
1.015209242347104
 31
0.0
  0
LINE
  5
98D
330
83
100
AcDbEntity
  8
Edges
100
AcDbLine
 10
-2.605217307149771
 20
0.3328901041387198
 30
0.0
 11
-2.60376997378735
 21
0.3404033498215293
 31
0.0
  0
LINE
  5
98E
330
83
100
AcDbEntity
  8
Edges
100
AcDbLine
 10
-2.60376997378735
 20
0.3404033498215293
 30
0.0
 11
-2.605217307149771
 21
0.3518399159657974
 31
0.0
  0
LINE
  5
98F
330
83
100
AcDbEntity
  8
Edges
100
AcDbLine
 10
-2.686719109743521
 20
1.005075495609695
 30
0.0
 11
-2.687123752619541
 21
1.015209242347104
 31
0.0
  0
LINE
  5
990
330
83
100
AcDbEntity
  8
Edges
100
AcDbLine
 10
-2.605217307149771
 20
-0.3712301260335735
 30
0.0
 11
-2.60376997378735
 21
-0.3746906022878988
 31
0.0
  0
LINE
  5
991
330
83
100
AcDbEntity
  8
Edges
100
AcDbLine
 10
-2.60376997378735
 20
-0.3746906022878988
 30
0.0
 11
-2.605217307149771
 21
-0.3895959916828246
 31
0.0
  0
LINE
  5
992
330
83
100
AcDbEntity
  8
Edges
100
AcDbLine
 10
-2.714759011901804
 20
-1.14227641903011
 30
0.0
 11
-2.727739115695271
 21
-1.150910920544191
 31
0.0
  0
LINE
  5
993
330
83
100
AcDbEntity
  8
Edges
100
AcDbLine
 10
-2.700581191699058
 20
-1.129077372650975
 30
0.0
 11
-2.711057614992739
 21
-1.13896707760977
 31
0.0
  0
LINE
  5
994
330
83
100
AcDbEntity
  8
Edges
100
AcDbLine
 10
-2.675390965837564
 20
-1.088788801266019
 30
0.0
 11
-2.679124371806707
 21
-1.098735176533722
 31
0.0
  0
LINE
  5
995
330
83
100
AcDbEntity
  8
Edges
100
AcDbLine
 10
-2.722896262086749
 20
-1.237143761848152
 30
0.0
 11
-2.72887106932599
 21
-1.237972940103678
 31
0.0
  0
LINE
  5
996
330
83
100
AcDbEntity
  8
Edges
100
AcDbLine
 10
-2.72887106932599
 20
-1.237972940103678
 30
0.0
 11
-2.748260566328767
 21
-1.247355954313249
 31
0.0
  0
LINE
  5
997
330
83
100
AcDbEntity
  8
Edges
100
AcDbLine
 10
-2.613103751292072
 20
-1.1084202749628
 30
0.0
 11
-2.613926598539222
 21
-1.118059197533554
 31
0.0
  0
LINE
  5
998
330
83
100
AcDbEntity
  8
Edges
100
AcDbLine
 10
-2.727739115695271
 20
-1.150910920544191
 30
0.0
 11
-2.728871069294612
 21
-1.153354376350981
 31
0.0
  0
LINE
  5
999
330
83
100
AcDbEntity
  8
Edges
100
AcDbLine
 10
-2.728871069294612
 20
-1.153354376350981
 30
0.0
 11
-2.746187408514799
 21
-1.160974901311568
 31
0.0
  0
LINE
  5
99A
330
83
100
AcDbEntity
  8
Edges
100
AcDbLine
 10
-2.605217307149771
 20
-0.4669676485270955
 30
0.0
 11
-2.60376997378735
 21
-0.475594743020892
 31
0.0
  0
LINE
  5
99B
330
83
100
AcDbEntity
  8
Edges
100
AcDbLine
 10
-2.60376997378735
 20
-0.475594743020892
 30
0.0
 11
-2.605217307149771
 21
-0.486310064693484
 31
0.0
  0
LINE
  5
99C
330
83
100
AcDbEntity
  8
Edges
100
AcDbLine
 10
-2.639226860479851
 20
1.111634002500743
 30
0.0
 11
-2.646813785463265
 21
1.119559654156909
 31
0.0
  0
LINE
  5
99D
330
83
100
AcDbEntity
  8
Edges
100
AcDbLine
 10
-2.830237391806079
 20
1.204045850382826
 30
0.0
 11
-2.850158964509986
 21
1.202576443632757
 31
0.0
  0
LINE
  5
99E
330
83
100
AcDbEntity
  8
Edges
100
AcDbLine
 10
-2.748260566328767
 20
1.190650066769144
 30
0.0
 11
-2.766105124045935
 21
1.194584597851987
 31
0.0
  0
LINE
  5
99F
330
83
100
AcDbEntity
  8
Edges
100
AcDbLine
 10
-2.766105124045935
 20
1.194584597851987
 30
0.0
 11
-2.775040534977819
 21
1.198071919866791
 31
0.0
  0
LINE
  5
9A0
330
83
100
AcDbEntity
  8
Edges
100
AcDbLine
 10
-2.68850338053258
 20
-1.079707664216954
 30
0.0
 11
-2.688024596347929
 21
-1.074897396674968
 31
0.0
  0
LINE
  5
9A1
330
83
100
AcDbEntity
  8
Edges
100
AcDbLine
 10
-2.688024596347929
 20
-1.074897396674968
 30
0.0
 11
-2.687123752619527
 21
-1.071915129891209
 31
0.0
  0
LINE
  5
9A2
330
83
100
AcDbEntity
  8
Edges
100
AcDbLine
 10
-2.686719109743521
 20
-0.9432820744399542
 30
0.0
 11
-2.686719109743521
 21
-1.061781383153807
 31
0.0
  0
LINE
  5
9A3
330
83
100
AcDbEntity
  8
Edges
100
AcDbLine
 10
-2.68850338053258
 20
-1.079707664216954
 30
0.0
 11
-2.692220728220689
 21
-1.088788801266019
 31
0.0
  0
LINE
  5
9A4
330
83
100
AcDbEntity
  8
Edges
100
AcDbLine
 10
-2.741030420525675
 20
-1.14227641903011
 30
0.0
 11
-2.757123545168212
 21
-1.150910920544191
 31
0.0
  0
LINE
  5
9A5
330
83
100
AcDbEntity
  8
Edges
100
AcDbLine
 10
-2.700618731232651
 20
-1.105080020291488
 30
0.0
 11
-2.698449022629858
 21
-1.100871019887582
 31
0.0
  0
LINE
  5
9A6
330
83
100
AcDbEntity
  8
Edges
100
AcDbLine
 10
-2.698449022629858
 20
-1.100871019887582
 30
0.0
 11
-2.696849517678657
 21
-1.098735176533722
 31
0.0
  0
LINE
  5
9A7
330
83
100
AcDbEntity
  8
Edges
100
AcDbLine
 10
-2.700618731232651
 20
-1.105080020291488
 30
0.0
 11
-2.708640887327106
 21
-1.11448037224418
 31
0.0
  0
LINE
  5
9A8
330
83
100
AcDbEntity
  8
Edges
100
AcDbLine
 10
-2.692220728220689
 20
-1.088788801266019
 30
0.0
 11
-2.696849517678657
 21
-1.098735176533722
 31
0.0
  0
LINE
  5
9A9
330
83
100
AcDbEntity
  8
Edges
100
AcDbLine
 10
-16.27184383721034
 20
1.190650066769144
 30
0.0
 11
-16.24602577714134
 21
1.196421234371439
 31
0.0
  0
LINE
  5
9AA
330
83
100
AcDbEntity
  8
Edges
100
AcDbLine
 10
-16.24602577714134
 20
1.196421234371439
 30
0.0
 11
-16.23864122340613
 21
1.198071919866791
 31
0.0
  0
LINE
  5
9AB
330
83
100
AcDbEntity
  8
Edges
100
AcDbLine
 10
-16.91390008357166
 20
-0.475594743020892
 30
0.0
 11
-16.82005709933284
 21
-0.475594743020892
 31
0.0
  0
LINE
  5
9AC
330
83
100
AcDbEntity
  8
Edges
100
AcDbLine
 10
-16.82005709933284
 20
-0.475594743020892
 30
0.0
 11
-16.45064052277165
 21
-0.475594743020892
 31
0.0
  0
LINE
  5
9AD
330
83
100
AcDbEntity
  8
Edges
100
AcDbLine
 10
-16.22369335376804
 20
1.118103710106225
 30
0.0
 11
-16.19803096323514
 21
1.12286318142307
 31
0.0
  0
LINE
  5
9AE
330
83
100
AcDbEntity
  8
Edges
100
AcDbLine
 10
-16.19803096323514
 20
1.12286318142307
 30
0.0
 11
-16.19671310494104
 21
1.121637710187563
 31
0.0
  0
LINE
  5
9AF
330
83
100
AcDbEntity
  8
Edges
100
AcDbLine
 10
-16.33095816564749
 20
1.07237148510687
 30
0.0
 11
-16.31796917969206
 21
1.082261190065658
 31
0.0
  0
LINE
  5
9B0
330
83
100
AcDbEntity
  8
Edges
100
AcDbLine
 10
-16.24974228723599
 20
1.112280934866618
 30
0.0
 11
-16.24602577714134
 21
1.113111694520696
 31
0.0
  0
LINE
  5
9B1
330
83
100
AcDbEntity
  8
Edges
100
AcDbLine
 10
-16.24602577714134
 20
1.113111694520696
 30
0.0
 11
-16.22369335376804
 21
1.118103710106225
 31
0.0
  0
LINE
  5
9B2
330
83
100
AcDbEntity
  8
Edges
100
AcDbLine
 10
-16.3820178023374
 20
-1.079707664216954
 30
0.0
 11
-16.37901953072143
 21
-1.088788801266019
 31
0.0
  0
LINE
  5
9B3
330
83
100
AcDbEntity
  8
Edges
100
AcDbLine
 10
-16.3820178023374
 20
-1.079707664216954
 30
0.0
 11
-16.38240397149656
 21
-1.074897396674977
 31
0.0
  0
LINE
  5
9B4
330
83
100
AcDbEntity
  8
Edges
100
AcDbLine
 10
-16.38240397149656
 20
-1.074897396674977
 30
0.0
 11
-16.38313055787154
 21
-1.071915129891209
 31
0.0
  0
LINE
  5
9B5
330
83
100
AcDbEntity
  8
Edges
100
AcDbLine
 10
-16.38345692746394
 20
-1.061781383153807
 30
0.0
 11
-16.38313055787154
 21
-1.071915129891209
 31
0.0
  0
LINE
  5
9B6
330
83
100
AcDbEntity
  8
Edges
100
AcDbLine
 10
-16.16831986705122
 20
1.12286318142307
 30
0.0
 11
-15.60980530470039
 21
1.122863181423071
 31
0.0
  0
LINE
  5
9B7
330
83
100
AcDbEntity
  8
Edges
100
AcDbLine
 10
-16.36218976833831
 20
1.032082913721914
 30
0.0
 11
-16.35756097888034
 21
1.04202928898961
 31
0.0
  0
LINE
  5
9B8
330
83
100
AcDbEntity
  8
Edges
100
AcDbLine
 10
-16.35379176532635
 20
1.048374132747383
 30
0.0
 11
-16.35596147392913
 21
1.044165132343483
 31
0.0
  0
LINE
  5
9B9
330
83
100
AcDbEntity
  8
Edges
100
AcDbLine
 10
-16.35596147392913
 20
1.044165132343483
 30
0.0
 11
-16.35756097888034
 21
1.04202928898961
 31
0.0
  0
LINE
  5
9BA
330
83
100
AcDbEntity
  8
Edges
100
AcDbLine
 10
-16.35379176532635
 20
1.048374132747383
 30
0.0
 11
-16.34576960923189
 21
1.057774484700068
 31
0.0
  0
LINE
  5
9BB
330
83
100
AcDbEntity
  8
Edges
100
AcDbLine
 10
-16.31338007603332
 20
1.085570531485998
 30
0.0
 11
-16.29728695139077
 21
1.094205033000079
 31
0.0
  0
LINE
  5
9BC
330
83
100
AcDbEntity
  8
Edges
100
AcDbLine
 10
-16.36769138681548
 20
0.3328901041387198
 30
0.0
 11
-16.36907994010513
 21
0.3406125208011672
 31
0.0
  0
LINE
  5
9BD
330
83
100
AcDbEntity
  8
Edges
100
AcDbLine
 10
-16.36907994010513
 20
0.3406125208011672
 30
0.0
 11
-16.36769138681548
 21
0.3518399159657974
 31
0.0
  0
LINE
  5
9BE
330
83
100
AcDbEntity
  8
Edges
100
AcDbLine
 10
-16.36769138681548
 20
0.5011657339191516
 30
0.0
 11
-16.36907994010513
 21
0.5982515224910095
 31
0.0
  0
LINE
  5
9BF
330
83
100
AcDbEntity
  8
Edges
100
AcDbLine
 10
-16.44919318940923
 20
0.5011657339191516
 30
0.0
 11
-16.45064052277165
 21
0.5078802569790995
 31
0.0
  0
LINE
  5
9C0
330
83
100
AcDbEntity
  8
Edges
100
AcDbLine
 10
-16.44919318940923
 20
0.3328901041387198
 30
0.0
 11
-16.45064052277165
 21
0.3406137601562578
 31
0.0
  0
LINE
  5
9C1
330
83
100
AcDbEntity
  8
Edges
100
AcDbLine
 10
-16.45064052277165
 20
0.3406137601562578
 30
0.0
 11
-16.44919318940923
 21
0.3518399159657974
 31
0.0
  0
LINE
  5
9C2
330
83
100
AcDbEntity
  8
Edges
100
AcDbLine
 10
-16.36769138681548
 20
1.005075495609695
 30
0.0
 11
-16.36728674393946
 21
1.015209242347104
 31
0.0
  0
LINE
  5
9C3
330
83
100
AcDbEntity
  8
Edges
100
AcDbLine
 10
-16.44919318940923
 20
-0.3712301260335735
 30
0.0
 11
-16.45064052277166
 21
-0.3746906022878988
 31
0.0
  0
LINE
  5
9C4
330
83
100
AcDbEntity
  8
Edges
100
AcDbLine
 10
-16.45064052277166
 20
-0.3746906022878988
 30
0.0
 11
-16.44919318940923
 21
-0.3895959916828246
 31
0.0
  0
LINE
  5
9C5
330
83
100
AcDbEntity
  8
Edges
100
AcDbLine
 10
-16.37224602009659
 20
-1.105080020291488
 30
0.0
 11
-16.3657756533365
 21
-1.11448037224418
 31
0.0
  0
LINE
  5
9C6
330
83
100
AcDbEntity
  8
Edges
100
AcDbLine
 10
-16.37224602009659
 20
-1.105080020291488
 30
0.0
 11
-16.37399602474087
 21
-1.100871019887607
 31
0.0
  0
LINE
  5
9C7
330
83
100
AcDbEntity
  8
Edges
100
AcDbLine
 10
-16.37399602474087
 20
-1.100871019887607
 30
0.0
 11
-16.37528612475229
 21
-1.098735176533722
 31
0.0
  0
LINE
  5
9C8
330
83
100
AcDbEntity
  8
Edges
100
AcDbLine
 10
-16.37901953072143
 20
-1.088788801266019
 30
0.0
 11
-16.37528612475229
 21
-1.098735176533722
 31
0.0
  0
LINE
  5
9C9
330
83
100
AcDbEntity
  8
Edges
100
AcDbLine
 10
-16.44130674526692
 20
-1.1084202749628
 30
0.0
 11
-16.44048389801978
 21
-1.118059197533554
 31
0.0
  0
LINE
  5
9CA
330
83
100
AcDbEntity
  8
Edges
100
AcDbLine
 10
-16.25163254121346
 20
-1.259282331176862
 30
0.0
 11
-16.24844414854033
 21
-1.259452948142092
 31
0.0
  0
LINE
  5
9CB
330
83
100
AcDbEntity
  8
Edges
100
AcDbLine
 10
-16.24844414854033
 20
-1.259452948142092
 30
0.0
 11
-16.22417310475293
 21
-1.260751737926938
 31
0.0
  0
LINE
  5
9CC
330
83
100
AcDbEntity
  8
Edges
100
AcDbLine
 10
-16.44919318940923
 20
-0.4669676485270955
 30
0.0
 11
-16.45064052277165
 21
-0.475594743020892
 31
0.0
  0
LINE
  5
9CD
330
83
100
AcDbEntity
  8
Edges
100
AcDbLine
 10
-16.45064052277165
 20
-0.475594743020892
 30
0.0
 11
-16.44919318940923
 21
-0.486310064693484
 31
0.0
  0
LINE
  5
9CE
330
83
100
AcDbEntity
  8
Edges
100
AcDbLine
 10
-16.22417310475292
 20
1.204045850382826
 30
0.0
 11
-16.20425153204901
 21
1.202576443632757
 31
0.0
  0
LINE
  5
9CF
330
83
100
AcDbEntity
  8
Edges
100
AcDbLine
 10
-16.25163254121346
 20
1.202576443632757
 30
0.0
 11
-16.24602577714134
 21
1.202165075741151
 31
0.0
  0
LINE
  5
9D0
330
83
100
AcDbEntity
  8
Edges
100
AcDbLine
 10
-16.24602577714134
 20
1.202165075741151
 30
0.0
 11
-16.22417310475292
 21
1.204045850382826
 31
0.0
  0
LINE
  5
9D1
330
83
100
AcDbEntity
  8
Edges
100
AcDbLine
 10
-16.36590711602642
 20
-1.079707664216954
 30
0.0
 11
-16.36638590021107
 21
-1.074897396674968
 31
0.0
  0
LINE
  5
9D2
330
83
100
AcDbEntity
  8
Edges
100
AcDbLine
 10
-16.36638590021107
 20
-1.074897396674968
 30
0.0
 11
-16.36728674393947
 21
-1.071915129891209
 31
0.0
  0
LINE
  5
9D3
330
83
100
AcDbEntity
  8
Edges
100
AcDbLine
 10
-16.36590711602642
 20
-1.079707664216954
 30
0.0
 11
-16.36218976833831
 21
-1.088788801266019
 31
0.0
  0
LINE
  5
9D4
330
83
100
AcDbEntity
  8
Edges
100
AcDbLine
 10
-16.37629153672802
 20
1.152386158791728
 30
0.0
 11
-16.36531711572402
 21
1.160243770831882
 31
0.0
  0
LINE
  5
9D5
330
83
100
AcDbEntity
  8
Edges
100
AcDbLine
 10
-16.36531711572402
 20
1.160243770831882
 30
0.0
 11
-16.35502888402931
 21
1.167610075915924
 31
0.0
  0
LINE
  5
9D6
330
83
100
AcDbEntity
  8
Edges
100
AcDbLine
 10
-16.31338007603332
 20
-1.14227641903011
 30
0.0
 11
-16.29728695139078
 21
-1.150910920544191
 31
0.0
  0
LINE
  5
9D7
330
83
100
AcDbEntity
  8
Edges
100
AcDbLine
 10
-16.22369335376805
 20
-1.17480959765033
 30
0.0
 11
-16.19838600509459
 21
-1.179569068967182
 31
0.0
  0
LINE
  5
9D8
330
83
100
AcDbEntity
  8
Edges
100
AcDbLine
 10
-16.19838600509459
 20
-1.179569068967182
 30
0.0
 11
-16.19671310494104
 21
-1.178343597731668
 31
0.0
  0
LINE
  5
9D9
330
83
100
AcDbEntity
  8
Edges
100
AcDbLine
 10
-16.35379176532635
 20
-1.105080020291488
 30
0.0
 11
-16.34576960923189
 21
-1.11448037224418
 31
0.0
  0
LINE
  5
9DA
330
83
100
AcDbEntity
  8
Edges
100
AcDbLine
 10
-16.249742287236
 20
-1.16898682241073
 30
0.0
 11
-16.24844414854033
 21
-1.170984780542178
 31
0.0
  0
LINE
  5
9DB
330
83
100
AcDbEntity
  8
Edges
100
AcDbLine
 10
-16.24844414854033
 20
-1.170984780542178
 30
0.0
 11
-16.22369335376805
 21
-1.17480959765033
 31
0.0
  0
LINE
  5
9DC
330
83
100
AcDbEntity
  8
Edges
100
AcDbLine
 10
-16.36769138681548
 20
-0.3712301260335735
 30
0.0
 11
-16.36907994010513
 21
-0.3746906022878988
 31
0.0
  0
LINE
  5
9DD
330
83
100
AcDbEntity
  8
Edges
100
AcDbLine
 10
-16.36907994010513
 20
-0.3746906022878988
 30
0.0
 11
-16.36769138681548
 21
-0.3895959916828246
 31
0.0
  0
LINE
  5
9DE
330
83
100
AcDbEntity
  8
Edges
100
AcDbLine
 10
-16.36769138681548
 20
-1.061781383153807
 30
0.0
 11
-16.36728674393947
 21
-1.071915129891209
 31
0.0
  0
LINE
  5
9DF
330
83
100
AcDbEntity
  8
Edges
100
AcDbLine
 10
-20.4531686500109
 20
-0.3111067531639406
 30
0.0
 11
-19.7032619880381
 21
-0.3111067531639406
 31
0.0
  0
LINE
  5
9E0
330
83
100
AcDbEntity
  8
Edges
100
AcDbLine
 10
-20.4531686500109
 20
0.5024932825750384
 30
0.0
 11
-19.70264120672574
 21
0.5024932825750384
 31
0.0
  0
LINE
  5
9E1
330
83
100
AcDbEntity
  8
Edges
100
AcDbLine
 10
-19.70264120672574
 20
0.5024932825750384
 30
0.0
 11
-19.63941865001089
 21
0.5024932825750384
 31
0.0
  0
LINE
  5
9E2
330
83
100
AcDbEntity
  8
Edges
100
AcDbLine
 10
-19.46689191887361
 20
0.3862647060409046
 30
0.0
 11
-19.40691865001091
 21
0.3862647060409046
 31
0.0
  0
LINE
  5
9E3
330
83
100
AcDbEntity
  8
Edges
100
AcDbLine
 10
-19.63941865001089
 20
-0.1948781766297998
 30
0.0
 11
-19.57764120672574
 21
-0.1948781766297998
 31
0.0
  0
LINE
  5
9E4
330
83
100
AcDbEntity
  8
Edges
100
AcDbLine
 10
-19.57764120672574
 20
-0.1948781766297998
 30
0.0
 11
-19.40691865001091
 21
-0.1948781766297998
 31
0.0
  0
LINE
  5
9E5
330
83
100
AcDbEntity
  8
Edges
100
AcDbLine
 10
20.52706562468721
 20
4.53269280897258
 30
0.0
 11
20.52557666724458
 21
4.541576186639293
 31
0.0
  0
LINE
  5
9E6
330
83
100
AcDbEntity
  8
Edges
100
AcDbLine
 10
-4.277128746093183
 20
0.6525201824307203
 30
0.0
 11
-4.277128746093183
 21
1.122863181423073
 31
0.0
  0
LINE
  5
9E7
330
83
100
AcDbEntity
  8
Edges
100
AcDbLine
 10
-4.277128746093183
 20
1.122863181423073
 30
0.0
 11
-4.277128746093183
 21
1.126980689255463
 31
0.0
  0
LINE
  5
9E8
330
83
100
AcDbEntity
  8
Edges
100
AcDbLine
 10
-4.277128746093183
 20
5.100983072866282
 30
0.0
 11
-4.277128746093183
 21
5.102323471902327
 31
0.0
  0
LINE
  5
9E9
330
83
100
AcDbEntity
  8
Edges
100
AcDbLine
 10
-4.277128746093183
 20
5.102323471902327
 30
0.0
 11
-4.277128746093183
 21
5.137557942936329
 31
0.0
  0
LINE
  5
9EA
330
83
100
AcDbEntity
  8
Edges
100
AcDbLine
 10
-3.521616935069573
 20
1.126980689255461
 30
0.0
 11
-3.521616935069573
 21
1.122863181423072
 31
0.0
  0
LINE
  5
9EB
330
83
100
AcDbEntity
  8
Edges
100
AcDbLine
 10
-3.521616935069573
 20
1.122863181423072
 30
0.0
 11
-3.521616935069573
 21
0.6525466698534954
 31
0.0
  0
LINE
  5
9EC
330
83
100
AcDbEntity
  8
Edges
100
AcDbLine
 10
-4.157837407510513
 20
1.126980689255463
 30
0.0
 11
-4.157837407510513
 21
1.122863181423073
 31
0.0
  0
LINE
  5
9ED
330
83
100
AcDbEntity
  8
Edges
100
AcDbLine
 10
-4.157837407510513
 20
1.122863181423073
 30
0.0
 11
-4.157837407510513
 21
0.6525243646553678
 31
0.0
  0
LINE
  5
9EE
330
83
100
AcDbEntity
  8
Edges
100
AcDbLine
 10
-13.22397853304684
 20
4.792147713123174
 30
0.0
 11
-13.22475131364754
 21
2.752394050801301
 31
0.0
  0
LINE
  5
9EF
330
83
100
AcDbEntity
  8
Edges
100
AcDbLine
 10
-13.22475131364754
 20
2.752394050801301
 30
0.0
 11
-13.22397853304684
 21
1.203346378730265
 31
0.0
  0
LINE
  5
9F0
330
83
100
AcDbEntity
  8
Edges
100
AcDbLine
 10
-13.22397853304684
 20
1.126980689255465
 30
0.0
 11
-13.22397853304684
 21
1.122863181423076
 31
0.0
  0
LINE
  5
9F1
330
83
100
AcDbEntity
  8
Edges
100
AcDbLine
 10
-13.22397853304684
 20
1.122863181423076
 30
0.0
 11
-13.22397853304684
 21
0.6522065156033259
 31
0.0
  0
LINE
  5
9F2
330
83
100
AcDbEntity
  8
Edges
100
AcDbLine
 10
-13.34326987162953
 20
0.652202333378678
 30
0.0
 11
-13.34326987162953
 21
1.122863181423076
 31
0.0
  0
LINE
  5
9F3
330
83
100
AcDbEntity
  8
Edges
100
AcDbLine
 10
-13.34326987162953
 20
1.122863181423076
 30
0.0
 11
-13.34326987162953
 21
1.126980689255466
 31
0.0
  0
LINE
  5
9F4
330
83
100
AcDbEntity
  8
Edges
100
AcDbLine
 10
-13.34326987162953
 20
1.203346378730266
 30
0.0
 11
-13.34326987162953
 21
2.762225713637869
 31
0.0
  0
LINE
  5
9F5
330
83
100
AcDbEntity
  8
Edges
100
AcDbLine
 10
-13.34326987162953
 20
2.762225713637869
 30
0.0
 11
-13.34326987162953
 21
4.792147713123175
 31
0.0
  0
LINE
  5
9F6
330
83
100
AcDbEntity
  8
Edges
100
AcDbLine
 10
-3.402325596486889
 20
0.6525508520781452
 30
0.0
 11
-3.402325596486889
 21
1.122863181423071
 31
0.0
  0
LINE
  5
9F7
330
83
100
AcDbEntity
  8
Edges
100
AcDbLine
 10
-3.402325596486889
 20
1.122863181423071
 30
0.0
 11
-3.402325596486889
 21
1.126980689255462
 31
0.0
  0
LINE
  5
9F8
330
83
100
AcDbEntity
  8
Edges
100
AcDbLine
 10
-16.36531711572402
 20
1.160243770831882
 30
0.0
 11
-16.36531711572402
 21
1.157709886021753
 31
0.0
  0
LINE
  5
9F9
330
83
100
AcDbEntity
  8
Edges
100
AcDbLine
 10
-14.73500215509409
 20
4.792147713123174
 30
0.0
 11
-14.73500215509409
 21
2.762225713637869
 31
0.0
  0
LINE
  5
9FA
330
83
100
AcDbEntity
  8
Edges
100
AcDbLine
 10
-14.73500215509409
 20
2.762225713637869
 30
0.0
 11
-14.73500215509409
 21
1.203346378730265
 31
0.0
  0
LINE
  5
9FB
330
83
100
AcDbEntity
  8
Edges
100
AcDbLine
 10
-14.73500215509409
 20
1.126980689255463
 30
0.0
 11
-14.73500215509409
 21
1.122863181423073
 31
0.0
  0
LINE
  5
9FC
330
83
100
AcDbEntity
  8
Edges
100
AcDbLine
 10
-14.73500215509409
 20
1.122863181423073
 30
0.0
 11
-14.73500215509409
 21
0.6521535407577739
 31
0.0
  0
LINE
  5
9FD
330
83
100
AcDbEntity
  8
Edges
100
AcDbLine
 10
-14.85429349367677
 20
0.6521493585331255
 30
0.0
 11
-14.85429349367677
 21
1.122863181423073
 31
0.0
  0
LINE
  5
9FE
330
83
100
AcDbEntity
  8
Edges
100
AcDbLine
 10
-14.85429349367677
 20
1.122863181423073
 30
0.0
 11
-14.85429349367677
 21
1.126980689255463
 31
0.0
  0
LINE
  5
9FF
330
83
100
AcDbEntity
  8
Edges
100
AcDbLine
 10
-14.85429349367677
 20
1.203346378730266
 30
0.0
 11
-14.8534614852213
 21
2.762225713637869
 31
0.0
  0
LINE
  5
A00
330
83
100
AcDbEntity
  8
Edges
100
AcDbLine
 10
-14.8534614852213
 20
2.762225713637869
 30
0.0
 11
-14.85429349367677
 21
4.792147713123175
 31
0.0
  0
LINE
  5
A01
330
83
100
AcDbEntity
  8
Edges
100
AcDbLine
 10
14.72995847482716
 20
4.792147713123174
 30
0.0
 11
14.72995847482716
 21
2.762225713637869
 31
0.0
  0
LINE
  5
A02
330
83
100
AcDbEntity
  8
Edges
100
AcDbLine
 10
14.72995847482716
 20
2.762225713637869
 30
0.0
 11
14.72995847482716
 21
0.6531865502460433
 31
0.0
  0
LINE
  5
A03
330
83
100
AcDbEntity
  8
Edges
100
AcDbLine
 10
14.6106671362445
 20
0.6531823680213962
 30
0.0
 11
14.6106671362445
 21
2.762225713637869
 31
0.0
  0
LINE
  5
A04
330
83
100
AcDbEntity
  8
Edges
100
AcDbLine
 10
14.6106671362445
 20
2.762225713637869
 30
0.0
 11
14.6106671362445
 21
4.792147713123175
 31
0.0
  0
LINE
  5
A05
330
83
100
AcDbEntity
  8
Edges
100
AcDbLine
 10
-5.032640557116806
 20
0.6524936950079439
 30
0.0
 11
-5.032640557116806
 21
1.122863181423074
 31
0.0
  0
LINE
  5
A06
330
83
100
AcDbEntity
  8
Edges
100
AcDbLine
 10
-5.032640557116806
 20
1.122863181423074
 30
0.0
 11
-5.032640557116806
 21
1.126980689255465
 31
0.0
  0
LINE
  5
A07
330
83
100
AcDbEntity
  8
Edges
100
AcDbLine
 10
-4.913349218534136
 20
1.126980689255463
 30
0.0
 11
-4.913349218534136
 21
1.122863181423074
 31
0.0
  0
LINE
  5
A08
330
83
100
AcDbEntity
  8
Edges
100
AcDbLine
 10
-4.913349218534136
 20
1.122863181423074
 30
0.0
 11
-4.913349218534136
 21
0.6524978772325918
 31
0.0
  0
LINE
  5
A09
330
83
100
AcDbEntity
  8
Edges
100
AcDbLine
 10
-19.14037702148957
 20
4.53269280897258
 30
0.0
 11
-19.13888927754119
 21
4.541576186639293
 31
0.0
  0
LINE
  5
A0A
330
83
100
AcDbEntity
  8
Edges
100
AcDbLine
 10
-19.14878168265315
 20
0.6257246846567668
 30
0.0
 11
-19.14878168265315
 21
0.6423872587898738
 31
0.0
  0
LINE
  5
A0B
330
83
100
AcDbEntity
  8
Edges
100
AcDbLine
 10
20.53547028585078
 20
0.3411075301294368
 30
0.0
 11
-2.140510412987339
 21
0.3403963103537366
 31
0.0
  0
LINE
  5
A0C
330
83
100
AcDbEntity
  8
Edges
100
AcDbLine
 10
-2.66634365909509
 20
0.3404043006609281
 30
0.0
 11
-2.670953569095061
 21
0.3404043707108864
 31
0.0
  0
LINE
  5
A0D
330
83
100
AcDbEntity
  8
Edges
100
AcDbLine
 10
-2.670953569095061
 20
0.3404043707108864
 30
0.0
 11
-2.674783447093133
 21
0.3404044289078567
 31
0.0
  0
LINE
  5
A0E
330
83
100
AcDbEntity
  8
Edges
100
AcDbLine
 10
-2.68125952419686
 20
0.3404045273151861
 30
0.0
 11
-2.686719109743521
 21
0.3404046102764022
 31
0.0
  0
LINE
  5
A0F
330
83
100
AcDbEntity
  8
Edges
100
AcDbLine
 10
-2.686719109743521
 20
0.3404046102764022
 30
0.0
 11
-2.703120181187344
 21
0.3404048594991362
 31
0.0
  0
LINE
  5
A10
330
83
100
AcDbEntity
  8
Edges
100
AcDbLine
 10
-16.91390008357165
 20
0.34062079962405
 30
0.0
 11
-19.14878168265315
 21
0.3406558805082507
 31
0.0
  0
LINE
  5
A11
330
83
100
AcDbEntity
  8
Edges
100
AcDbLine
 10
-19.14878168265315
 20
0.3406558805082507
 30
0.0
 11
-19.19095060778079
 21
0.340655400580367
 31
0.0
  0
LINE
  5
A12
330
83
100
AcDbEntity
  8
Edges
100
AcDbLine
 10
3.277989364143024
 20
5.100983072866282
 30
0.0
 11
3.277989364143024
 21
5.102323471902327
 31
0.0
  0
LINE
  5
A13
330
83
100
AcDbEntity
  8
Edges
100
AcDbLine
 10
3.277989364143024
 20
5.102323471902327
 30
0.0
 11
3.277989364143024
 21
5.13755794293633
 31
0.0
  0
LINE
  5
A14
330
83
100
AcDbEntity
  8
Edges
100
AcDbLine
 10
-6.543664179164053
 20
4.792147713123174
 30
0.0
 11
-6.543664179164053
 21
1.204045850382825
 31
0.0
  0
LINE
  5
A15
330
83
100
AcDbEntity
  8
Edges
100
AcDbLine
 10
-6.543664179164053
 20
1.204045850382825
 30
0.0
 11
-6.543664179164053
 21
1.201979089670947
 31
0.0
  0
LINE
  5
A16
330
83
100
AcDbEntity
  8
Edges
100
AcDbLine
 10
-6.543664179164053
 20
1.126980689255467
 30
0.0
 11
-6.543664179164053
 21
1.122863181423077
 31
0.0
  0
LINE
  5
A17
330
83
100
AcDbEntity
  8
Edges
100
AcDbLine
 10
-6.543664179164053
 20
1.122863181423077
 30
0.0
 11
-6.543664179164053
 21
0.6524407201623906
 31
0.0
  0
LINE
  5
A18
330
83
100
AcDbEntity
  8
Edges
100
AcDbLine
 10
-6.424372840581384
 20
0.6524449023870407
 30
0.0
 11
-6.424372840581384
 21
1.122863181423077
 31
0.0
  0
LINE
  5
A19
330
83
100
AcDbEntity
  8
Edges
100
AcDbLine
 10
-6.424372840581384
 20
1.122863181423077
 30
0.0
 11
-6.424372840581384
 21
1.126980689255467
 31
0.0
  0
LINE
  5
A1A
330
83
100
AcDbEntity
  8
Edges
100
AcDbLine
 10
-6.424372840581384
 20
1.201979089670949
 30
0.0
 11
-6.424372840581384
 21
1.204045850382826
 31
0.0
  0
LINE
  5
A1B
330
83
100
AcDbEntity
  8
Edges
100
AcDbLine
 10
-6.424372840581384
 20
1.204045850382826
 30
0.0
 11
-6.424372840581384
 21
4.792147713123175
 31
0.0
  0
LINE
  5
A1C
330
83
100
AcDbEntity
  8
Edges
100
AcDbLine
 10
-5.78815236814043
 20
1.126980689255465
 30
0.0
 11
-5.78815236814043
 21
1.122863181423076
 31
0.0
  0
LINE
  5
A1D
330
83
100
AcDbEntity
  8
Edges
100
AcDbLine
 10
-5.78815236814043
 20
1.122863181423076
 30
0.0
 11
-5.78815236814043
 21
0.6524672075851666
 31
0.0
  0
LINE
  5
A1E
330
83
100
AcDbEntity
  8
Edges
100
AcDbLine
 10
13.97444666380353
 20
4.792147713123174
 30
0.0
 11
13.97444666380353
 21
2.762225713637869
 31
0.0
  0
LINE
  5
A1F
330
83
100
AcDbEntity
  8
Edges
100
AcDbLine
 10
13.97444666380353
 20
2.762225713637869
 30
0.0
 11
13.97444666380353
 21
0.6531600628232673
 31
0.0
  0
LINE
  5
A20
330
83
100
AcDbEntity
  8
Edges
100
AcDbLine
 10
13.85515532522086
 20
0.6531558805986198
 30
0.0
 11
13.85598733367634
 21
2.762225713637869
 31
0.0
  0
LINE
  5
A21
330
83
100
AcDbEntity
  8
Edges
100
AcDbLine
 10
13.85598733367634
 20
2.762225713637869
 30
0.0
 11
13.85515532522086
 21
4.792147713123175
 31
0.0
  0
LINE
  5
A22
330
83
100
AcDbEntity
  8
Edges
100
AcDbLine
 10
15.48547028585079
 20
4.792147713123174
 30
0.0
 11
15.48469404795865
 21
2.762225713637869
 31
0.0
  0
LINE
  5
A23
330
83
100
AcDbEntity
  8
Edges
100
AcDbLine
 10
15.48469404795865
 20
2.762225713637869
 30
0.0
 11
15.48547028585078
 21
0.6532130376688201
 31
0.0
  0
LINE
  5
A24
330
83
100
AcDbEntity
  8
Edges
100
AcDbLine
 10
15.36617894726811
 20
0.6532088554441727
 30
0.0
 11
15.36617894726811
 21
2.762225713637869
 31
0.0
  0
LINE
  5
A25
330
83
100
AcDbEntity
  8
Edges
100
AcDbLine
 10
15.36617894726811
 20
2.762225713637869
 30
0.0
 11
15.36617894726809
 21
4.792147713123175
 31
0.0
  0
LINE
  5
A26
330
83
100
AcDbEntity
  8
Edges
100
AcDbLine
 10
16.87720256931536
 20
4.792147713123174
 30
0.0
 11
16.87805193437994
 21
2.712673677522472
 31
0.0
  0
LINE
  5
A27
330
83
100
AcDbEntity
  8
Edges
100
AcDbLine
 10
16.87805193437994
 20
2.712673677522472
 30
0.0
 11
16.87720256931536
 21
0.6532618302897229
 31
0.0
  0
LINE
  5
A28
330
83
100
AcDbEntity
  8
Edges
100
AcDbLine
 10
16.12169075829173
 20
4.792147713123174
 30
0.0
 11
16.12169075829173
 21
2.762225713637869
 31
0.0
  0
LINE
  5
A29
330
83
100
AcDbEntity
  8
Edges
100
AcDbLine
 10
16.12169075829173
 20
2.762225713637869
 30
0.0
 11
16.12169075829173
 21
0.6532353428669469
 31
0.0
  0
LINE
  5
A2A
330
83
100
AcDbEntity
  8
Edges
100
AcDbLine
 10
16.24098209687442
 20
0.6532395250915975
 30
0.0
 11
16.24098209687442
 21
2.762225713641959
 31
0.0
  0
LINE
  5
A2B
330
83
100
AcDbEntity
  8
Edges
100
AcDbLine
 10
16.24098209687442
 20
2.762225713641959
 30
0.0
 11
16.24098209687442
 21
4.792147713123175
 31
0.0
  0
LINE
  5
A2C
330
83
100
AcDbEntity
  8
Edges
100
AcDbLine
 10
-16.24602577714134
 20
1.194593475321986
 30
0.0
 11
-16.24602577714134
 21
1.196421234371439
 31
0.0
  0
LINE
  5
A2D
330
83
100
AcDbEntity
  8
Edges
100
AcDbLine
 10
-16.24602577714134
 20
1.196421234371439
 30
0.0
 11
-16.24602577714134
 21
1.198733152762636
 31
0.0
  0
LINE
  5
A2E
330
83
100
AcDbEntity
  8
Edges
100
AcDbLine
 10
-16.24602577714134
 20
1.202165075741151
 30
0.0
 11
-16.24680201503347
 21
2.762225713637869
 31
0.0
  0
LINE
  5
A2F
330
83
100
AcDbEntity
  8
Edges
100
AcDbLine
 10
-16.24680201503347
 20
2.762225713637869
 30
0.0
 11
-16.24602577714134
 21
4.792147713123175
 31
0.0
  0
LINE
  5
A30
330
83
100
AcDbEntity
  8
Edges
100
AcDbLine
 10
-2.646813785463265
 20
4.792147713123174
 30
0.0
 11
-2.646813785463265
 21
1.12090431194186
 31
0.0
  0
LINE
  5
A31
330
83
100
AcDbEntity
  8
Edges
100
AcDbLine
 10
-2.646813785463265
 20
1.12090431194186
 30
0.0
 11
-2.646813785463265
 21
1.119559654156909
 31
0.0
  0
LINE
  5
A32
330
83
100
AcDbEntity
  8
Edges
100
AcDbLine
 10
-14.09878168265315
 20
0.652175845955902
 30
0.0
 11
-14.09878168265315
 21
1.122863181423074
 31
0.0
  0
LINE
  5
A33
330
83
100
AcDbEntity
  8
Edges
100
AcDbLine
 10
-14.09878168265315
 20
1.122863181423074
 30
0.0
 11
-14.09878168265315
 21
1.126980689255465
 31
0.0
  0
LINE
  5
A34
330
83
100
AcDbEntity
  8
Edges
100
AcDbLine
 10
-14.09878168265315
 20
1.203346378730266
 30
0.0
 11
-14.09878168265315
 21
2.762225713637869
 31
0.0
  0
LINE
  5
A35
330
83
100
AcDbEntity
  8
Edges
100
AcDbLine
 10
-14.09878168265315
 20
2.762225713637869
 30
0.0
 11
-14.09878168265315
 21
4.792147713123175
 31
0.0
  0
LINE
  5
A36
330
83
100
AcDbEntity
  8
Edges
100
AcDbLine
 10
-13.97949034407047
 20
4.792147713123174
 30
0.0
 11
-13.97949034407047
 21
2.762225713637869
 31
0.0
  0
LINE
  5
A37
330
83
100
AcDbEntity
  8
Edges
100
AcDbLine
 10
-13.97949034407047
 20
2.762225713637869
 30
0.0
 11
-13.97949034407047
 21
1.203346378730265
 31
0.0
  0
LINE
  5
A38
330
83
100
AcDbEntity
  8
Edges
100
AcDbLine
 10
-13.97949034407047
 20
1.126980689255464
 30
0.0
 11
-13.97949034407047
 21
1.122863181423075
 31
0.0
  0
LINE
  5
A39
330
83
100
AcDbEntity
  8
Edges
100
AcDbLine
 10
-13.97949034407047
 20
1.122863181423075
 30
0.0
 11
-13.97949034407047
 21
0.6521800281805499
 31
0.0
  0
LINE
  5
A3A
330
83
100
AcDbEntity
  8
Edges
100
AcDbLine
 10
20.53547028585078
 20
0.6257246846567668
 30
0.0
 11
20.53547028585078
 21
0.644290621751515
 31
0.0
  0
LINE
  5
A3B
330
83
100
AcDbEntity
  8
Edges
100
AcDbLine
 10
20.53958524484669
 20
0.6019407991843018
 30
0.0
 11
20.53662563242487
 21
0.6190469436084194
 31
0.0
  0
LINE
  5
A3C
330
83
100
AcDbEntity
  8
Edges
100
AcDbLine
 10
20.53662563242487
 20
0.6190469436084194
 30
0.0
 11
20.53547028585078
 21
0.6257246846567668
 31
0.0
  0
LINE
  5
A3D
330
83
100
AcDbEntity
  8
Edges
100
AcDbLine
 10
-19.15266729123613
 20
0.6423888902743507
 30
0.0
 11
-19.14878168265315
 21
0.6423872587898738
 31
0.0
  0
LINE
  5
A3E
330
83
100
AcDbEntity
  8
Edges
100
AcDbLine
 10
-16.36907994010513
 20
0.6425222710779926
 30
0.0
 11
-16.36769138681548
 21
0.6412195380712867
 31
0.0
  0
LINE
  5
A3F
330
83
100
AcDbEntity
  8
Edges
100
AcDbLine
 10
-2.674783447093119
 20
0.6431784589539742
 30
0.0
 11
-2.670953569095061
 21
0.643178642469755
 31
0.0
  0
LINE
  5
A40
330
83
100
AcDbEntity
  8
Edges
100
AcDbLine
 10
-2.670953569095061
 20
0.643178642469755
 30
0.0
 11
-2.66634365909509
 21
0.6431788633622304
 31
0.0
  0
LINE
  5
A41
330
83
100
AcDbEntity
  8
Edges
100
AcDbLine
 10
-2.610676892696432
 20
0.6431815307396472
 30
0.0
 11
-2.605217307149771
 21
0.6431817923459185
 31
0.0
  0
LINE
  5
A42
330
83
100
AcDbEntity
  8
Edges
100
AcDbLine
 10
-2.605217307149771
 20
0.6530494319169664
 30
0.0
 11
-2.610676892696446
 21
0.6530493514498135
 31
0.0
  0
LINE
  5
A43
330
83
100
AcDbEntity
  8
Edges
100
AcDbLine
 10
-2.66634365909509
 20
0.6530485309944574
 30
0.0
 11
-2.670953569095061
 21
0.653048463050411
 31
0.0
  0
LINE
  5
A44
330
83
100
AcDbEntity
  8
Edges
100
AcDbLine
 10
-2.670953569095061
 20
0.653048463050411
 30
0.0
 11
-2.674783447093133
 21
0.6530484066030167
 31
0.0
  0
LINE
  5
A45
330
83
100
AcDbEntity
  8
Edges
100
AcDbLine
 10
-16.36769138681548
 20
0.6528465910424957
 30
0.0
 11
-16.36907994010515
 21
0.6528465705770357
 31
0.0
  0
LINE
  5
A46
330
83
100
AcDbEntity
  8
Edges
100
AcDbLine
 10
-19.15418779952922
 20
0.5979731316724149
 30
0.0
 11
-16.44919318940923
 21
0.5982435146169234
 31
0.0
  0
LINE
  5
A47
330
83
100
AcDbEntity
  8
Edges
100
AcDbLine
 10
-16.44919318940923
 20
0.5982435146169234
 30
0.0
 11
-16.44373360386255
 21
0.598244060340309
 31
0.0
  0
LINE
  5
A48
330
83
100
AcDbEntity
  8
Edges
100
AcDbLine
 10
-2.674783447093119
 20
0.5996203622642589
 30
0.0
 11
-2.670953569095061
 21
0.5996207450870883
 31
0.0
  0
LINE
  5
A49
330
83
100
AcDbEntity
  8
Edges
100
AcDbLine
 10
-2.670953569095061
 20
0.5996207450870883
 30
0.0
 11
-2.666343659095076
 21
0.5996212058795183
 31
0.0
  0
LINE
  5
A4A
330
83
100
AcDbEntity
  8
Edges
100
AcDbLine
 10
-2.610676892696432
 20
0.5996267701583356
 30
0.0
 11
-2.605217307149771
 21
0.5996273158817207
 31
0.0
  0
LINE
  5
A4B
330
83
100
AcDbEntity
  8
Edges
100
AcDbLine
 10
-2.605217307149771
 20
0.5996273158817207
 30
0.0
 11
20.53958524484669
 21
0.6019407991843018
 31
0.0
  0
LINE
  5
A4C
330
83
100
AcDbEntity
  8
Edges
100
AcDbLine
 10
20.53547028585078
 20
0.6257246846567668
 30
0.0
 11
-2.605217307149771
 21
0.6354409676502187
 31
0.0
  0
LINE
  5
A4D
330
83
100
AcDbEntity
  8
Edges
100
AcDbLine
 10
-2.605217307149771
 20
0.6354409676502187
 30
0.0
 11
-2.610676892696432
 21
0.6354432600141769
 31
0.0
  0
LINE
  5
A4E
330
83
100
AcDbEntity
  8
Edges
100
AcDbLine
 10
-2.666343659095076
 20
0.6354666333064994
 30
0.0
 11
-2.670953569095061
 21
0.6354685689097504
 31
0.0
  0
LINE
  5
A4F
330
83
100
AcDbEntity
  8
Edges
100
AcDbLine
 10
-2.670953569095061
 20
0.6354685689097504
 30
0.0
 11
-2.674783447093119
 21
0.6354701769941391
 31
0.0
  0
LINE
  5
A50
330
83
100
AcDbEntity
  8
Edges
100
AcDbLine
 10
-16.36769138681548
 20
0.6412195380712867
 30
0.0
 11
-16.36907994010513
 21
0.6412201210953068
 31
0.0
  0
LINE
  5
A51
330
83
100
AcDbEntity
  8
Edges
100
AcDbLine
 10
20.27008758821223
 20
4.765737030101046
 30
0.0
 11
20.2476282366651
 21
4.772935747300291
 31
0.0
  0
LINE
  5
A52
330
83
100
AcDbEntity
  8
Edges
100
AcDbLine
 10
-19.14878168265315
 20
0.6257246846567668
 30
0.0
 11
-16.44919318940923
 21
0.6257246846567668
 31
0.0
  0
LINE
  5
A53
330
83
100
AcDbEntity
  8
Edges
100
AcDbLine
 10
-16.44919318940923
 20
0.6257246846567668
 30
0.0
 11
-16.44373360386255
 21
0.6257246846567668
 31
0.0
  0
LINE
  5
A54
330
83
100
AcDbEntity
  8
Edges
100
AcDbLine
 10
-2.674783447093133
 20
0.6257246846567668
 30
0.0
 11
-2.670953569095061
 21
0.6257246846567668
 31
0.0
  0
LINE
  5
A55
330
83
100
AcDbEntity
  8
Edges
100
AcDbLine
 10
-2.670953569095061
 20
0.6257246846567668
 30
0.0
 11
-2.66634365909509
 21
0.6257246846567668
 31
0.0
  0
LINE
  5
A56
330
83
100
AcDbEntity
  8
Edges
100
AcDbLine
 10
-2.610676892696446
 20
0.6257246846567668
 30
0.0
 11
-2.605217307149771
 21
0.6257246846567668
 31
0.0
  0
LINE
  5
A57
330
83
100
AcDbEntity
  8
Edges
100
AcDbLine
 10
-2.605217307149771
 20
0.6257246846567668
 30
0.0
 11
20.53547028585078
 21
0.6257246846567668
 31
0.0
  0
LINE
  5
A58
330
83
100
AcDbEntity
  8
Edges
100
AcDbLine
 10
-18.86094084696171
 20
4.772935747300291
 30
0.0
 11
-18.88340019850884
 21
4.765737030101046
 31
0.0
  0
LINE
  5
A59
330
83
100
AcDbEntity
  8
Edges
100
AcDbLine
 10
-12.46846672202323
 20
0.6522330030261028
 30
0.0
 11
-12.46846672202323
 21
1.122863181423077
 31
0.0
  0
LINE
  5
A5A
330
83
100
AcDbEntity
  8
Edges
100
AcDbLine
 10
-12.46846672202323
 20
1.122863181423077
 30
0.0
 11
-12.46846672202323
 21
1.126980689255468
 31
0.0
  0
LINE
  5
A5B
330
83
100
AcDbEntity
  8
Edges
100
AcDbLine
 10
-12.46846672202323
 20
1.201979089670949
 30
0.0
 11
-12.46846672202323
 21
1.204045850382826
 31
0.0
  0
LINE
  5
A5C
330
83
100
AcDbEntity
  8
Edges
100
AcDbLine
 10
-12.46846672202323
 20
1.204045850382826
 30
0.0
 11
-12.46846672202323
 21
4.792147713123175
 31
0.0
  0
LINE
  5
A5D
330
83
100
AcDbEntity
  8
Edges
100
AcDbLine
 10
-12.5877580606059
 20
0.6522288208014544
 30
0.0
 11
-12.5877580606059
 21
1.122863181423077
 31
0.0
  0
LINE
  5
A5E
330
83
100
AcDbEntity
  8
Edges
100
AcDbLine
 10
-12.5877580606059
 20
1.122863181423077
 30
0.0
 11
-12.5877580606059
 21
1.126980689255468
 31
0.0
  0
LINE
  5
A5F
330
83
100
AcDbEntity
  8
Edges
100
AcDbLine
 10
-12.5877580606059
 20
1.201979089670949
 30
0.0
 11
-12.5877580606059
 21
1.204045850382826
 31
0.0
  0
LINE
  5
A60
330
83
100
AcDbEntity
  8
Edges
100
AcDbLine
 10
-12.5877580606059
 20
1.204045850382826
 30
0.0
 11
-12.5877580606059
 21
4.792147713123175
 31
0.0
  0
LINE
  5
A61
330
83
100
AcDbEntity
  8
Edges
100
AcDbLine
 10
-15.49051396611772
 20
4.792147713123174
 30
0.0
 11
-15.49051396611772
 21
2.762225713637869
 31
0.0
  0
LINE
  5
A62
330
83
100
AcDbEntity
  8
Edges
100
AcDbLine
 10
-15.49051396611772
 20
2.762225713637869
 30
0.0
 11
-15.49051396611772
 21
1.203346378730265
 31
0.0
  0
LINE
  5
A63
330
83
100
AcDbEntity
  8
Edges
100
AcDbLine
 10
-15.49051396611772
 20
1.126980689255461
 30
0.0
 11
-15.49051396611772
 21
1.122863181423072
 31
0.0
  0
LINE
  5
A64
330
83
100
AcDbEntity
  8
Edges
100
AcDbLine
 10
-15.49051396611772
 20
1.122863181423072
 30
0.0
 11
-15.49051396611772
 21
0.652127053334997
 31
0.0
  0
LINE
  5
A65
330
83
100
AcDbEntity
  8
Edges
100
AcDbLine
 10
-15.60980530470039
 20
0.6521228711103495
 30
0.0
 11
-15.60980530470039
 21
1.122863181423071
 31
0.0
  0
LINE
  5
A66
330
83
100
AcDbEntity
  8
Edges
100
AcDbLine
 10
-15.60980530470039
 20
1.122863181423071
 30
0.0
 11
-15.60980530470039
 21
1.126980689255462
 31
0.0
  0
LINE
  5
A67
330
83
100
AcDbEntity
  8
Edges
100
AcDbLine
 10
-15.60980530470039
 20
1.203346378730266
 30
0.0
 11
-15.60897329624492
 21
2.762225713637869
 31
0.0
  0
LINE
  5
A68
330
83
100
AcDbEntity
  8
Edges
100
AcDbLine
 10
-15.60897329624492
 20
2.762225713637869
 30
0.0
 11
-15.6098053047004
 21
4.792147713123175
 31
0.0
  0
LINE
  5
A69
330
83
100
AcDbEntity
  8
Edges
100
AcDbLine
 10
-5.66886102955776
 20
1.126980689255465
 30
0.0
 11
-5.66886102955776
 21
1.122863181423076
 31
0.0
  0
LINE
  5
A6A
330
83
100
AcDbEntity
  8
Edges
100
AcDbLine
 10
-5.66886102955776
 20
1.122863181423076
 30
0.0
 11
-5.66886102955776
 21
0.6524713898098158
 31
0.0
  0
LINE
  5
A6B
330
83
100
AcDbEntity
  8
Edges
100
AcDbLine
 10
-17.95264120672574
 20
-7.550247431779681
 30
0.0
 11
-17.95264120672574
 21
-7.992067903953675
 31
0.0
  0
LINE
  5
A6C
330
83
100
AcDbEntity
  8
Edges
100
AcDbLine
 10
-20.20264120672575
 20
-15.55927304143761
 30
0.0
 11
-20.174999970413
 21
-15.55927304143761
 31
0.0
  0
LINE
  5
A6D
330
83
100
AcDbEntity
  8
Edges
100
AcDbLine
 10
-16.53197591521251
 20
2.762225713637869
 30
0.0
 11
-16.36531711572402
 21
2.762225713637869
 31
0.0
  0
LINE
  5
A6E
330
83
100
AcDbEntity
  8
Edges
100
AcDbLine
 10
-16.36531711572402
 20
2.762225713637869
 30
0.0
 11
-16.3593417594807
 21
2.762225713637869
 31
0.0
  0
LINE
  5
A6F
330
83
100
AcDbEntity
  8
Edges
100
AcDbLine
 10
-15.49647323640599
 20
2.762225713637869
 30
0.0
 11
-15.49051396611772
 21
2.762225713637869
 31
0.0
  0
LINE
  5
A70
330
83
100
AcDbEntity
  8
Edges
100
AcDbLine
 10
-15.49051396611772
 20
2.762225713637869
 30
0.0
 11
-14.8534614852213
 21
2.762225713637869
 31
0.0
  0
LINE
  5
A71
330
83
100
AcDbEntity
  8
Edges
100
AcDbLine
 10
-14.74096142538238
 20
2.762225713637869
 30
0.0
 11
-14.73500215509409
 21
2.762225713637869
 31
0.0
  0
LINE
  5
A72
330
83
100
AcDbEntity
  8
Edges
100
AcDbLine
 10
-13.97949034407047
 20
2.762225713637869
 30
0.0
 11
-13.34326987162953
 21
2.762225713637869
 31
0.0
  0
LINE
  5
A73
330
83
100
AcDbEntity
  8
Edges
100
AcDbLine
 10
-13.34326987162953
 20
2.762225713637869
 30
0.0
 11
-13.33729451538622
 21
2.762225713637869
 31
0.0
  0
LINE
  5
A74
330
83
100
AcDbEntity
  8
Edges
100
AcDbLine
 10
13.96848739351527
 20
2.762225713637869
 30
0.0
 11
13.97444666380353
 21
2.762225713637869
 31
0.0
  0
LINE
  5
A75
330
83
100
AcDbEntity
  8
Edges
100
AcDbLine
 10
13.97444666380353
 20
2.762225713637869
 30
0.0
 11
14.6106671362445
 21
2.762225713637869
 31
0.0
  0
LINE
  5
A76
330
83
100
AcDbEntity
  8
Edges
100
AcDbLine
 10
14.72399920453888
 20
2.762225713637869
 30
0.0
 11
14.72995847482716
 21
2.762225713637869
 31
0.0
  0
LINE
  5
A77
330
83
100
AcDbEntity
  8
Edges
100
AcDbLine
 10
15.48469404795865
 20
2.762225713637869
 30
0.0
 11
16.12169075829173
 21
2.762225713637869
 31
0.0
  0
LINE
  5
A78
330
83
100
AcDbEntity
  8
Edges
100
AcDbLine
 10
16.12169075829173
 20
2.762225713637869
 30
0.0
 11
16.12526821877571
 21
2.762225713637869
 31
0.0
  0
LINE
  5
A79
330
83
100
AcDbEntity
  8
Edges
100
AcDbLine
 10
16.23727376459287
 20
2.762225713637869
 30
0.0
 11
16.24098209687442
 21
2.762225713641959
 31
0.0
  0
LINE
  5
A7A
330
83
100
AcDbEntity
  8
Edges
100
AcDbLine
 10
16.24098209687442
 20
2.762225713641959
 30
0.0
 11
16.70124664150232
 21
2.762225714149626
 31
0.0
  0
LINE
  5
A7B
330
83
100
AcDbEntity
  8
Edges
100
AcDbLine
 10
-19.57714494872496
 20
-2.035622984934195
 30
0.0
 11
-19.57764120672574
 21
-2.040626634276833
 31
0.0
  0
LINE
  5
A7C
330
83
100
AcDbEntity
  8
Edges
100
AcDbLine
 10
-19.57764120672574
 20
-3.530829599792026
 30
0.0
 11
-19.57764120672574
 21
-4.846390226054055
 31
0.0
  0
LINE
  5
A7D
330
83
100
AcDbEntity
  8
Edges
100
AcDbLine
 10
-19.57714494872496
 20
-1.141166353078699
 30
0.0
 11
-19.57764120672574
 21
-1.220462918322105
 31
0.0
  0
LINE
  5
A7E
330
83
100
AcDbEntity
  8
Edges
100
AcDbLine
 10
21.15558134998909
 20
-3.872897793317491
 30
0.0
 11
21.15558134998909
 21
-4.846390226054069
 31
0.0
  0
LINE
  5
A7F
330
83
100
AcDbEntity
  8
Edges
100
AcDbLine
 10
20.07094431548521
 20
-0.9300247451262183
 30
0.0
 11
16.76851271144818
 21
-0.930024745126218
 31
0.0
  0
LINE
  5
A80
330
83
100
AcDbEntity
  8
Edges
100
AcDbLine
 10
16.76851271144818
 20
-0.930024745126218
 30
0.0
 11
16.76305312590151
 21
-0.930024745126218
 31
0.0
  0
LINE
  5
A81
330
83
100
AcDbEntity
  8
Edges
100
AcDbLine
 10
16.30126882747925
 20
-0.930024745126218
 30
0.0
 11
15.5709443154852
 21
-0.930024745126218
 31
0.0
  0
LINE
  5
A82
330
83
100
AcDbEntity
  8
Edges
100
AcDbLine
 10
-2.666550074519648
 20
-0.3746906022878988
 30
0.0
 11
-2.670953569095061
 21
-0.3746906022878988
 31
0.0
  0
LINE
  5
A83
330
83
100
AcDbEntity
  8
Edges
100
AcDbLine
 10
-2.670953569095061
 20
-0.3746906022878988
 30
0.0
 11
-2.674783447093133
 21
-0.3746906022878988
 31
0.0
  0
LINE
  5
A84
330
83
100
AcDbEntity
  8
Edges
100
AcDbLine
 10
-2.68125952419686
 20
-0.3746906022878988
 30
0.0
 11
-2.686719109743521
 21
-0.3746906022878988
 31
0.0
  0
LINE
  5
A85
330
83
100
AcDbEntity
  8
Edges
100
AcDbLine
 10
-2.686719109743521
 20
-0.3746906022878988
 30
0.0
 11
-2.703120181187344
 21
-0.3746906022878988
 31
0.0
  0
LINE
  5
A86
330
83
100
AcDbEntity
  8
Edges
100
AcDbLine
 10
16.30126882747925
 20
-0.5320880809405249
 30
0.0
 11
16.30126882747925
 21
-0.5362055887729152
 31
0.0
  0
LINE
  5
A87
330
83
100
AcDbEntity
  8
Edges
100
AcDbLine
 10
16.30126882747925
 20
-0.5362055887729152
 30
0.0
 11
16.30126882747925
 21
-0.930024745126218
 31
0.0
  0
LINE
  5
A88
330
83
100
AcDbEntity
  8
Edges
100
AcDbLine
 10
16.12982957669295
 20
-3.588502690043135
 30
0.0
 11
16.12982957669295
 21
-3.091426635520832
 31
0.0
  0
LINE
  5
A89
330
83
100
AcDbEntity
  8
Edges
100
AcDbLine
 10
16.12982957669295
 20
-3.091426635520832
 30
0.0
 11
16.12982957669295
 21
-3.069720688845535
 31
0.0
  0
LINE
  5
A8A
330
83
100
AcDbEntity
  8
Edges
100
AcDbLine
 10
-16.82005709933284
 20
-2.550663741751051
 30
0.0
 11
-16.82005709933284
 21
-3.588502690043135
 31
0.0
  0
LINE
  5
A8B
330
83
100
AcDbEntity
  8
Edges
100
AcDbLine
 10
-16.24844414854033
 20
-0.9086022770920223
 30
0.0
 11
-16.249742287236
 21
-1.16898682241073
 31
0.0
  0
LINE
  5
A8C
330
83
100
AcDbEntity
  8
Edges
100
AcDbLine
 10
-16.24844414854033
 20
-3.062869469879874
 30
0.0
 11
-12.55171773320563
 21
-3.062869469879874
 31
0.0
  0
LINE
  5
A8D
330
83
100
AcDbEntity
  8
Edges
100
AcDbLine
 10
15.18905585145967
 20
-0.9086022770920223
 30
0.0
 11
11.50673203624298
 21
-0.9086022770920223
 31
0.0
  0
LINE
  5
A8E
330
83
100
AcDbEntity
  8
Edges
100
AcDbLine
 10
10.79705965471476
 20
-0.9086022770920223
 30
0.0
 11
10.79705965471476
 21
-0.8202729159188066
 31
0.0
  0
LINE
  5
A8F
330
83
100
AcDbEntity
  8
Edges
100
AcDbLine
 10
10.79705965471476
 20
-0.8202729159188066
 30
0.0
 11
10.79705965471476
 21
-0.7239508034244917
 31
0.0
  0
LINE
  5
A90
330
83
100
AcDbEntity
  8
Edges
100
AcDbLine
 10
10.48455965471476
 20
-0.9086022770920223
 30
0.0
 11
6.707248615835482
 21
-0.9086022770920223
 31
0.0
  0
LINE
  5
A91
330
83
100
AcDbEntity
  8
Edges
100
AcDbLine
 10
3.797059654714757
 20
-0.9086022770920223
 30
0.0
 11
3.797059654714757
 21
-0.8202729139071095
 31
0.0
  0
LINE
  5
A92
330
83
100
AcDbEntity
  8
Edges
100
AcDbLine
 10
3.797059654714757
 20
-0.8202729139071095
 30
0.0
 11
3.797059654714757
 21
-0.7239508034244917
 31
0.0
  0
LINE
  5
A93
330
83
100
AcDbEntity
  8
Edges
100
AcDbLine
 10
3.484559654714757
 20
-0.7239508034244917
 30
0.0
 11
3.484559654714757
 21
-0.8202729138173022
 31
0.0
  0
LINE
  5
A94
330
83
100
AcDbEntity
  8
Edges
100
AcDbLine
 10
3.484559654714757
 20
-0.8202729138173022
 30
0.0
 11
3.484559654714757
 21
-0.9086022770920223
 31
0.0
  0
LINE
  5
A95
330
83
100
AcDbEntity
  8
Edges
100
AcDbLine
 10
1.881038631782487
 20
-0.9086022770920223
 30
0.0
 11
1.875579046235813
 21
-0.9086022770920223
 31
0.0
  0
LINE
  5
A96
330
83
100
AcDbEntity
  8
Edges
100
AcDbLine
 10
1.869102969132086
 20
-0.9086022770920223
 30
0.0
 11
1.865273091134028
 21
-0.9086022770920223
 31
0.0
  0
LINE
  5
A97
330
83
100
AcDbEntity
  8
Edges
100
AcDbLine
 10
1.865273091134028
 20
-0.9086022770920223
 30
0.0
 11
1.860663181134043
 21
-0.9086022770920223
 31
0.0
  0
LINE
  5
A98
330
83
100
AcDbEntity
  8
Edges
100
AcDbLine
 10
-2.605217307149771
 20
-0.9086022770920223
 30
0.0
 11
-2.609620801725199
 21
-0.9086022770920223
 31
0.0
  0
LINE
  5
A99
330
83
100
AcDbEntity
  8
Edges
100
AcDbLine
 10
-2.666550074519648
 20
-0.9086022770920223
 30
0.0
 11
-2.670953569095061
 21
-0.9086022770920223
 31
0.0
  0
LINE
  5
A9A
330
83
100
AcDbEntity
  8
Edges
100
AcDbLine
 10
-2.670953569095061
 20
-0.9086022770920223
 30
0.0
 11
-2.674783447093133
 21
-0.9086022770920223
 31
0.0
  0
LINE
  5
A9B
330
83
100
AcDbEntity
  8
Edges
100
AcDbLine
 10
-2.968675837772764
 20
-0.9086022770920227
 30
0.0
 11
-3.390440345285242
 21
-0.9086022770920223
 31
0.0
  0
LINE
  5
A9C
330
83
100
AcDbEntity
  8
Edges
100
AcDbLine
 10
-3.390440345285242
 20
-0.9086022770920223
 30
0.0
 11
-3.390440345285242
 21
-0.8202729118415273
 31
0.0
  0
LINE
  5
A9D
330
83
100
AcDbEntity
  8
Edges
100
AcDbLine
 10
-3.390440345285242
 20
-0.8202729118415273
 30
0.0
 11
-3.390440345285242
 21
-0.7239508034244917
 31
0.0
  0
LINE
  5
A9E
330
83
100
AcDbEntity
  8
Edges
100
AcDbLine
 10
-3.702940345285242
 20
-0.7239508034244917
 30
0.0
 11
-3.702940345285242
 21
-0.8202729117517195
 31
0.0
  0
LINE
  5
A9F
330
83
100
AcDbEntity
  8
Edges
100
AcDbLine
 10
-3.702940345285242
 20
-0.8202729117517195
 30
0.0
 11
-3.702940345285242
 21
-0.9086022770920223
 31
0.0
  0
LINE
  5
AA0
330
83
100
AcDbEntity
  8
Edges
100
AcDbLine
 10
-3.702940345285242
 20
-0.9086022770920223
 30
0.0
 11
-7.731151384164519
 21
-0.9086022770920219
 31
0.0
  0
LINE
  5
AA1
330
83
100
AcDbEntity
  8
Edges
100
AcDbLine
 10
-10.95294034528524
 20
-0.7239508034244917
 30
0.0
 11
-10.95294034528524
 21
-0.8202729096681755
 31
0.0
  0
LINE
  5
AA2
330
83
100
AcDbEntity
  8
Edges
100
AcDbLine
 10
-10.95294034528524
 20
-0.8202729096681755
 30
0.0
 11
-10.95294034528524
 21
-0.9086022770920223
 31
0.0
  0
LINE
  5
AA3
330
83
100
AcDbEntity
  8
Edges
100
AcDbLine
 10
-10.64044034528524
 20
-0.9086022770920223
 30
0.0
 11
-10.64044034528524
 21
-0.8202729097579833
 31
0.0
  0
LINE
  5
AA4
330
83
100
AcDbEntity
  8
Edges
100
AcDbLine
 10
-10.64044034528524
 20
-0.8202729097579833
 30
0.0
 11
-10.64044034528524
 21
-0.7239508034244917
 31
0.0
  0
LINE
  5
AA5
330
83
100
AcDbEntity
  8
Edges
100
AcDbLine
 10
-12.55171773240707
 20
-0.9086022770920219
 30
0.0
 11
-16.24844414854033
 21
-0.9086022770920223
 31
0.0
  0
LINE
  5
AA6
330
83
100
AcDbEntity
  8
Edges
100
AcDbLine
 10
-10.61105789527374
 20
-3.247520943547405
 30
0.0
 11
-10.61105789527374
 21
-3.157446995293959
 31
0.0
  0
LINE
  5
AA7
330
83
100
AcDbEntity
  8
Edges
100
AcDbLine
 10
-10.61105789527374
 20
-3.157446995293959
 30
0.0
 11
-10.61105789527374
 21
-3.062869469879874
 31
0.0
  0
LINE
  5
AA8
330
83
100
AcDbEntity
  8
Edges
100
AcDbLine
 10
-7.731151384963084
 20
-3.062869469879874
 30
0.0
 11
-3.736057895273745
 21
-3.062869469879874
 31
0.0
  0
LINE
  5
AA9
330
83
100
AcDbEntity
  8
Edges
100
AcDbLine
 10
-3.736057895273745
 20
-3.062869469879874
 30
0.0
 11
-3.736057895273745
 21
-3.15744699726973
 31
0.0
  0
LINE
  5
AAA
330
83
100
AcDbEntity
  8
Edges
100
AcDbLine
 10
-3.736057895273745
 20
-3.15744699726973
 30
0.0
 11
-3.736057895273745
 21
-3.247520943547405
 31
0.0
  0
LINE
  5
AAB
330
83
100
AcDbEntity
  8
Edges
100
AcDbLine
 10
-3.423557895273745
 20
-3.247520943547405
 30
0.0
 11
-3.423557895273745
 21
-3.157446997359537
 31
0.0
  0
LINE
  5
AAC
330
83
100
AcDbEntity
  8
Edges
100
AcDbLine
 10
-3.423557895273745
 20
-3.157446997359537
 30
0.0
 11
-3.423557895273745
 21
-3.062869469879874
 31
0.0
  0
LINE
  5
AAD
330
83
100
AcDbEntity
  8
Edges
100
AcDbLine
 10
1.894448615036935
 20
-3.062869469879874
 30
0.0
 11
3.388942104726254
 21
-3.062869469879874
 31
0.0
  0
LINE
  5
AAE
330
83
100
AcDbEntity
  8
Edges
100
AcDbLine
 10
3.388942104726254
 20
-3.062869469879874
 30
0.0
 11
3.388942104726254
 21
-3.157446999317349
 31
0.0
  0
LINE
  5
AAF
330
83
100
AcDbEntity
  8
Edges
100
AcDbLine
 10
3.388942104726254
 20
-3.157446999317349
 30
0.0
 11
3.388942104726254
 21
-3.247520943547405
 31
0.0
  0
LINE
  5
AB0
330
83
100
AcDbEntity
  8
Edges
100
AcDbLine
 10
6.707248615036917
 20
-3.062869469879874
 30
0.0
 11
10.45144210472625
 21
-3.062869469879874
 31
0.0
  0
LINE
  5
AB1
330
83
100
AcDbEntity
  8
Edges
100
AcDbLine
 10
10.76394210472625
 20
-3.247520943547405
 30
0.0
 11
10.76394210472625
 21
-3.157447001436812
 31
0.0
  0
LINE
  5
AB2
330
83
100
AcDbEntity
  8
Edges
100
AcDbLine
 10
10.76394210472625
 20
-3.157447001436812
 30
0.0
 11
10.76394210472625
 21
-3.062869469879874
 31
0.0
  0
LINE
  5
AB3
330
83
100
AcDbEntity
  8
Edges
100
AcDbLine
 10
11.50673203544441
 20
-3.062869469879874
 30
0.0
 11
15.18905585145967
 21
-3.062869469879874
 31
0.0
  0
LINE
  5
AB4
330
83
100
AcDbEntity
  8
Edges
100
AcDbLine
 10
-16.79303978724692
 20
-2.146958373885984
 30
0.0
 11
-16.94216712369632
 21
-2.146958373885984
 31
0.0
  0
LINE
  5
AB5
330
83
100
AcDbEntity
  8
Edges
100
AcDbLine
 10
-16.94216712369632
 20
-2.146958373885984
 30
0.0
 11
-16.94335948797732
 21
-2.146958373885984
 31
0.0
  0
LINE
  5
AB6
330
83
100
AcDbEntity
  8
Edges
100
AcDbLine
 10
1.894448615831464
 20
-0.9194552504296709
 30
0.0
 11
1.881038631782487
 21
-0.9194552504296709
 31
0.0
  0
LINE
  5
AB7
330
83
100
AcDbEntity
  8
Edges
100
AcDbLine
 10
1.881038631782487
 20
-0.9194552504296709
 30
0.0
 11
1.875579046235813
 21
-0.9194552504296709
 31
0.0
  0
LINE
  5
AB8
330
83
100
AcDbEntity
  8
Edges
100
AcDbLine
 10
1.869102969132086
 20
-0.9194552504296709
 30
0.0
 11
1.865273091134028
 21
-0.9194552504296709
 31
0.0
  0
LINE
  5
AB9
330
83
100
AcDbEntity
  8
Edges
100
AcDbLine
 10
1.865273091134028
 20
-0.9194552504296709
 30
0.0
 11
1.860663181134043
 21
-0.9194552504296709
 31
0.0
  0
LINE
  5
ABA
330
83
100
AcDbEntity
  8
Edges
100
AcDbLine
 10
-16.362499970413
 20
-15.55927304143761
 30
0.0
 11
-17.95264120672574
 21
-15.55927304143761
 31
0.0
  0
LINE
  5
ABB
330
83
100
AcDbEntity
  8
Edges
100
AcDbLine
 10
-12.55171773258104
 20
-1.377932533167419
 30
0.0
 11
-12.55171773253761
 21
-1.260751737926938
 31
0.0
  0
LINE
  5
ABC
330
83
100
AcDbEntity
  8
Edges
100
AcDbLine
 10
-12.55171773253761
 20
-1.260751737926938
 30
0.0
 11
-12.55171773253607
 21
-1.25663423009454
 31
0.0
  0
LINE
  5
ABD
330
83
100
AcDbEntity
  8
Edges
100
AcDbLine
 10
-12.55171773250751
 20
-1.179569068967175
 30
0.0
 11
-12.55171773241109
 21
-0.9194552504296709
 31
0.0
  0
LINE
  5
ABE
330
83
100
AcDbEntity
  8
Edges
100
AcDbLine
 10
-12.55171773241109
 20
-0.9194552504296709
 30
0.0
 11
-12.55171773240707
 21
-0.9086022770920219
 31
0.0
  0
LINE
  5
ABF
330
83
100
AcDbEntity
  8
Edges
100
AcDbLine
 10
11.50673203606901
 20
-1.377932533167798
 30
0.0
 11
11.50673203623896
 21
-0.9194552504296709
 31
0.0
  0
LINE
  5
AC0
330
83
100
AcDbEntity
  8
Edges
100
AcDbLine
 10
11.50673203623896
 20
-0.9194552504296709
 30
0.0
 11
11.50673203624298
 21
-0.9086022770920223
 31
0.0
  0
LINE
  5
AC1
330
83
100
AcDbEntity
  8
Edges
100
AcDbLine
 10
-16.1983860050541
 20
-1.070318135725327
 30
0.0
 11
-16.19671310494104
 21
-1.178343597731668
 31
0.0
  0
LINE
  5
AC2
330
83
100
AcDbEntity
  8
Edges
100
AcDbLine
 10
-12.69974922864405
 20
-1.377932533167417
 30
0.0
 11
-12.69974922860061
 21
-1.260751737926938
 31
0.0
  0
LINE
  5
AC3
330
83
100
AcDbEntity
  8
Edges
100
AcDbLine
 10
-12.69974922860061
 20
-1.260751737926938
 30
0.0
 11
-12.69974922859909
 21
-1.256634230094541
 31
0.0
  0
LINE
  5
AC4
330
83
100
AcDbEntity
  8
Edges
100
AcDbLine
 10
6.707248615661512
 20
-1.377932533167722
 30
0.0
 11
6.70724861583146
 21
-0.9194552504296709
 31
0.0
  0
LINE
  5
AC5
330
83
100
AcDbEntity
  8
Edges
100
AcDbLine
 10
6.70724861583146
 20
-0.9194552504296709
 30
0.0
 11
6.707248615835482
 21
-0.9086022770920223
 31
0.0
  0
LINE
  5
AC6
330
83
100
AcDbEntity
  8
Edges
100
AcDbLine
 10
11.46972416205326
 20
-1.377932533167797
 30
0.0
 11
11.46972416222323
 21
-0.9194552504296709
 31
0.0
  0
LINE
  5
AC7
330
83
100
AcDbEntity
  8
Edges
100
AcDbLine
 10
11.46972416222323
 20
-0.9194552504296709
 30
0.0
 11
11.46972416222725
 21
-0.9086022770920219
 31
0.0
  0
LINE
  5
AC8
330
83
100
AcDbEntity
  8
Edges
100
AcDbLine
 10
1.894448615142152
 20
-2.779023224346374
 30
0.0
 11
1.894938253271604
 21
-2.764148790487475
 31
0.0
  0
LINE
  5
AC9
330
83
100
AcDbEntity
  8
Edges
100
AcDbLine
 10
1.894448615661517
 20
-1.377932533167646
 30
0.0
 11
1.894448615831464
 21
-0.9194552504296709
 31
0.0
  0
LINE
  5
ACA
330
83
100
AcDbEntity
  8
Edges
100
AcDbLine
 10
1.894448615831464
 20
-0.9194552504296709
 30
0.0
 11
1.894448615835486
 21
-0.9086022770920223
 31
0.0
  0
LINE
  5
ACB
330
83
100
AcDbEntity
  8
Edges
100
AcDbLine
 10
6.656924162053257
 20
-1.377932533167721
 30
0.0
 11
6.656924162223219
 21
-0.9194552504296709
 31
0.0
  0
LINE
  5
ACC
330
83
100
AcDbEntity
  8
Edges
100
AcDbLine
 10
6.656924162223219
 20
-0.9194552504296709
 30
0.0
 11
6.656924162227241
 21
-0.9086022770920223
 31
0.0
  0
LINE
  5
ACD
330
83
100
AcDbEntity
  8
Edges
100
AcDbLine
 10
1.84412416142868
 20
-3.062869469879874
 30
0.0
 11
1.844124161511174
 21
-2.840333433409583
 31
0.0
  0
LINE
  5
ACE
330
83
100
AcDbEntity
  8
Edges
100
AcDbLine
 10
1.844124161511174
 20
-2.840333433409583
 30
0.0
 11
1.844124161512112
 21
-2.837785793979726
 31
0.0
  0
LINE
  5
ACF
330
83
100
AcDbEntity
  8
Edges
100
AcDbLine
 10
1.654643847253765
 20
-0.9432820756875965
 30
0.0
 11
-2.605217307149771
 21
-0.9432820744633767
 31
0.0
  0
LINE
  5
AD0
330
83
100
AcDbEntity
  8
Edges
100
AcDbLine
 10
-2.605217307149771
 20
-0.9432820744633767
 30
0.0
 11
-2.609620801725199
 21
-0.943282074462111
 31
0.0
  0
LINE
  5
AD1
330
83
100
AcDbEntity
  8
Edges
100
AcDbLine
 10
-2.666550074519648
 20
-0.9432820744457504
 30
0.0
 11
-2.670953569095061
 21
-0.9432820744444851
 31
0.0
  0
LINE
  5
AD2
330
83
100
AcDbEntity
  8
Edges
100
AcDbLine
 10
-2.670953569095061
 20
-0.9432820744444851
 30
0.0
 11
-2.674783447093133
 21
-0.9432820744433843
 31
0.0
  0
LINE
  5
AD3
330
83
100
AcDbEntity
  8
Edges
100
AcDbLine
 10
-2.68125952419686
 20
-0.9432820744415231
 30
0.0
 11
-2.686719109743521
 21
-0.9432820744399542
 31
0.0
  0
LINE
  5
AD4
330
83
100
AcDbEntity
  8
Edges
100
AcDbLine
 10
-2.686719109743521
 20
-0.9432820744399542
 30
0.0
 11
-2.728871069216751
 21
-0.9432820744278402
 31
0.0
  0
LINE
  5
AD5
330
83
100
AcDbEntity
  8
Edges
100
AcDbLine
 10
-2.728871069216751
 20
-0.9432820744278402
 30
0.0
 11
-2.728871069287123
 21
-1.133146198143735
 31
0.0
  0
LINE
  5
AD6
330
83
100
AcDbEntity
  8
Edges
100
AcDbLine
 10
-2.728871069287123
 20
-1.133146198143735
 30
0.0
 11
-2.728871069288345
 21
-1.13645330004538
 31
0.0
  0
LINE
  5
AD7
330
83
100
AcDbEntity
  8
Edges
100
AcDbLine
 10
-2.918351384264951
 20
-1.179569068967182
 30
0.0
 11
-2.918351384168531
 21
-0.9194552504296709
 31
0.0
  0
LINE
  5
AD8
330
83
100
AcDbEntity
  8
Edges
100
AcDbLine
 10
-2.918351384168531
 20
-0.9194552504296709
 30
0.0
 11
-2.918351384164509
 21
-0.9086022770920223
 31
0.0
  0
LINE
  5
AD9
330
83
100
AcDbEntity
  8
Edges
100
AcDbLine
 10
-2.968675837873206
 20
-1.179569068967182
 30
0.0
 11
-2.968675837776785
 21
-0.9194552504296709
 31
0.0
  0
LINE
  5
ADA
330
83
100
AcDbEntity
  8
Edges
100
AcDbLine
 10
-2.968675837776785
 20
-0.9194552504296709
 30
0.0
 11
-2.968675837772764
 21
-0.9086022770920227
 31
0.0
  0
LINE
  5
ADB
330
83
100
AcDbEntity
  8
Edges
100
AcDbLine
 10
-7.731151384338502
 20
-1.377932533167495
 30
0.0
 11
-7.731151384168541
 21
-0.9194552504296709
 31
0.0
  0
LINE
  5
ADC
330
83
100
AcDbEntity
  8
Edges
100
AcDbLine
 10
-7.731151384168541
 20
-0.9194552504296709
 30
0.0
 11
-7.731151384164519
 21
-0.9086022770920219
 31
0.0
  0
LINE
  5
ADD
330
83
100
AcDbEntity
  8
Edges
100
AcDbLine
 10
-7.781475837946729
 20
-1.377932533167493
 30
0.0
 11
-7.781475837776767
 21
-0.9194552504296709
 31
0.0
  0
LINE
  5
ADE
330
83
100
AcDbEntity
  8
Edges
100
AcDbLine
 10
-7.781475837776767
 20
-0.9194552504296709
 30
0.0
 11
-7.781475837772745
 21
-0.9086022770920223
 31
0.0
  0
LINE
  5
ADF
330
83
100
AcDbEntity
  8
Edges
100
AcDbLine
 10
-12.54395138433847
 20
-1.377932533167419
 30
0.0
 11
-12.54395138429504
 21
-1.260751737926938
 31
0.0
  0
LINE
  5
AE0
330
83
100
AcDbEntity
  8
Edges
100
AcDbLine
 10
-12.54395138429504
 20
-1.260751737926938
 30
0.0
 11
-12.54395138429351
 21
-1.25663423009454
 31
0.0
  0
LINE
  5
AE1
330
83
100
AcDbEntity
  8
Edges
100
AcDbLine
 10
-12.54395138426494
 20
-1.179569068967175
 30
0.0
 11
-12.54395138416852
 21
-0.9194552504296709
 31
0.0
  0
LINE
  5
AE2
330
83
100
AcDbEntity
  8
Edges
100
AcDbLine
 10
-12.54395138416852
 20
-0.9194552504296709
 30
0.0
 11
-12.5439513841645
 21
-0.9086022770920223
 31
0.0
  0
LINE
  5
AE3
330
83
100
AcDbEntity
  8
Edges
100
AcDbLine
 10
3.69156345482385
 20
-3.206987021637753
 30
0.0
 11
3.691210174915255
 21
-3.208332211736855
 31
0.0
  0
LINE
  5
AE4
330
83
100
AcDbEntity
  8
Edges
100
AcDbLine
 10
3.691210174915255
 20
-3.208332211736855
 30
0.0
 11
3.690174410631428
 21
-3.208735576921659
 31
0.0
  0
LINE
  5
AE5
330
83
100
AcDbEntity
  8
Edges
100
AcDbLine
 10
3.530283968155117
 20
-3.043864616850716
 30
0.0
 11
3.515186601219738
 21
-3.062869469879874
 31
0.0
  0
LINE
  5
AE6
330
83
100
AcDbEntity
  8
Edges
100
AcDbLine
 10
3.515186601219738
 20
-3.062869469879874
 30
0.0
 11
3.512160599410378
 21
-3.066678658588001
 31
0.0
  0
LINE
  5
AE7
330
83
100
AcDbEntity
  8
Edges
100
AcDbLine
 10
3.553902802144605
 20
-3.026358786920818
 30
0.0
 11
3.543002562478108
 21
-3.034437836965445
 31
0.0
  0
LINE
  5
AE8
330
83
100
AcDbEntity
  8
Edges
100
AcDbLine
 10
3.543002562478108
 20
-3.034437836965445
 30
0.0
 11
3.530283968155117
 21
-3.043864616850716
 31
0.0
  0
LINE
  5
AE9
330
83
100
AcDbEntity
  8
Edges
100
AcDbLine
 10
3.69156345482385
 20
-3.043864616850715
 30
0.0
 11
3.678844860553525
 21
-3.034437837004483
 31
0.0
  0
LINE
  5
AEA
330
83
100
AcDbEntity
  8
Edges
100
AcDbLine
 10
3.678844860553525
 20
-3.034437837004483
 30
0.0
 11
3.667944620834347
 21
-3.026358786920818
 31
0.0
  0
LINE
  5
AEB
330
83
100
AcDbEntity
  8
Edges
100
AcDbLine
 10
3.709686823568574
 20
-3.066678658588001
 30
0.0
 11
3.706660821759228
 21
-3.062869469879874
 31
0.0
  0
LINE
  5
AEC
330
83
100
AcDbEntity
  8
Edges
100
AcDbLine
 10
3.706660821759228
 20
-3.062869469879874
 30
0.0
 11
3.69156345482385
 21
-3.043864616850715
 31
0.0
  0
LINE
  5
AED
330
83
100
AcDbEntity
  8
Edges
100
AcDbLine
 10
3.672089659717471
 20
-3.096314675958755
 30
0.0
 11
3.670241491042318
 21
-3.109874569522376
 31
0.0
  0
LINE
  5
AEE
330
83
100
AcDbEntity
  8
Edges
100
AcDbLine
 10
3.670241491042318
 20
-3.109874569522376
 30
0.0
 11
3.665763600402598
 21
-3.142728562385908
 31
0.0
  0
LINE
  5
AEF
330
83
100
AcDbEntity
  8
Edges
100
AcDbLine
 10
3.583735086302894
 20
-3.132297279450053
 30
0.0
 11
3.551597461863664
 21
-3.128210448704779
 31
0.0
  0
LINE
  5
AF0
330
83
100
AcDbEntity
  8
Edges
100
AcDbLine
 10
3.551597461863664
 20
-3.128210448704779
 30
0.0
 11
3.549757763261496
 21
-3.127976500585072
 31
0.0
  0
LINE
  5
AF1
330
83
100
AcDbEntity
  8
Edges
100
AcDbLine
 10
3.627313077921456
 20
-3.171227357354787
 30
0.0
 11
3.581101585465333
 21
-3.165350801403622
 31
0.0
  0
LINE
  5
AF2
330
83
100
AcDbEntity
  8
Edges
100
AcDbLine
 10
3.581101585465333
 20
-3.165350801403622
 30
0.0
 11
3.579261886863164
 21
-3.165116853283915
 31
0.0
  0
LINE
  5
AF3
330
83
100
AcDbEntity
  8
Edges
100
AcDbLine
 10
3.642585536115802
 20
-3.059174323259911
 30
0.0
 11
3.64074583751362
 21
-3.072672072448069
 31
0.0
  0
LINE
  5
AF4
330
83
100
AcDbEntity
  8
Edges
100
AcDbLine
 10
3.64074583751362
 20
-3.072672072448069
 30
0.0
 11
3.637955903222533
 21
-3.093141639184688
 31
0.0
  0
LINE
  5
AF5
330
83
100
AcDbEntity
  8
Edges
100
AcDbLine
 10
-3.447050928169389
 20
-0.8484440320037375
 30
0.0
 11
-3.464741619157905
 21
-0.869812936119195
 31
0.0
  0
LINE
  5
AF6
330
83
100
AcDbEntity
  8
Edges
100
AcDbLine
 10
-3.464741619157905
 20
-0.869812936119195
 30
0.0
 11
-3.4650948990665
 21
-0.8711581262182965
 31
0.0
  0
LINE
  5
AF7
330
83
100
AcDbEntity
  8
Edges
100
AcDbLine
 10
-3.4650948990665
 20
-0.8711581262182965
 30
0.0
 11
-3.466130663350327
 21
-0.8715614914031014
 31
0.0
  0
LINE
  5
AF8
330
83
100
AcDbEntity
  8
Edges
100
AcDbLine
 10
-3.626021105826637
 20
-0.7066905313321579
 30
0.0
 11
-3.639732585772449
 21
-0.7239508034244917
 31
0.0
  0
LINE
  5
AF9
330
83
100
AcDbEntity
  8
Edges
100
AcDbLine
 10
-3.639732585772449
 20
-0.7239508034244917
 30
0.0
 11
-3.644144474571376
 21
-0.729504573069443
 31
0.0
  0
LINE
  5
AFA
330
83
100
AcDbEntity
  8
Edges
100
AcDbLine
 10
-3.44661825041318
 20
-0.729504573069443
 30
0.0
 11
-3.451030139212093
 21
-0.7239508034244917
 31
0.0
  0
LINE
  5
AFB
330
83
100
AcDbEntity
  8
Edges
100
AcDbLine
 10
-3.451030139212093
 20
-0.7239508034244917
 30
0.0
 11
-3.464741619157905
 21
-0.7066905313321579
 31
0.0
  0
LINE
  5
AFC
330
83
100
AcDbEntity
  8
Edges
100
AcDbLine
 10
-3.484215414264284
 20
-0.7591405904401971
 30
0.0
 11
-3.486063582939436
 21
-0.7727004840038179
 31
0.0
  0
LINE
  5
AFD
330
83
100
AcDbEntity
  8
Edges
100
AcDbLine
 10
-3.486063582939436
 20
-0.7727004840038179
 30
0.0
 11
-3.490541473579156
 21
-0.805554476867349
 31
0.0
  0
LINE
  5
AFE
330
83
100
AcDbEntity
  8
Edges
100
AcDbLine
 10
-3.572569987678861
 20
-0.7951231939314951
 30
0.0
 11
-3.60470761211809
 21
-0.7910363631862203
 31
0.0
  0
LINE
  5
AFF
330
83
100
AcDbEntity
  8
Edges
100
AcDbLine
 10
-3.60470761211809
 20
-0.7910363631862203
 30
0.0
 11
-3.606547310720259
 21
-0.7908024150665134
 31
0.0
  0
LINE
  5
B00
330
83
100
AcDbEntity
  8
Edges
100
AcDbLine
 10
-3.528991996060298
 20
-0.834053271836229
 30
0.0
 11
-3.575203488516422
 21
-0.8281767158850637
 31
0.0
  0
LINE
  5
B01
330
83
100
AcDbEntity
  8
Edges
100
AcDbLine
 10
-3.575203488516422
 20
-0.8281767158850637
 30
0.0
 11
-3.57704318711859
 21
-0.8279427677653568
 31
0.0
  0
LINE
  5
B02
330
83
100
AcDbEntity
  8
Edges
100
AcDbLine
 10
-3.513719537865952
 20
-0.7220002377413542
 30
0.0
 11
-3.515559236468135
 21
-0.7354979869295111
 31
0.0
  0
LINE
  5
B03
330
83
100
AcDbEntity
  8
Edges
100
AcDbLine
 10
-3.515559236468135
 20
-0.7354979869295111
 30
0.0
 11
-3.518349170759222
 21
-0.7559675536661299
 31
0.0
  0
LINE
  5
B04
330
83
100
AcDbEntity
  8
Edges
100
AcDbLine
 10
-3.478245854187633
 20
-3.185618117522295
 30
0.0
 11
-3.495936545176149
 21
-3.206987021637753
 31
0.0
  0
LINE
  5
B05
330
83
100
AcDbEntity
  8
Edges
100
AcDbLine
 10
-3.495936545176149
 20
-3.206987021637753
 30
0.0
 11
-3.496289825084744
 21
-3.208332211736855
 31
0.0
  0
LINE
  5
B06
330
83
100
AcDbEntity
  8
Edges
100
AcDbLine
 10
-3.496289825084744
 20
-3.208332211736855
 30
0.0
 11
-3.497325589368571
 21
-3.208735576921659
 31
0.0
  0
LINE
  5
B07
330
83
100
AcDbEntity
  8
Edges
100
AcDbLine
 10
-3.657216031844882
 20
-3.043864616850716
 30
0.0
 11
-3.672313398780261
 21
-3.062869469879874
 31
0.0
  0
LINE
  5
B08
330
83
100
AcDbEntity
  8
Edges
100
AcDbLine
 10
-3.672313398780261
 20
-3.062869469879874
 30
0.0
 11
-3.675339400589621
 21
-3.066678658588001
 31
0.0
  0
LINE
  5
B09
330
83
100
AcDbEntity
  8
Edges
100
AcDbLine
 10
-3.633597197855394
 20
-3.026358786920818
 30
0.0
 11
-3.644497434735015
 21
-3.034437834899862
 31
0.0
  0
LINE
  5
B0A
330
83
100
AcDbEntity
  8
Edges
100
AcDbLine
 10
-3.644497434735015
 20
-3.034437834899862
 30
0.0
 11
-3.657216031844882
 21
-3.043864616850716
 31
0.0
  0
LINE
  5
B0B
330
83
100
AcDbEntity
  8
Edges
100
AcDbLine
 10
-3.495936545176149
 20
-3.043864616850715
 30
0.0
 11
-3.508655142233365
 21
-3.034437834938901
 31
0.0
  0
LINE
  5
B0C
330
83
100
AcDbEntity
  8
Edges
100
AcDbLine
 10
-3.508655142233365
 20
-3.034437834938901
 30
0.0
 11
-3.519555379165652
 21
-3.026358786920818
 31
0.0
  0
LINE
  5
B0D
330
83
100
AcDbEntity
  8
Edges
100
AcDbLine
 10
-3.477813176431425
 20
-3.066678658588001
 30
0.0
 11
-3.480839178240771
 21
-3.062869469879874
 31
0.0
  0
LINE
  5
B0E
330
83
100
AcDbEntity
  8
Edges
100
AcDbLine
 10
-3.480839178240771
 20
-3.062869469879874
 30
0.0
 11
-3.495936545176149
 21
-3.043864616850715
 31
0.0
  0
LINE
  5
B0F
330
83
100
AcDbEntity
  8
Edges
100
AcDbLine
 10
-3.515410340282528
 20
-3.096314675958755
 30
0.0
 11
-3.517258508957681
 21
-3.109874569522376
 31
0.0
  0
LINE
  5
B10
330
83
100
AcDbEntity
  8
Edges
100
AcDbLine
 10
-3.517258508957681
 20
-3.109874569522376
 30
0.0
 11
-3.521736399597401
 21
-3.142728562385908
 31
0.0
  0
LINE
  5
B11
330
83
100
AcDbEntity
  8
Edges
100
AcDbLine
 10
-3.603764913697105
 20
-3.132297279450053
 30
0.0
 11
-3.635902538136335
 21
-3.128210448704779
 31
0.0
  0
LINE
  5
B12
330
83
100
AcDbEntity
  8
Edges
100
AcDbLine
 10
-3.635902538136335
 20
-3.128210448704779
 30
0.0
 11
-3.637742236738503
 21
-3.127976500585072
 31
0.0
  0
LINE
  5
B13
330
83
100
AcDbEntity
  8
Edges
100
AcDbLine
 10
-3.560186922078543
 20
-3.171227357354787
 30
0.0
 11
-3.606398414534666
 21
-3.165350801403622
 31
0.0
  0
LINE
  5
B14
330
83
100
AcDbEntity
  8
Edges
100
AcDbLine
 10
-3.606398414534666
 20
-3.165350801403622
 30
0.0
 11
-3.608238113136835
 21
-3.165116853283915
 31
0.0
  0
LINE
  5
B15
330
83
100
AcDbEntity
  8
Edges
100
AcDbLine
 10
-3.544914463884197
 20
-3.059174323259911
 30
0.0
 11
-3.546754162486379
 21
-3.072672072448069
 31
0.0
  0
LINE
  5
B16
330
83
100
AcDbEntity
  8
Edges
100
AcDbLine
 10
-3.546754162486379
 20
-3.072672072448069
 30
0.0
 11
-3.549544096777466
 21
-3.093141639184688
 31
0.0
  0
LINE
  5
B17
330
83
100
AcDbEntity
  8
Edges
100
AcDbLine
 10
-16.89801105530101
 20
-2.09951610898304
 30
0.0
 11
-16.92701218806908
 21
-2.134547099336252
 31
0.0
  0
LINE
  5
B18
330
83
100
AcDbEntity
  8
Edges
100
AcDbLine
 10
-16.92701218806908
 20
-2.134547099336252
 30
0.0
 11
-16.92759133546022
 21
-2.136752329006908
 31
0.0
  0
LINE
  5
B19
330
83
100
AcDbEntity
  8
Edges
100
AcDbLine
 10
-16.929289309696
 20
-2.137413583408227
 30
0.0
 11
-16.92759133546022
 21
-2.136752329006908
 31
0.0
  0
LINE
  5
B1A
330
83
100
AcDbEntity
  8
Edges
100
AcDbLine
 10
-16.96582270486098
 20
-2.164491440122257
 30
0.0
 11
-16.96664643874234
 21
-2.16566117498764
 31
0.0
  0
LINE
  5
B1B
330
83
100
AcDbEntity
  8
Edges
100
AcDbLine
 10
-16.96582270486098
 20
-2.164491440122257
 30
0.0
 11
-16.94335948797732
 21
-2.146958373885984
 31
0.0
  0
LINE
  5
B1C
330
83
100
AcDbEntity
  8
Edges
100
AcDbLine
 10
-16.94335948797732
 20
-2.146958373885984
 30
0.0
 11
-16.929289309696
 21
-2.137413583408227
 31
0.0
  0
LINE
  5
B1D
330
83
100
AcDbEntity
  8
Edges
100
AcDbLine
 10
-17.19140478916536
 20
-1.867133320996844
 30
0.0
 11
-17.21811481403344
 21
-1.900756408995944
 31
0.0
  0
LINE
  5
B1E
330
83
100
AcDbEntity
  8
Edges
100
AcDbLine
 10
-17.21811481403344
 20
-1.900756408995944
 30
0.0
 11
-17.22111522973048
 21
-1.904533389418623
 31
0.0
  0
LINE
  5
B1F
330
83
100
AcDbEntity
  8
Edges
100
AcDbLine
 10
-16.89730174750394
 20
-1.904533389418623
 30
0.0
 11
-16.900302163201
 21
-1.900756408995944
 31
0.0
  0
LINE
  5
B20
330
83
100
AcDbEntity
  8
Edges
100
AcDbLine
 10
-16.900302163201
 20
-1.900756408995944
 30
0.0
 11
-16.92701218806908
 21
-1.867133320996844
 31
0.0
  0
LINE
  5
B21
330
83
100
AcDbEntity
  8
Edges
100
AcDbLine
 10
-17.2397919934523
 20
-2.053888695973359
 30
0.0
 11
-17.24605947016818
 21
-2.008395739008285
 31
0.0
  0
LINE
  5
B22
330
83
100
AcDbEntity
  8
Edges
100
AcDbLine
 10
-17.1517705384921
 20
-2.16566117498764
 30
0.0
 11
-17.177055664535
 21
-2.146958373885984
 31
0.0
  0
LINE
  5
B23
330
83
100
AcDbEntity
  8
Edges
100
AcDbLine
 10
-17.177055664535
 20
-2.146958373885984
 30
0.0
 11
-17.19082564177422
 21
-2.136752329006908
 31
0.0
  0
LINE
  5
B24
330
83
100
AcDbEntity
  8
Edges
100
AcDbLine
 10
-16.95893644234184
 20
-1.953117024452646
 30
0.0
 11
-16.9619662270552
 21
-1.975346358163499
 31
0.0
  0
LINE
  5
B25
330
83
100
AcDbEntity
  8
Edges
100
AcDbLine
 10
-16.9619662270552
 20
-1.975346358163499
 30
0.0
 11
-16.96930703138261
 21
-2.029205362857814
 31
0.0
  0
LINE
  5
B26
330
83
100
AcDbEntity
  8
Edges
100
AcDbLine
 10
-17.10378000531654
 20
-2.012104899028544
 30
0.0
 11
-17.15646463554478
 21
-2.005405176495307
 31
0.0
  0
LINE
  5
B27
330
83
100
AcDbEntity
  8
Edges
100
AcDbLine
 10
-17.15646463554478
 20
-2.005405176495307
 30
0.0
 11
-17.15948053489261
 21
-2.005021654987591
 31
0.0
  0
LINE
  5
B28
330
83
100
AcDbEntity
  8
Edges
100
AcDbLine
 10
-17.03234067479431
 20
-2.075924698872371
 30
0.0
 11
-17.10809721980433
 21
-2.066291000591771
 31
0.0
  0
LINE
  5
B29
330
83
100
AcDbEntity
  8
Edges
100
AcDbLine
 10
-17.10809721980433
 20
-2.066291000591771
 30
0.0
 11
-17.11111311915216
 21
-2.065907479084055
 31
0.0
  0
LINE
  5
B2A
330
83
100
AcDbEntity
  8
Edges
100
AcDbLine
 10
-17.00730385808228
 20
-1.892231200356182
 30
0.0
 11
-17.01031975743009
 21
-1.914358658041686
 31
0.0
  0
LINE
  5
B2B
330
83
100
AcDbEntity
  8
Edges
100
AcDbLine
 10
-17.01031975743009
 20
-1.914358658041686
 30
0.0
 11
-17.01489342020237
 21
-1.947915324823028
 31
0.0
  0
LINE
  5
B2C
330
83
100
AcDbEntity
  8
Edges
100
AcDbLine
 10
17.2915897123121
 20
-1.955147935387735
 30
0.0
 11
17.26258857954403
 21
-1.990178925740947
 31
0.0
  0
LINE
  5
B2D
330
83
100
AcDbEntity
  8
Edges
100
AcDbLine
 10
17.26258857954403
 20
-1.990178925740947
 30
0.0
 11
17.26200943215291
 21
-1.992384155411603
 31
0.0
  0
LINE
  5
B2E
330
83
100
AcDbEntity
  8
Edges
100
AcDbLine
 10
17.26031145791712
 20
-1.993045409812921
 30
0.0
 11
17.26200943215291
 21
-1.992384155411603
 31
0.0
  0
LINE
  5
B2F
330
83
100
AcDbEntity
  8
Edges
100
AcDbLine
 10
21.11358775649015
 20
-3.875376195411872
 30
0.0
 11
21.15558134998909
 21
-3.872897793317491
 31
0.0
  0
LINE
  5
B30
330
83
100
AcDbEntity
  8
Edges
100
AcDbLine
 10
21.15558134998909
 20
-3.872897793317491
 30
0.0
 11
21.16112558126554
 21
-3.872570580681887
 31
0.0
  0
LINE
  5
B31
330
83
100
AcDbEntity
  8
Edges
100
AcDbLine
 10
21.15768804011535
 20
-3.501441167171561
 30
0.0
 11
21.15558134998909
 21
-3.500898458895041
 31
0.0
  0
LINE
  5
B32
330
83
100
AcDbEntity
  8
Edges
100
AcDbLine
 10
21.15558134998909
 20
-3.500898458895041
 30
0.0
 11
21.15328841599398
 21
-3.500307771996591
 31
0.0
  0
LINE
  5
B33
330
83
100
AcDbEntity
  8
Edges
100
AcDbLine
 10
-10.72824585418765
 20
-3.185618117522295
 30
0.0
 11
-10.74593654517616
 21
-3.206987021637754
 31
0.0
  0
LINE
  5
B34
330
83
100
AcDbEntity
  8
Edges
100
AcDbLine
 10
-10.74593654517616
 20
-3.206987021637754
 30
0.0
 11
-10.74628982508476
 21
-3.208332211736855
 31
0.0
  0
LINE
  5
B35
330
83
100
AcDbEntity
  8
Edges
100
AcDbLine
 10
-10.74628982508476
 20
-3.208332211736855
 30
0.0
 11
-10.74732558936858
 21
-3.208735576921659
 31
0.0
  0
LINE
  5
B36
330
83
100
AcDbEntity
  8
Edges
100
AcDbLine
 10
-10.92355789527374
 20
-3.064436065767408
 30
0.0
 11
-10.92533940058962
 21
-3.066678658588001
 31
0.0
  0
LINE
  5
B37
330
83
100
AcDbEntity
  8
Edges
100
AcDbLine
 10
-10.88359719785541
 20
-3.026358786920818
 30
0.0
 11
-10.89449743192389
 21
-3.03443783281631
 31
0.0
  0
LINE
  5
B38
330
83
100
AcDbEntity
  8
Edges
100
AcDbLine
 10
-10.89449743192389
 20
-3.03443783281631
 30
0.0
 11
-10.90721603184489
 21
-3.043864616850716
 31
0.0
  0
LINE
  5
B39
330
83
100
AcDbEntity
  8
Edges
100
AcDbLine
 10
-10.74593654517616
 20
-3.043864616850715
 30
0.0
 11
-10.75865514504448
 21
-3.034437832855349
 31
0.0
  0
LINE
  5
B3A
330
83
100
AcDbEntity
  8
Edges
100
AcDbLine
 10
-10.75865514504448
 20
-3.034437832855349
 30
0.0
 11
-10.76955537916565
 21
-3.026358786920818
 31
0.0
  0
LINE
  5
B3B
330
83
100
AcDbEntity
  8
Edges
100
AcDbLine
 10
-10.9068627519363
 20
-3.208332211736855
 30
0.0
 11
-10.92355789527374
 21
-3.187316047342974
 31
0.0
  0
LINE
  5
B3C
330
83
100
AcDbEntity
  8
Edges
100
AcDbLine
 10
-10.92355789527374
 20
-3.187316047342974
 30
0.0
 11
-10.92490672283341
 21
-3.185618117522295
 31
0.0
  0
LINE
  5
B3D
330
83
100
AcDbEntity
  8
Edges
100
AcDbLine
 10
-10.72781317643142
 20
-3.066678658588001
 30
0.0
 11
-10.73083917824078
 21
-3.062869469879874
 31
0.0
  0
LINE
  5
B3E
330
83
100
AcDbEntity
  8
Edges
100
AcDbLine
 10
-10.73083917824078
 20
-3.062869469879874
 30
0.0
 11
-10.74593654517616
 21
-3.043864616850715
 31
0.0
  0
LINE
  5
B3F
330
83
100
AcDbEntity
  8
Edges
100
AcDbLine
 10
-10.76541034028254
 20
-3.096314675958755
 30
0.0
 11
-10.76725850895769
 21
-3.109874569522376
 31
0.0
  0
LINE
  5
B40
330
83
100
AcDbEntity
  8
Edges
100
AcDbLine
 10
-10.76725850895769
 20
-3.109874569522376
 30
0.0
 11
-10.77173639959741
 21
-3.142728562385908
 31
0.0
  0
LINE
  5
B41
330
83
100
AcDbEntity
  8
Edges
100
AcDbLine
 10
-10.8537649136971
 20
-3.132297279450053
 30
0.0
 11
-10.88590253813635
 21
-3.128210448704779
 31
0.0
  0
LINE
  5
B42
330
83
100
AcDbEntity
  8
Edges
100
AcDbLine
 10
-10.88590253813635
 20
-3.128210448704779
 30
0.0
 11
-10.88774223673852
 21
-3.127976500585072
 31
0.0
  0
LINE
  5
B43
330
83
100
AcDbEntity
  8
Edges
100
AcDbLine
 10
-10.81018692207855
 20
-3.171227357354787
 30
0.0
 11
-10.85639841453466
 21
-3.165350801403622
 31
0.0
  0
LINE
  5
B44
330
83
100
AcDbEntity
  8
Edges
100
AcDbLine
 10
-10.85639841453466
 20
-3.165350801403622
 30
0.0
 11
-10.85823811313685
 21
-3.165116853283915
 31
0.0
  0
LINE
  5
B45
330
83
100
AcDbEntity
  8
Edges
100
AcDbLine
 10
-10.79491446388421
 20
-3.059174323259911
 30
0.0
 11
-10.79675416248639
 21
-3.072672072448069
 31
0.0
  0
LINE
  5
B46
330
83
100
AcDbEntity
  8
Edges
100
AcDbLine
 10
-10.79675416248639
 20
-3.072672072448069
 30
0.0
 11
-10.79954409677748
 21
-3.093141639184688
 31
0.0
  0
LINE
  5
B47
330
83
100
AcDbEntity
  8
Edges
100
AcDbLine
 10
10.67794907183061
 20
-0.8484440320037375
 30
0.0
 11
10.66025838084209
 21
-0.8698129361191963
 31
0.0
  0
LINE
  5
B48
330
83
100
AcDbEntity
  8
Edges
100
AcDbLine
 10
10.66025838084209
 20
-0.8698129361191963
 30
0.0
 11
10.6599051009335
 21
-0.8711581262182965
 31
0.0
  0
LINE
  5
B49
330
83
100
AcDbEntity
  8
Edges
100
AcDbLine
 10
10.6599051009335
 20
-0.8711581262182965
 30
0.0
 11
10.65886933664967
 21
-0.8715614914031014
 31
0.0
  0
LINE
  5
B4A
330
83
100
AcDbEntity
  8
Edges
100
AcDbLine
 10
10.49933217408195
 20
-0.8711581262182965
 30
0.0
 11
10.48455965471476
 21
-0.8525621974947226
 31
0.0
  0
LINE
  5
B4B
330
83
100
AcDbEntity
  8
Edges
100
AcDbLine
 10
10.48455965471476
 20
-0.8525621974947226
 30
0.0
 11
10.48128820318484
 21
-0.8484440320037375
 31
0.0
  0
LINE
  5
B4C
330
83
100
AcDbEntity
  8
Edges
100
AcDbLine
 10
10.67838174958682
 20
-0.729504573069443
 30
0.0
 11
10.6739698607879
 21
-0.7239508034244917
 31
0.0
  0
LINE
  5
B4D
330
83
100
AcDbEntity
  8
Edges
100
AcDbLine
 10
10.6739698607879
 20
-0.7239508034244917
 30
0.0
 11
10.66025838084209
 21
-0.7066905313321579
 31
0.0
  0
LINE
  5
B4E
330
83
100
AcDbEntity
  8
Edges
100
AcDbLine
 10
10.64078458573571
 20
-0.7591405904401971
 30
0.0
 11
10.63893641706056
 21
-0.7727004840038179
 31
0.0
  0
LINE
  5
B4F
330
83
100
AcDbEntity
  8
Edges
100
AcDbLine
 10
10.63893641706056
 20
-0.7727004840038179
 30
0.0
 11
10.63445852642084
 21
-0.805554476867349
 31
0.0
  0
LINE
  5
B50
330
83
100
AcDbEntity
  8
Edges
100
AcDbLine
 10
10.55243001232114
 20
-0.7951231939314951
 30
0.0
 11
10.52029238788191
 21
-0.7910363631862203
 31
0.0
  0
LINE
  5
B51
330
83
100
AcDbEntity
  8
Edges
100
AcDbLine
 10
10.52029238788191
 20
-0.7910363631862203
 30
0.0
 11
10.51845268927974
 21
-0.7908024150665134
 31
0.0
  0
LINE
  5
B52
330
83
100
AcDbEntity
  8
Edges
100
AcDbLine
 10
10.5960080039397
 20
-0.834053271836229
 30
0.0
 11
10.54979651148358
 21
-0.8281767158850637
 31
0.0
  0
LINE
  5
B53
330
83
100
AcDbEntity
  8
Edges
100
AcDbLine
 10
10.54979651148358
 20
-0.8281767158850637
 30
0.0
 11
10.54795681288141
 21
-0.8279427677653568
 31
0.0
  0
LINE
  5
B54
330
83
100
AcDbEntity
  8
Edges
100
AcDbLine
 10
10.61128046213403
 20
-0.7220002377413542
 30
0.0
 11
10.60944076353186
 21
-0.7354979869295116
 31
0.0
  0
LINE
  5
B55
330
83
100
AcDbEntity
  8
Edges
100
AcDbLine
 10
10.60944076353186
 20
-0.7354979869295116
 30
0.0
 11
10.60665082924078
 21
-0.7559675536661299
 31
0.0
  0
LINE
  5
B56
330
83
100
AcDbEntity
  8
Edges
100
AcDbLine
 10
10.64675414581236
 20
-3.185618117522295
 30
0.0
 11
10.62906345482385
 21
-3.206987021637754
 31
0.0
  0
LINE
  5
B57
330
83
100
AcDbEntity
  8
Edges
100
AcDbLine
 10
10.62906345482385
 20
-3.206987021637754
 30
0.0
 11
10.62871017491525
 21
-3.208332211736855
 31
0.0
  0
LINE
  5
B58
330
83
100
AcDbEntity
  8
Edges
100
AcDbLine
 10
10.62871017491525
 20
-3.208332211736855
 30
0.0
 11
10.62767441063143
 21
-3.208735576921659
 31
0.0
  0
LINE
  5
B59
330
83
100
AcDbEntity
  8
Edges
100
AcDbLine
 10
10.45144210472625
 20
-3.064436065767421
 30
0.0
 11
10.44966059941038
 21
-3.066678658588001
 31
0.0
  0
LINE
  5
B5A
330
83
100
AcDbEntity
  8
Edges
100
AcDbLine
 10
10.4914028021446
 20
-3.026358786920818
 30
0.0
 11
10.48050255978818
 21
-3.034437838959174
 31
0.0
  0
LINE
  5
B5B
330
83
100
AcDbEntity
  8
Edges
100
AcDbLine
 10
10.48050255978818
 20
-3.034437838959174
 30
0.0
 11
10.46778396815511
 21
-3.043864616850716
 31
0.0
  0
LINE
  5
B5C
330
83
100
AcDbEntity
  8
Edges
100
AcDbLine
 10
10.62906345482385
 20
-3.043864616850715
 30
0.0
 11
10.61634486324345
 21
-3.034437838998213
 31
0.0
  0
LINE
  5
B5D
330
83
100
AcDbEntity
  8
Edges
100
AcDbLine
 10
10.61634486324345
 20
-3.034437838998213
 30
0.0
 11
10.60544462083435
 21
-3.026358786920818
 31
0.0
  0
LINE
  5
B5E
330
83
100
AcDbEntity
  8
Edges
100
AcDbLine
 10
10.46813724806371
 20
-3.208332211736855
 30
0.0
 11
10.45144210472625
 21
-3.186595502709234
 31
0.0
  0
LINE
  5
B5F
330
83
100
AcDbEntity
  8
Edges
100
AcDbLine
 10
10.45144210472625
 20
-3.186595502709234
 30
0.0
 11
10.4500932771666
 21
-3.185618117522295
 31
0.0
  0
LINE
  5
B60
330
83
100
AcDbEntity
  8
Edges
100
AcDbLine
 10
10.64718682356857
 20
-3.066678658588001
 30
0.0
 11
10.64416082175923
 21
-3.062869469879874
 31
0.0
  0
LINE
  5
B61
330
83
100
AcDbEntity
  8
Edges
100
AcDbLine
 10
10.64416082175923
 20
-3.062869469879874
 30
0.0
 11
10.62906345482385
 21
-3.043864616850715
 31
0.0
  0
LINE
  5
B62
330
83
100
AcDbEntity
  8
Edges
100
AcDbLine
 10
10.60958965971747
 20
-3.096314675958755
 30
0.0
 11
10.60774149104232
 21
-3.109874569522376
 31
0.0
  0
LINE
  5
B63
330
83
100
AcDbEntity
  8
Edges
100
AcDbLine
 10
10.60774149104232
 20
-3.109874569522376
 30
0.0
 11
10.6032636004026
 21
-3.142728562385908
 31
0.0
  0
LINE
  5
B64
330
83
100
AcDbEntity
  8
Edges
100
AcDbLine
 10
10.52123508630289
 20
-3.132297279450053
 30
0.0
 11
10.48909746186366
 21
-3.128210448704779
 31
0.0
  0
LINE
  5
B65
330
83
100
AcDbEntity
  8
Edges
100
AcDbLine
 10
10.48909746186366
 20
-3.128210448704779
 30
0.0
 11
10.48725776326149
 21
-3.127976500585072
 31
0.0
  0
LINE
  5
B66
330
83
100
AcDbEntity
  8
Edges
100
AcDbLine
 10
10.56481307792145
 20
-3.171227357354787
 30
0.0
 11
10.51860158546535
 21
-3.165350801403622
 31
0.0
  0
LINE
  5
B67
330
83
100
AcDbEntity
  8
Edges
100
AcDbLine
 10
10.51860158546535
 20
-3.165350801403622
 30
0.0
 11
10.51676188686316
 21
-3.165116853283915
 31
0.0
  0
LINE
  5
B68
330
83
100
AcDbEntity
  8
Edges
100
AcDbLine
 10
10.5800855361158
 20
-3.059174323259911
 30
0.0
 11
10.57824583751362
 21
-3.072672072448069
 31
0.0
  0
LINE
  5
B69
330
83
100
AcDbEntity
  8
Edges
100
AcDbLine
 10
10.57824583751362
 20
-3.072672072448069
 30
0.0
 11
10.57545590322253
 21
-3.093141639184688
 31
0.0
  0
LINE
  5
B6A
330
83
100
AcDbEntity
  8
Edges
100
AcDbLine
 10
21.11358775649015
 20
-2.980919563556376
 30
0.0
 11
21.15558134998909
 21
-2.978441161461995
 31
0.0
  0
LINE
  5
B6B
330
83
100
AcDbEntity
  8
Edges
100
AcDbLine
 10
21.15558134998909
 20
-2.978441161461995
 30
0.0
 11
21.16112558126554
 21
-2.978113948826392
 31
0.0
  0
LINE
  5
B6C
330
83
100
AcDbEntity
  8
Edges
100
AcDbLine
 10
21.15768804011535
 20
-2.606984535316065
 30
0.0
 11
21.15558134998909
 21
-2.606441827039545
 31
0.0
  0
LINE
  5
B6D
330
83
100
AcDbEntity
  8
Edges
100
AcDbLine
 10
21.15558134998909
 20
-2.606441827039545
 30
0.0
 11
21.15328841599398
 21
-2.605851140141095
 31
0.0
  0
LINE
  5
B6E
330
83
100
AcDbEntity
  8
Edges
100
AcDbLine
 10
3.74044907183061
 20
-0.8484440320037375
 30
0.0
 11
3.722758380842094
 21
-0.869812936119195
 31
0.0
  0
LINE
  5
B6F
330
83
100
AcDbEntity
  8
Edges
100
AcDbLine
 10
3.722758380842094
 20
-0.869812936119195
 30
0.0
 11
3.722405100933499
 21
-0.8711581262182965
 31
0.0
  0
LINE
  5
B70
330
83
100
AcDbEntity
  8
Edges
100
AcDbLine
 10
3.722405100933499
 20
-0.8711581262182965
 30
0.0
 11
3.721369336649672
 21
-0.8715614914031014
 31
0.0
  0
LINE
  5
B71
330
83
100
AcDbEntity
  8
Edges
100
AcDbLine
 10
3.561478894173362
 20
-0.7066905313321579
 30
0.0
 11
3.54776741422755
 21
-0.7239508034244917
 31
0.0
  0
LINE
  5
B72
330
83
100
AcDbEntity
  8
Edges
100
AcDbLine
 10
3.54776741422755
 20
-0.7239508034244917
 30
0.0
 11
3.543355525428623
 21
-0.729504573069443
 31
0.0
  0
LINE
  5
B73
330
83
100
AcDbEntity
  8
Edges
100
AcDbLine
 10
3.740881749586819
 20
-0.729504573069443
 30
0.0
 11
3.736469860787906
 21
-0.7239508034244917
 31
0.0
  0
LINE
  5
B74
330
83
100
AcDbEntity
  8
Edges
100
AcDbLine
 10
3.736469860787906
 20
-0.7239508034244917
 30
0.0
 11
3.722758380842094
 21
-0.7066905313321579
 31
0.0
  0
LINE
  5
B75
330
83
100
AcDbEntity
  8
Edges
100
AcDbLine
 10
3.703284585735715
 20
-0.7591405904401971
 30
0.0
 11
3.701436417060563
 21
-0.7727004840038179
 31
0.0
  0
LINE
  5
B76
330
83
100
AcDbEntity
  8
Edges
100
AcDbLine
 10
3.701436417060563
 20
-0.7727004840038179
 30
0.0
 11
3.696958526420843
 21
-0.805554476867349
 31
0.0
  0
LINE
  5
B77
330
83
100
AcDbEntity
  8
Edges
100
AcDbLine
 10
3.614930012321138
 20
-0.7951231939314951
 30
0.0
 11
3.582792387881909
 21
-0.7910363631862203
 31
0.0
  0
LINE
  5
B78
330
83
100
AcDbEntity
  8
Edges
100
AcDbLine
 10
3.582792387881909
 20
-0.7910363631862203
 30
0.0
 11
3.58095268927974
 21
-0.7908024150665134
 31
0.0
  0
LINE
  5
B79
330
83
100
AcDbEntity
  8
Edges
100
AcDbLine
 10
3.658508003939701
 20
-0.834053271836229
 30
0.0
 11
3.612296511483577
 21
-0.8281767158850637
 31
0.0
  0
LINE
  5
B7A
330
83
100
AcDbEntity
  8
Edges
100
AcDbLine
 10
3.612296511483577
 20
-0.8281767158850637
 30
0.0
 11
3.610456812881409
 21
-0.8279427677653568
 31
0.0
  0
LINE
  5
B7B
330
83
100
AcDbEntity
  8
Edges
100
AcDbLine
 10
3.673780462134047
 20
-0.7220002377413542
 30
0.0
 11
3.671940763531864
 21
-0.7354979869295111
 31
0.0
  0
LINE
  5
B7C
330
83
100
AcDbEntity
  8
Edges
100
AcDbLine
 10
3.671940763531864
 20
-0.7354979869295111
 30
0.0
 11
3.669150829240777
 21
-0.7559675536661299
 31
0.0
  0
LINE
  5
B7D
330
83
100
AcDbEntity
  8
Edges
100
AcDbLine
 10
-10.6970509281694
 20
-0.8484440320037375
 30
0.0
 11
-10.71474161915792
 21
-0.8698129361191963
 31
0.0
  0
LINE
  5
B7E
330
83
100
AcDbEntity
  8
Edges
100
AcDbLine
 10
-10.71474161915792
 20
-0.8698129361191963
 30
0.0
 11
-10.71509489906651
 21
-0.8711581262182965
 31
0.0
  0
LINE
  5
B7F
330
83
100
AcDbEntity
  8
Edges
100
AcDbLine
 10
-10.71509489906651
 20
-0.8711581262182965
 30
0.0
 11
-10.71613066335034
 21
-0.8715614914031014
 31
0.0
  0
LINE
  5
B80
330
83
100
AcDbEntity
  8
Edges
100
AcDbLine
 10
-10.87602110582665
 20
-0.7066905313321579
 30
0.0
 11
-10.88973258577246
 21
-0.7239508034244917
 31
0.0
  0
LINE
  5
B81
330
83
100
AcDbEntity
  8
Edges
100
AcDbLine
 10
-10.88973258577246
 20
-0.7239508034244917
 30
0.0
 11
-10.89414447457139
 21
-0.729504573069443
 31
0.0
  0
LINE
  5
B82
330
83
100
AcDbEntity
  8
Edges
100
AcDbLine
 10
-10.69661825041319
 20
-0.729504573069443
 30
0.0
 11
-10.70103013921211
 21
-0.7239508034244917
 31
0.0
  0
LINE
  5
B83
330
83
100
AcDbEntity
  8
Edges
100
AcDbLine
 10
-10.70103013921211
 20
-0.7239508034244917
 30
0.0
 11
-10.71474161915792
 21
-0.7066905313321579
 31
0.0
  0
LINE
  5
B84
330
83
100
AcDbEntity
  8
Edges
100
AcDbLine
 10
-10.7342154142643
 20
-0.7591405904401971
 30
0.0
 11
-10.73606358293945
 21
-0.7727004840038179
 31
0.0
  0
LINE
  5
B85
330
83
100
AcDbEntity
  8
Edges
100
AcDbLine
 10
-10.73606358293945
 20
-0.7727004840038179
 30
0.0
 11
-10.74054147357917
 21
-0.805554476867349
 31
0.0
  0
LINE
  5
B86
330
83
100
AcDbEntity
  8
Edges
100
AcDbLine
 10
-10.82256998767886
 20
-0.7951231939314951
 30
0.0
 11
-10.85470761211809
 21
-0.7910363631862203
 31
0.0
  0
LINE
  5
B87
330
83
100
AcDbEntity
  8
Edges
100
AcDbLine
 10
-10.85470761211809
 20
-0.7910363631862203
 30
0.0
 11
-10.85654731072027
 21
-0.7908024150665134
 31
0.0
  0
LINE
  5
B88
330
83
100
AcDbEntity
  8
Edges
100
AcDbLine
 10
-10.77899199606031
 20
-0.834053271836229
 30
0.0
 11
-10.82520348851642
 21
-0.8281767158850637
 31
0.0
  0
LINE
  5
B89
330
83
100
AcDbEntity
  8
Edges
100
AcDbLine
 10
-10.82520348851642
 20
-0.8281767158850637
 30
0.0
 11
-10.8270431871186
 21
-0.8279427677653568
 31
0.0
  0
LINE
  5
B8A
330
83
100
AcDbEntity
  8
Edges
100
AcDbLine
 10
-10.76371953786597
 20
-0.7220002377413542
 30
0.0
 11
-10.76555923646815
 21
-0.7354979869295116
 31
0.0
  0
LINE
  5
B8B
330
83
100
AcDbEntity
  8
Edges
100
AcDbLine
 10
-10.76555923646815
 20
-0.7354979869295116
 30
0.0
 11
-10.76834917075922
 21
-0.7559675536661299
 31
0.0
  0
LINE
  5
B8C
330
83
100
AcDbEntity
  8
Edges
100
AcDbLine
 10
21.29735879327426
 20
-3.530829599792026
 30
0.0
 11
21.24363079518019
 21
-3.530829599792026
 31
0.0
  0
LINE
  5
B8D
330
83
100
AcDbEntity
  8
Edges
100
AcDbLine
 10
21.24363079518019
 20
-3.530829599792026
 30
0.0
 11
21.15942250356294
 21
-3.530829599792026
 31
0.0
  0
LINE
  5
B8E
330
83
100
AcDbEntity
  8
Edges
100
AcDbLine
 10
-19.70264120672574
 20
-3.530829599792026
 30
0.0
 11
-19.70264120672574
 21
-2.948180453767585
 31
0.0
  0
LINE
  5
B8F
330
83
100
AcDbEntity
  8
Edges
100
AcDbLine
 10
-19.70264120672574
 20
-2.948180453767585
 30
0.0
 11
-19.70264120672574
 21
-2.877627499593841
 31
0.0
  0
LINE
  5
B90
330
83
100
AcDbEntity
  8
Edges
100
AcDbLine
 10
21.29735879327426
 20
-3.530829599792026
 30
0.0
 11
21.29735879327426
 21
-2.948180453767585
 31
0.0
  0
LINE
  5
B91
330
83
100
AcDbEntity
  8
Edges
100
AcDbLine
 10
21.29735879327426
 20
-2.948180453767585
 30
0.0
 11
21.29735879327426
 21
-2.364698820962747
 31
0.0
  0
LINE
  5
B92
330
83
100
AcDbEntity
  8
Edges
100
AcDbLine
 10
24.98293018852141
 20
-0.8302342113655365
 30
0.0
 11
24.98293018852141
 21
-0.8289276755877921
 31
0.0
  0
LINE
  5
B93
330
83
100
AcDbEntity
  8
Edges
100
AcDbLine
 10
24.96966260996247
 20
-0.7945656421716341
 30
0.0
 11
24.96880538506079
 21
-0.7922610780355135
 31
0.0
  0
LINE
  5
B94
330
83
100
AcDbEntity
  8
Edges
100
AcDbLine
 10
24.99183752918666
 20
-0.8473764578751357
 30
0.0
 11
24.98762859081612
 21
-0.8428653999886005
 31
0.0
  0
LINE
  5
B95
330
83
100
AcDbEntity
  8
Edges
100
AcDbLine
 10
24.57108440835734
 20
-0.2294496115955917
 30
0.0
 11
24.09476993129123
 21
0.4299860362870139
 31
0.0
  0
LINE
  5
B96
330
83
100
AcDbEntity
  8
Edges
100
AcDbLine
 10
24.09476993129123
 20
0.4299860362870139
 30
0.0
 11
23.9594607287647
 21
0.6173154497916542
 31
0.0
  0
LINE
  5
B97
330
83
100
AcDbEntity
  8
Edges
100
AcDbLine
 10
-19.70264120672574
 20
-1.272804064155081
 30
0.0
 11
-19.61181540952484
 21
-1.272804064155081
 31
0.0
  0
LINE
  5
B98
330
83
100
AcDbEntity
  8
Edges
100
AcDbLine
 10
-19.70264120672574
 20
-1.853946946825786
 30
0.0
 11
-19.61181139616356
 21
-1.853946946825786
 31
0.0
  0
LINE
  5
B99
330
83
100
AcDbEntity
  8
Edges
100
AcDbLine
 10
1.881038631782487
 20
-0.9194552504296709
 30
0.0
 11
1.881038631782487
 21
-0.9086022770920223
 31
0.0
  0
LINE
  5
B9A
330
83
100
AcDbEntity
  8
Edges
100
AcDbLine
 10
1.881038631782487
 20
-0.9086022770920223
 30
0.0
 11
1.881038631782487
 21
-0.6539932745862913
 31
0.0
  0
LINE
  5
B9B
330
83
100
AcDbEntity
  8
Edges
100
AcDbLine
 10
1.798089495826303
 20
-1.151188513216887
 30
0.0
 11
1.799536829188738
 21
-0.9086022770920223
 31
0.0
  0
LINE
  5
B9C
330
83
100
AcDbEntity
  8
Edges
100
AcDbLine
 10
1.799536829188738
 20
-0.9086022770920223
 30
0.0
 11
1.799536829188738
 21
-0.6522363232099622
 31
0.0
  0
LINE
  5
B9D
330
83
100
AcDbEntity
  8
Edges
100
AcDbLine
 10
1.844124161511174
 20
-2.840333433409583
 30
0.0
 11
1.849638775722539
 21
-2.847071628435834
 31
0.0
  0
LINE
  5
B9E
330
83
100
AcDbEntity
  8
Edges
100
AcDbLine
 10
1.803599027616783
 20
-2.754828779446655
 30
0.0
 11
1.807423273331039
 21
-2.767489045158786
 31
0.0
  0
LINE
  5
B9F
330
83
100
AcDbEntity
  8
Edges
100
AcDbLine
 10
1.865273091134028
 20
-0.9194552504296709
 30
0.0
 11
1.865273091134028
 21
-0.9086022770920223
 31
0.0
  0
LINE
  5
BA0
330
83
100
AcDbEntity
  8
Edges
100
AcDbLine
 10
1.865273091134028
 20
-0.9086022770920223
 30
0.0
 11
1.865273091134028
 21
-0.6594589101783264
 31
0.0
  0
LINE
  5
BA1
330
83
100
AcDbEntity
  8
Edges
100
AcDbLine
 10
1.881038631782487
 20
-2.720850153349793
 30
0.0
 11
1.881443274658494
 21
-2.730983900087196
 31
0.0
  0
LINE
  5
BA2
330
83
100
AcDbEntity
  8
Edges
100
AcDbLine
 10
16.70277644950289
 20
-2.720850153349793
 30
0.0
 11
16.7024500799105
 21
-2.730983900087196
 31
0.0
  0
LINE
  5
BA3
330
83
100
AcDbEntity
  8
Edges
100
AcDbLine
 10
16.76996004481061
 20
-1.151188513216887
 30
0.0
 11
16.76851271144818
 21
-0.930024745126218
 31
0.0
  0
LINE
  5
BA4
330
83
100
AcDbEntity
  8
Edges
100
AcDbLine
 10
16.76851271144818
 20
-0.930024745126218
 30
0.0
 11
16.76851271144818
 21
-0.6522363232099622
 31
0.0
  0
LINE
  5
BA5
330
83
100
AcDbEntity
  8
Edges
100
AcDbLine
 10
16.54349262679189
 20
-2.919820508122924
 30
0.0
 11
15.5709443154852
 21
-2.919820508122924
 31
0.0
  0
LINE
  5
BA6
330
83
100
AcDbEntity
  8
Edges
100
AcDbLine
 10
15.5709443154852
 20
-2.919820508122924
 30
0.0
 11
15.18905585145967
 21
-2.919820508122924
 31
0.0
  0
LINE
  5
BA7
330
83
100
AcDbEntity
  8
Edges
100
AcDbLine
 10
15.18905585145967
 20
-2.919820508122924
 30
0.0
 11
15.15242076542013
 21
-2.919820508122924
 31
0.0
  0
LINE
  5
BA8
330
83
100
AcDbEntity
  8
Edges
100
AcDbLine
 10
16.54197094544575
 20
-2.838637839163169
 30
0.0
 11
16.51603262698001
 21
-2.837412367927655
 31
0.0
  0
LINE
  5
BA9
330
83
100
AcDbEntity
  8
Edges
100
AcDbLine
 10
15.5709443154852
 20
-2.838637839163167
 30
0.0
 11
15.18905585145967
 21
-2.838637839163165
 31
0.0
  0
LINE
  5
BAA
330
83
100
AcDbEntity
  8
Edges
100
AcDbLine
 10
16.68701090885443
 20
-2.720850153349793
 30
0.0
 11
16.68660626597842
 21
-2.730983900087196
 31
0.0
  0
LINE
  5
BAB
330
83
100
AcDbEntity
  8
Edges
100
AcDbLine
 10
21.29583760120545
 20
-1.970175523359927
 30
0.0
 11
21.28428543290856
 21
-1.970175523359927
 31
0.0
  0
LINE
  5
BAC
330
83
100
AcDbEntity
  8
Edges
100
AcDbLine
 10
21.28428543290856
 20
-1.970175523359927
 30
0.0
 11
21.27383961521446
 21
-1.970175523359927
 31
0.0
  0
LINE
  5
BAD
330
83
100
AcDbEntity
  8
Edges
100
AcDbLine
 10
21.27383961521446
 20
-1.970175523359927
 30
0.0
 11
21.27123817204986
 21
-1.970175523359927
 31
0.0
  0
LINE
  5
BAE
330
83
100
AcDbEntity
  8
Edges
100
AcDbLine
 10
-23.37455920672574
 20
0.765795483806464
 30
0.0
 11
-23.37250712576197
 21
0.7713122999701869
 31
0.0
  0
LINE
  5
BAF
330
83
100
AcDbEntity
  8
Edges
100
AcDbLine
 10
-23.37250712576197
 20
0.7713122999701869
 30
0.0
 11
-23.36962235686014
 21
0.7826816137526578
 31
0.0
  0
LINE
  5
BB0
330
83
100
AcDbEntity
  8
Edges
100
AcDbLine
 10
-23.34261994559178
 20
0.8516610199099684
 30
0.0
 11
-23.34255595855616
 21
0.853338031498081
 31
0.0
  0
LINE
  5
BB1
330
83
100
AcDbEntity
  8
Edges
100
AcDbLine
 10
-23.34255595855616
 20
0.853338031498081
 30
0.0
 11
-23.33729377047722
 21
0.8659799135022208
 31
0.0
  0
LINE
  5
BB2
330
83
100
AcDbEntity
  8
Edges
100
AcDbLine
 10
-23.33729377047722
 20
0.8659799135022208
 30
0.0
 11
-23.33590700526145
 21
0.8713673261613443
 31
0.0
  0
LINE
  5
BB3
330
83
100
AcDbEntity
  8
Edges
100
AcDbLine
 10
-23.34961991131486
 20
0.832842306258529
 30
0.0
 11
-23.35111066648244
 21
0.8288345588304499
 31
0.0
  0
LINE
  5
BB4
330
83
100
AcDbEntity
  8
Edges
100
AcDbLine
 10
-23.36372837213634
 20
0.7959269374130753
 30
0.0
 11
-23.36693213335391
 21
0.7924798374611584
 31
0.0
  0
LINE
  5
BB5
330
83
100
AcDbEntity
  8
Edges
100
AcDbLine
 10
-22.31962710451781
 20
-2.365857184915945
 30
0.0
 11
-22.32671244451046
 21
-2.382924554395893
 31
0.0
  0
LINE
  5
BB6
330
83
100
AcDbEntity
  8
Edges
100
AcDbLine
 10
-22.32671244451046
 20
-2.382924554395893
 30
0.0
 11
-22.32764120672573
 21
-2.383846891889277
 31
0.0
  0
LINE
  5
BB7
330
83
100
AcDbEntity
  8
Edges
100
AcDbLine
 10
21.3374563499891
 20
0.3862647060409046
 30
0.0
 11
21.29735879327426
 21
0.3862647060409046
 31
0.0
  0
LINE
  5
BB8
330
83
100
AcDbEntity
  8
Edges
100
AcDbLine
 10
21.29735879327426
 20
0.3862647060409046
 30
0.0
 11
21.15558134998909
 21
0.3862647060409046
 31
0.0
  0
LINE
  5
BB9
330
83
100
AcDbEntity
  8
Edges
100
AcDbLine
 10
21.3374563499891
 20
-0.1948781766297998
 30
0.0
 11
21.29735879327426
 21
-0.1948781766297998
 31
0.0
  0
LINE
  5
BBA
330
83
100
AcDbEntity
  8
Edges
100
AcDbLine
 10
21.29735879327426
 20
-0.1948781766297998
 30
0.0
 11
21.15558134998909
 21
-0.1948781766297998
 31
0.0
  0
LINE
  5
BBB
330
83
100
AcDbEntity
  8
Edges
100
AcDbLine
 10
-2.605217307149771
 20
-0.9086022770920223
 30
0.0
 11
-2.605217307149771
 21
-0.9432820744633767
 31
0.0
  0
LINE
  5
BBC
330
83
100
AcDbEntity
  8
Edges
100
AcDbLine
 10
-2.670953569095061
 20
-0.9086022770920223
 30
0.0
 11
-2.670953569095061
 21
-0.9432820744444851
 31
0.0
  0
LINE
  5
BBD
330
83
100
AcDbEntity
  8
Edges
100
AcDbLine
 10
-6.543664179164053
 20
1.122863181423077
 30
0.0
 11
-6.666723803071647
 21
1.122863181423078
 31
0.0
  0
LINE
  5
BBE
330
83
100
AcDbEntity
  8
Edges
100
AcDbLine
 10
-4.277128746093183
 20
1.203346378730266
 30
0.0
 11
-4.913349218534136
 21
1.203346378730265
 31
0.0
  0
LINE
  5
BBF
330
83
100
AcDbEntity
  8
Edges
100
AcDbLine
 10
-2.686719109743521
 20
0.6257246846567668
 30
0.0
 11
-2.686719109743521
 21
0.6354751885252595
 31
0.0
  0
LINE
  5
BC0
330
83
100
AcDbEntity
  8
Edges
100
AcDbLine
 10
-2.686719109743521
 20
0.6354751885252595
 30
0.0
 11
-2.686719109743521
 21
0.6431778870343341
 31
0.0
  0
LINE
  5
BC1
330
83
100
AcDbEntity
  8
Edges
100
AcDbLine
 10
-2.605217307149771
 20
0.5011657339191516
 30
0.0
 11
-2.60376997378735
 21
0.5078802569790995
 31
0.0
  0
LINE
  5
BC2
330
83
100
AcDbEntity
  8
Edges
100
AcDbLine
 10
-2.60376997378735
 20
0.5078802569790995
 30
0.0
 11
-2.605217307149771
 21
0.5996273158817207
 31
0.0
  0
LINE
  5
BC3
330
83
100
AcDbEntity
  8
Edges
100
AcDbLine
 10
-2.830237391806065
 20
-1.260751737926938
 30
0.0
 11
-2.91835138429505
 21
-1.260751737926938
 31
0.0
  0
LINE
  5
BC4
330
83
100
AcDbEntity
  8
Edges
100
AcDbLine
 10
-2.91835138429505
 20
-1.260751737926938
 30
0.0
 11
-2.968675837903305
 21
-1.260751737926938
 31
0.0
  0
LINE
  5
BC5
330
83
100
AcDbEntity
  8
Edges
100
AcDbLine
 10
-2.968675837903305
 20
-1.260751737926938
 30
0.0
 11
-3.158156152863924
 21
-1.260751737926938
 31
0.0
  0
LINE
  5
BC6
330
83
100
AcDbEntity
  8
Edges
100
AcDbLine
 10
-2.609279505577831
 20
-1.095760009250668
 30
0.0
 11
-2.613103751292072
 21
-1.1084202749628
 31
0.0
  0
LINE
  5
BC7
330
83
100
AcDbEntity
  8
Edges
100
AcDbLine
 10
-2.831759073152198
 20
-1.179569068967182
 30
0.0
 11
-2.857697391617961
 21
-1.178343597731668
 31
0.0
  0
LINE
  5
BC8
330
83
100
AcDbEntity
  8
Edges
100
AcDbLine
 10
-2.886090629507776
 20
-1.179569068967182
 30
0.0
 11
-2.918351384264951
 21
-1.179569068967182
 31
0.0
  0
LINE
  5
BC9
330
83
100
AcDbEntity
  8
Edges
100
AcDbLine
 10
-2.670953569095061
 20
0.5996207450870883
 30
0.0
 11
-2.670953569095061
 21
0.6257246846567668
 31
0.0
  0
LINE
  5
BCA
330
83
100
AcDbEntity
  8
Edges
100
AcDbLine
 10
-2.670953569095061
 20
0.6257246846567668
 30
0.0
 11
-2.670953569095061
 21
0.6354685689097504
 31
0.0
  0
LINE
  5
BCB
330
83
100
AcDbEntity
  8
Edges
100
AcDbLine
 10
-2.646813785463265
 20
1.12090431194186
 30
0.0
 11
-2.655319253683586
 21
1.131296970695743
 31
0.0
  0
LINE
  5
BCC
330
83
100
AcDbEntity
  8
Edges
100
AcDbLine
 10
-5.66886102955776
 20
1.122863181423076
 30
0.0
 11
-5.78815236814043
 21
1.122863181423076
 31
0.0
  0
LINE
  5
BCD
330
83
100
AcDbEntity
  8
Edges
100
AcDbLine
 10
-2.686719109743521
 20
-0.9086022770920223
 30
0.0
 11
-2.686719109743521
 21
-0.9432820744399542
 31
0.0
  0
LINE
  5
BCE
330
83
100
AcDbEntity
  8
Edges
100
AcDbLine
 10
-2.686719109743521
 20
-1.061781383153807
 30
0.0
 11
-2.687123752619527
 21
-1.071915129891209
 31
0.0
  0
LINE
  5
BCF
330
83
100
AcDbEntity
  8
Edges
100
AcDbLine
 10
-2.723452330911513
 20
-1.129077372650975
 30
0.0
 11
-2.728871069287123
 21
-1.133146198143735
 31
0.0
  0
LINE
  5
BD0
330
83
100
AcDbEntity
  8
Edges
100
AcDbLine
 10
-2.728871069287123
 20
-1.133146198143735
 30
0.0
 11
-2.736441316866944
 21
-1.13896707760977
 31
0.0
  0
LINE
  5
BD1
330
83
100
AcDbEntity
  8
Edges
100
AcDbLine
 10
-15.60980530470039
 20
1.122863181423071
 30
0.0
 11
-15.49051396611772
 21
1.122863181423072
 31
0.0
  0
LINE
  5
BD2
330
83
100
AcDbEntity
  8
Edges
100
AcDbLine
 10
-13.34326987162953
 20
1.203346378730266
 30
0.0
 11
-13.22397853304684
 21
1.203346378730265
 31
0.0
  0
LINE
  5
BD3
330
83
100
AcDbEntity
  8
Edges
100
AcDbLine
 10
-16.36531711572402
 20
1.02678361904072
 30
0.0
 11
-16.36218976833831
 21
1.032082913721914
 31
0.0
  0
LINE
  5
BD4
330
83
100
AcDbEntity
  8
Edges
100
AcDbLine
 10
-16.22417310475293
 20
-1.260751737926938
 30
0.0
 11
-16.19838600512469
 21
-1.260751737926938
 31
0.0
  0
LINE
  5
BD5
330
83
100
AcDbEntity
  8
Edges
100
AcDbLine
 10
-16.2226514234068
 20
-1.179569068967182
 30
0.0
 11
-16.19838600509459
 21
-1.179569068967182
 31
0.0
  0
LINE
  5
BD6
330
83
100
AcDbEntity
  8
Edges
100
AcDbLine
 10
-12.69974922857051
 20
-1.179569068967176
 30
0.0
 11
-12.55171773250751
 21
-1.179569068967175
 31
0.0
  0
LINE
  5
BD7
330
83
100
AcDbEntity
  8
Edges
100
AcDbLine
 10
-19.63941865001089
 20
0.3862647060409046
 30
0.0
 11
-19.57764120672574
 21
0.3862647060409046
 31
0.0
  0
LINE
  5
BD8
330
83
100
AcDbEntity
  8
Edges
100
AcDbLine
 10
-19.57764120672574
 20
0.3862647060409046
 30
0.0
 11
-19.46689191887361
 21
0.3862647060409046
 31
0.0
  0
LINE
  5
BD9
330
83
100
AcDbEntity
  8
Edges
100
AcDbLine
 10
-16.36531711572402
 20
4.792147713123174
 30
0.0
 11
-16.36531711572402
 21
2.762225713637869
 31
0.0
  0
LINE
  5
BDA
330
83
100
AcDbEntity
  8
Edges
100
AcDbLine
 10
-16.36531711572402
 20
2.762225713637869
 30
0.0
 11
-16.36531711572402
 21
1.160243770831882
 31
0.0
  0
LINE
  5
BDB
330
83
100
AcDbEntity
  8
Edges
100
AcDbLine
 10
-16.36769138681548
 20
1.005075495609695
 30
0.0
 11
-16.36531711572402
 21
0.6520963836875718
 31
0.0
  0
LINE
  5
BDC
330
83
100
AcDbEntity
  8
Edges
100
AcDbLine
 10
-18.51256121021221
 20
4.792147713123174
 30
0.0
 11
-17.87634073777126
 21
4.792147713123174
 31
0.0
  0
LINE
  5
BDD
330
83
100
AcDbEntity
  8
Edges
100
AcDbLine
 10
-17.87634073777126
 20
4.792147713123174
 30
0.0
 11
-17.75704939918859
 21
4.792147713123175
 31
0.0
  0
LINE
  5
BDE
330
83
100
AcDbEntity
  8
Edges
100
AcDbLine
 10
-19.14878168265315
 20
0.6423872587898738
 30
0.0
 11
-19.14878168265315
 21
0.6528056014076143
 31
0.0
  0
LINE
  5
BDF
330
83
100
AcDbEntity
  8
Edges
100
AcDbLine
 10
-19.14878168265315
 20
0.6528056014076143
 30
0.0
 11
-19.14878168265315
 21
4.463484508279766
 31
0.0
  0
LINE
  5
BE0
330
83
100
AcDbEntity
  8
Edges
100
AcDbLine
 10
20.55392610171023
 20
0.3411077401765419
 30
0.0
 11
20.53547028585078
 21
0.3411075301294368
 31
0.0
  0
LINE
  5
BE1
330
83
100
AcDbEntity
  8
Edges
100
AcDbLine
 10
-17.12082892674763
 20
5.100983072866281
 30
0.0
 11
-17.00153758816496
 21
5.100983072866281
 31
0.0
  0
LINE
  5
BE2
330
83
100
AcDbEntity
  8
Edges
100
AcDbLine
 10
20.53547028585078
 20
0.644290621751515
 30
0.0
 11
20.53547028585078
 21
0.6533904953972716
 31
0.0
  0
LINE
  5
BE3
330
83
100
AcDbEntity
  8
Edges
100
AcDbLine
 10
20.53547028585078
 20
0.6533904953972716
 30
0.0
 11
20.53547028585078
 21
4.463484508279766
 31
0.0
  0
LINE
  5
BE4
330
83
100
AcDbEntity
  8
Edges
100
AcDbLine
 10
-19.14878168265315
 20
0.6423872587898738
 30
0.0
 11
-16.44919318940923
 21
0.641253758946327
 31
0.0
  0
LINE
  5
BE5
330
83
100
AcDbEntity
  8
Edges
100
AcDbLine
 10
-16.44919318940923
 20
0.641253758946327
 30
0.0
 11
-16.44373360386255
 21
0.6425186939078121
 31
0.0
  0
LINE
  5
BE6
330
83
100
AcDbEntity
  8
Edges
100
AcDbLine
 10
-16.36769138681548
 20
0.6412195380712867
 30
0.0
 11
-2.686719109743521
 21
0.6431778870343341
 31
0.0
  0
LINE
  5
BE7
330
83
100
AcDbEntity
  8
Edges
100
AcDbLine
 10
-2.686719109743521
 20
0.6431778870343341
 30
0.0
 11
-2.68125952419686
 21
0.6431781486406054
 31
0.0
  0
LINE
  5
BE8
330
83
100
AcDbEntity
  8
Edges
100
AcDbLine
 10
-2.605217307149771
 20
0.6431817923459185
 30
0.0
 11
20.53547028585078
 21
0.644290621751515
 31
0.0
  0
LINE
  5
BE9
330
83
100
AcDbEntity
  8
Edges
100
AcDbLine
 10
20.53547028585078
 20
0.644290621751515
 30
0.0
 11
20.53967368657958
 21
0.6442908231653371
 31
0.0
  0
LINE
  5
BEA
330
83
100
AcDbEntity
  8
Edges
100
AcDbLine
 10
-16.36531711572402
 20
0.6520963836875718
 30
0.0
 11
-16.36769138681548
 21
0.6528465910424957
 31
0.0
  0
LINE
  5
BEB
330
83
100
AcDbEntity
  8
Edges
100
AcDbLine
 10
-17.75704939918859
 20
0.6520475910666699
 30
0.0
 11
-17.87634073777126
 21
0.6520434088420198
 31
0.0
  0
LINE
  5
BEC
330
83
100
AcDbEntity
  8
Edges
100
AcDbLine
 10
-17.87634073777126
 20
0.6520434088420198
 30
0.0
 11
-18.5125612102122
 21
0.652021103643893
 31
0.0
  0
LINE
  5
BED
330
83
100
AcDbEntity
  8
Edges
100
AcDbLine
 10
-2.686719109743521
 20
0.5996191692121174
 30
0.0
 11
-2.681259524196846
 21
0.599619714935503
 31
0.0
  0
LINE
  5
BEE
330
83
100
AcDbEntity
  8
Edges
100
AcDbLine
 10
-2.68125952419686
 20
0.6354728961613017
 30
0.0
 11
-2.686719109743521
 21
0.6354751885252595
 31
0.0
  0
LINE
  5
BEF
330
83
100
AcDbEntity
  8
Edges
100
AcDbLine
 10
-2.686719109743521
 20
0.6354751885252595
 30
0.0
 11
-16.36769138681548
 21
0.6412195380712867
 31
0.0
  0
LINE
  5
BF0
330
83
100
AcDbEntity
  8
Edges
100
AcDbLine
 10
-16.44373360386254
 20
0.6412514665823692
 30
0.0
 11
-16.44919318940923
 21
0.641253758946327
 31
0.0
  0
LINE
  5
BF1
330
83
100
AcDbEntity
  8
Edges
100
AcDbLine
 10
-2.686719109743521
 20
0.6257246846567668
 30
0.0
 11
-2.68125952419686
 21
0.6257246846567668
 31
0.0
  0
LINE
  5
BF2
330
83
100
AcDbEntity
  8
Edges
100
AcDbLine
 10
19.57745634998909
 20
-7.550247431779681
 30
0.0
 11
19.57745634998909
 21
-7.992067903953675
 31
0.0
  0
LINE
  5
BF3
330
83
100
AcDbEntity
  8
Edges
100
AcDbLine
 10
-17.95264120672574
 20
-7.992067903953675
 30
0.0
 11
-17.95264120672574
 21
-13.14377879844657
 31
0.0
  0
LINE
  5
BF4
330
83
100
AcDbEntity
  8
Edges
100
AcDbLine
 10
-14.73500215509409
 20
2.762225713637869
 30
0.0
 11
-14.09878168265315
 21
2.762225713637869
 31
0.0
  0
LINE
  5
BF5
330
83
100
AcDbEntity
  8
Edges
100
AcDbLine
 10
-14.09878168265315
 20
2.762225713637869
 30
0.0
 11
-14.09280632640983
 21
2.762225713637869
 31
0.0
  0
LINE
  5
BF6
330
83
100
AcDbEntity
  8
Edges
100
AcDbLine
 10
14.72995847482716
 20
2.762225713637869
 30
0.0
 11
15.36617894726811
 21
2.762225713637869
 31
0.0
  0
LINE
  5
BF7
330
83
100
AcDbEntity
  8
Edges
100
AcDbLine
 10
15.36617894726811
 20
2.762225713637869
 30
0.0
 11
15.37215430351142
 21
2.762225713637869
 31
0.0
  0
LINE
  5
BF8
330
83
100
AcDbEntity
  8
Edges
100
AcDbLine
 10
-19.57764120672574
 20
-2.948180453767585
 30
0.0
 11
-19.57764120672574
 21
-3.530829599792026
 31
0.0
  0
LINE
  5
BF9
330
83
100
AcDbEntity
  8
Edges
100
AcDbLine
 10
21.15558134998909
 20
-3.530829599792026
 30
0.0
 11
21.15558134998909
 21
-3.872897793317491
 31
0.0
  0
LINE
  5
BFA
330
83
100
AcDbEntity
  8
Edges
100
AcDbLine
 10
-12.55171773320563
 20
-3.062869469879874
 30
0.0
 11
-12.54395138496306
 21
-3.062869469879874
 31
0.0
  0
LINE
  5
BFB
330
83
100
AcDbEntity
  8
Edges
100
AcDbLine
 10
-12.54395138496306
 20
-3.062869469879874
 30
0.0
 11
-10.92355789527374
 21
-3.062869469879874
 31
0.0
  0
LINE
  5
BFC
330
83
100
AcDbEntity
  8
Edges
100
AcDbLine
 10
11.50673203624298
 20
-0.9086022770920223
 30
0.0
 11
11.46972416222725
 21
-0.9086022770920219
 31
0.0
  0
LINE
  5
BFD
330
83
100
AcDbEntity
  8
Edges
100
AcDbLine
 10
11.46972416222725
 20
-0.9086022770920219
 30
0.0
 11
10.79705965471476
 21
-0.9086022770920223
 31
0.0
  0
LINE
  5
BFE
330
83
100
AcDbEntity
  8
Edges
100
AcDbLine
 10
6.707248615835482
 20
-0.9086022770920223
 30
0.0
 11
6.656924162227241
 21
-0.9086022770920223
 31
0.0
  0
LINE
  5
BFF
330
83
100
AcDbEntity
  8
Edges
100
AcDbLine
 10
6.656924162227241
 20
-0.9086022770920223
 30
0.0
 11
3.797059654714757
 21
-0.9086022770920223
 31
0.0
  0
LINE
  5
C00
330
83
100
AcDbEntity
  8
Edges
100
AcDbLine
 10
3.484559654714757
 20
-0.9086022770920223
 30
0.0
 11
1.894448615835486
 21
-0.9086022770920223
 31
0.0
  0
LINE
  5
C01
330
83
100
AcDbEntity
  8
Edges
100
AcDbLine
 10
1.894448615835486
 20
-0.9086022770920223
 30
0.0
 11
1.881038631782487
 21
-0.9086022770920223
 31
0.0
  0
LINE
  5
C02
330
83
100
AcDbEntity
  8
Edges
100
AcDbLine
 10
1.804996414735398
 20
-0.9086022770920223
 30
0.0
 11
1.799536829188738
 21
-0.9086022770920223
 31
0.0
  0
LINE
  5
C03
330
83
100
AcDbEntity
  8
Edges
100
AcDbLine
 10
1.799536829188738
 20
-0.9086022770920223
 30
0.0
 11
-2.605217307149771
 21
-0.9086022770920223
 31
0.0
  0
LINE
  5
C04
330
83
100
AcDbEntity
  8
Edges
100
AcDbLine
 10
-2.918351384164509
 20
-0.9086022770920223
 30
0.0
 11
-2.968675837772764
 21
-0.9086022770920227
 31
0.0
  0
LINE
  5
C05
330
83
100
AcDbEntity
  8
Edges
100
AcDbLine
 10
-7.731151384164519
 20
-0.9086022770920219
 30
0.0
 11
-7.781475837772745
 21
-0.9086022770920223
 31
0.0
  0
LINE
  5
C06
330
83
100
AcDbEntity
  8
Edges
100
AcDbLine
 10
-7.781475837772745
 20
-0.9086022770920223
 30
0.0
 11
-10.64044034528524
 21
-0.9086022770920223
 31
0.0
  0
LINE
  5
C07
330
83
100
AcDbEntity
  8
Edges
100
AcDbLine
 10
-10.95294034528524
 20
-0.9086022770920223
 30
0.0
 11
-12.5439513841645
 21
-0.9086022770920223
 31
0.0
  0
LINE
  5
C08
330
83
100
AcDbEntity
  8
Edges
100
AcDbLine
 10
-12.5439513841645
 20
-0.9086022770920223
 30
0.0
 11
-12.55171773240707
 21
-0.9086022770920219
 31
0.0
  0
LINE
  5
C09
330
83
100
AcDbEntity
  8
Edges
100
AcDbLine
 10
-10.61105789527374
 20
-3.062869469879874
 30
0.0
 11
-7.781475838571324
 21
-3.062869469879874
 31
0.0
  0
LINE
  5
C0A
330
83
100
AcDbEntity
  8
Edges
100
AcDbLine
 10
-7.781475838571324
 20
-3.062869469879874
 30
0.0
 11
-7.731151384963084
 21
-3.062869469879874
 31
0.0
  0
LINE
  5
C0B
330
83
100
AcDbEntity
  8
Edges
100
AcDbLine
 10
1.84412416142868
 20
-3.062869469879874
 30
0.0
 11
1.894448615036935
 21
-3.062869469879874
 31
0.0
  0
LINE
  5
C0C
330
83
100
AcDbEntity
  8
Edges
100
AcDbLine
 10
3.706660821759228
 20
-3.062869469879874
 30
0.0
 11
6.656924161428676
 21
-3.062869469879874
 31
0.0
  0
LINE
  5
C0D
330
83
100
AcDbEntity
  8
Edges
100
AcDbLine
 10
6.656924161428676
 20
-3.062869469879874
 30
0.0
 11
6.707248615036917
 21
-3.062869469879874
 31
0.0
  0
LINE
  5
C0E
330
83
100
AcDbEntity
  8
Edges
100
AcDbLine
 10
10.76394210472625
 20
-3.062869469879874
 30
0.0
 11
11.46972416142867
 21
-3.062869469879874
 31
0.0
  0
LINE
  5
C0F
330
83
100
AcDbEntity
  8
Edges
100
AcDbLine
 10
11.46972416142867
 20
-3.062869469879874
 30
0.0
 11
11.50673203544441
 21
-3.062869469879874
 31
0.0
  0
LINE
  5
C10
330
83
100
AcDbEntity
  8
Edges
100
AcDbLine
 10
19.57745634998909
 20
-15.55927304143761
 30
0.0
 11
18.01495634998909
 21
-15.55927304143761
 31
0.0
  0
LINE
  5
C11
330
83
100
AcDbEntity
  8
Edges
100
AcDbLine
 10
18.01495634998909
 20
-15.55927304143761
 30
0.0
 11
-16.362499970413
 21
-15.55927304143761
 31
0.0
  0
LINE
  5
C12
330
83
100
AcDbEntity
  8
Edges
100
AcDbLine
 10
-16.19838600509459
 20
-1.179569068967182
 30
0.0
 11
-16.19838600509612
 21
-1.183686576799573
 31
0.0
  0
LINE
  5
C13
330
83
100
AcDbEntity
  8
Edges
100
AcDbLine
 10
3.709254145812366
 20
-3.185618117522295
 30
0.0
 11
3.701442104726254
 21
-3.194731518988877
 31
0.0
  0
LINE
  5
C14
330
83
100
AcDbEntity
  8
Edges
100
AcDbLine
 10
3.701442104726254
 20
-3.194731518988877
 30
0.0
 11
3.69156345482385
 21
-3.206987021637753
 31
0.0
  0
LINE
  5
C15
330
83
100
AcDbEntity
  8
Edges
100
AcDbLine
 10
-10.90721603184489
 20
-3.043864616850716
 30
0.0
 11
-10.92355789527374
 21
-3.062869469879874
 31
0.0
  0
LINE
  5
C16
330
83
100
AcDbEntity
  8
Edges
100
AcDbLine
 10
10.46778396815511
 20
-3.043864616850716
 30
0.0
 11
10.45144210472625
 21
-3.062869469879874
 31
0.0
  0
LINE
  5
C17
330
83
100
AcDbEntity
  8
Edges
100
AcDbLine
 10
21.24363845488148
 20
-2.421689264408864
 30
0.0
 11
21.2436348189437
 21
-2.948180453767585
 31
0.0
  0
LINE
  5
C18
330
83
100
AcDbEntity
  8
Edges
100
AcDbLine
 10
21.2436348189437
 20
-2.948180453767585
 30
0.0
 11
21.24363079518019
 21
-3.530829599792026
 31
0.0
  0
LINE
  5
C19
330
83
100
AcDbEntity
  8
Edges
100
AcDbLine
 10
24.96880538506079
 20
-0.7922610780355135
 30
0.0
 11
24.9651682019353
 21
-0.7813371844652224
 31
0.0
  0
LINE
  5
C1A
330
83
100
AcDbEntity
  8
Edges
100
AcDbLine
 10
24.9651682019353
 20
-0.7813371844652224
 30
0.0
 11
24.9594607287647
 21
-0.7698995350364726
 31
0.0
  0
LINE
  5
C1B
330
83
100
AcDbEntity
  8
Edges
100
AcDbLine
 10
24.96966260996247
 20
-0.7945656421716341
 30
0.0
 11
24.97046702929527
 21
-0.7962373536545333
 31
0.0
  0
LINE
  5
C1C
330
83
100
AcDbEntity
  8
Edges
100
AcDbLine
 10
-19.61181540952484
 20
-1.272804064155081
 30
0.0
 11
-19.57764120672574
 21
-1.272804064155081
 31
0.0
  0
LINE
  5
C1D
330
83
100
AcDbEntity
  8
Edges
100
AcDbLine
 10
-19.57764120672574
 20
-1.272804064155081
 30
0.0
 11
-19.47313682795013
 21
-1.272804064155081
 31
0.0
  0
LINE
  5
C1E
330
83
100
AcDbEntity
  8
Edges
100
AcDbLine
 10
-19.61181139616356
 20
-1.853946946825786
 30
0.0
 11
-19.57764120672574
 21
-1.853946946825786
 31
0.0
  0
LINE
  5
C1F
330
83
100
AcDbEntity
  8
Edges
100
AcDbLine
 10
2.080410151546743
 20
-2.838637839163169
 30
0.0
 11
2.083928930080659
 21
-2.838637839163169
 31
0.0
  0
LINE
  5
C20
330
83
100
AcDbEntity
  8
Edges
100
AcDbLine
 10
15.18905585145967
 20
-2.838637839163165
 30
0.0
 11
15.15340030811461
 21
-2.838637839163165
 31
0.0
  0
LINE
  5
C21
330
83
100
AcDbEntity
  8
Edges
100
AcDbLine
 10
22.08498817204986
 20
-1.970175523359927
 30
0.0
 11
21.33508151007706
 21
-1.970175523359927
 31
0.0
  0
LINE
  5
C22
330
83
100
AcDbEntity
  8
Edges
100
AcDbLine
 10
-23.33590700526145
 20
0.8713673261613443
 30
0.0
 11
-23.32764120672573
 21
0.8891692351595139
 31
0.0
  0
LINE
  5
C23
330
83
100
AcDbEntity
  8
Edges
100
AcDbLine
 10
-4.277128746093183
 20
1.122863181423073
 30
0.0
 11
-4.913349218534136
 21
1.122863181423074
 31
0.0
  0
LINE
  5
C24
330
83
100
AcDbEntity
  8
Edges
100
AcDbLine
 10
-4.913349218534136
 20
1.122863181423074
 30
0.0
 11
-5.032640557116806
 21
1.122863181423074
 31
0.0
  0
LINE
  5
C25
330
83
100
AcDbEntity
  8
Edges
100
AcDbLine
 10
-5.032640557116806
 20
1.122863181423074
 30
0.0
 11
-5.66886102955776
 21
1.122863181423076
 31
0.0
  0
LINE
  5
C26
330
83
100
AcDbEntity
  8
Edges
100
AcDbLine
 10
-6.424372840581384
 20
1.122863181423077
 30
0.0
 11
-6.543664179164053
 21
1.122863181423077
 31
0.0
  0
LINE
  5
C27
330
83
100
AcDbEntity
  8
Edges
100
AcDbLine
 10
-2.884204003024734
 20
1.204045850382826
 30
0.0
 11
-3.402325596486889
 21
1.203346378730266
 31
0.0
  0
LINE
  5
C28
330
83
100
AcDbEntity
  8
Edges
100
AcDbLine
 10
-3.402325596486889
 20
1.203346378730266
 30
0.0
 11
-3.521616935069573
 21
1.203346378730265
 31
0.0
  0
LINE
  5
C29
330
83
100
AcDbEntity
  8
Edges
100
AcDbLine
 10
-3.521616935069573
 20
1.203346378730265
 30
0.0
 11
-4.157837407510513
 21
1.203346378730265
 31
0.0
  0
LINE
  5
C2A
330
83
100
AcDbEntity
  8
Edges
100
AcDbLine
 10
-4.157837407510513
 20
1.203346378730265
 30
0.0
 11
-4.277128746093183
 21
1.203346378730266
 31
0.0
  0
LINE
  5
C2B
330
83
100
AcDbEntity
  8
Edges
100
AcDbLine
 10
-2.686719109743521
 20
0.5996191692121174
 30
0.0
 11
-2.686719109743521
 21
0.6257246846567668
 31
0.0
  0
LINE
  5
C2C
330
83
100
AcDbEntity
  8
Edges
100
AcDbLine
 10
-2.686719109743521
 20
0.6431778870343341
 30
0.0
 11
-2.686719109743521
 21
0.6530482306869541
 31
0.0
  0
LINE
  5
C2D
330
83
100
AcDbEntity
  8
Edges
100
AcDbLine
 10
-2.686719109743521
 20
0.6530482306869541
 30
0.0
 11
-2.686719109743521
 21
1.005075495609695
 31
0.0
  0
LINE
  5
C2E
330
83
100
AcDbEntity
  8
Edges
100
AcDbLine
 10
-2.605217307149771
 20
0.5996273158817207
 30
0.0
 11
-2.605217307149771
 21
0.6257246846567668
 31
0.0
  0
LINE
  5
C2F
330
83
100
AcDbEntity
  8
Edges
100
AcDbLine
 10
-2.605217307149771
 20
0.6257246846567668
 30
0.0
 11
-2.605217307149771
 21
0.6354409676502187
 31
0.0
  0
LINE
  5
C30
330
83
100
AcDbEntity
  8
Edges
100
AcDbLine
 10
-2.605217307149771
 20
0.6354409676502187
 30
0.0
 11
-2.605217307149771
 21
0.6431817923459185
 31
0.0
  0
LINE
  5
C31
330
83
100
AcDbEntity
  8
Edges
100
AcDbLine
 10
-2.670953569095061
 20
0.6354685689097504
 30
0.0
 11
-2.670953569095061
 21
0.643178642469755
 31
0.0
  0
LINE
  5
C32
330
83
100
AcDbEntity
  8
Edges
100
AcDbLine
 10
-15.49051396611772
 20
1.122863181423072
 30
0.0
 11
-14.85429349367677
 21
1.122863181423073
 31
0.0
  0
LINE
  5
C33
330
83
100
AcDbEntity
  8
Edges
100
AcDbLine
 10
-13.97949034407047
 20
1.203346378730265
 30
0.0
 11
-13.34326987162953
 21
1.203346378730266
 31
0.0
  0
LINE
  5
C34
330
83
100
AcDbEntity
  8
Edges
100
AcDbLine
 10
-13.22397853304684
 20
1.203346378730265
 30
0.0
 11
-13.17333613580233
 21
1.204045850382826
 31
0.0
  0
LINE
  5
C35
330
83
100
AcDbEntity
  8
Edges
100
AcDbLine
 10
-16.36531711572402
 20
1.021729748199727
 30
0.0
 11
-16.36531711572402
 21
1.02678361904072
 31
0.0
  0
LINE
  5
C36
330
83
100
AcDbEntity
  8
Edges
100
AcDbLine
 10
-16.36907994010513
 20
0.5982515224910095
 30
0.0
 11
-16.36907994010513
 21
0.6257246846567668
 31
0.0
  0
LINE
  5
C37
330
83
100
AcDbEntity
  8
Edges
100
AcDbLine
 10
-16.36907994010513
 20
0.6257246846567668
 30
0.0
 11
-16.36907994010513
 21
0.6412201210953068
 31
0.0
  0
LINE
  5
C38
330
83
100
AcDbEntity
  8
Edges
100
AcDbLine
 10
-16.36907994010513
 20
0.6412201210953068
 30
0.0
 11
-16.36907994010513
 21
0.6425222710779926
 31
0.0
  0
LINE
  5
C39
330
83
100
AcDbEntity
  8
Edges
100
AcDbLine
 10
-16.44919318940923
 20
0.6257246846567668
 30
0.0
 11
-16.44919318940923
 21
0.641253758946327
 31
0.0
  0
LINE
  5
C3A
330
83
100
AcDbEntity
  8
Edges
100
AcDbLine
 10
-16.44919318940923
 20
0.6528453898124833
 30
0.0
 11
-16.44919318940923
 21
1.006832446986024
 31
0.0
  0
LINE
  5
C3B
330
83
100
AcDbEntity
  8
Edges
100
AcDbLine
 10
-12.69974922860061
 20
-1.260751737926938
 30
0.0
 11
-12.55171773253761
 21
-1.260751737926938
 31
0.0
  0
LINE
  5
C3C
330
83
100
AcDbEntity
  8
Edges
100
AcDbLine
 10
-12.55171773250751
 20
-1.179569068967175
 30
0.0
 11
-12.54395138426494
 21
-1.179569068967175
 31
0.0
  0
LINE
  5
C3D
330
83
100
AcDbEntity
  8
Edges
100
AcDbLine
 10
-12.54395138426494
 20
-1.179569068967175
 30
0.0
 11
-12.38768669348735
 21
-1.179569068967175
 31
0.0
  0
LINE
  5
C3E
330
83
100
AcDbEntity
  8
Edges
100
AcDbLine
 10
-19.7032619880381
 20
-0.3111067531639406
 30
0.0
 11
-19.6896352764245
 21
-0.3111067531639406
 31
0.0
  0
LINE
  5
C3F
330
83
100
AcDbEntity
  8
Edges
100
AcDbLine
 10
-19.65246591086959
 20
-0.3111067531639406
 30
0.0
 11
-19.64202009317549
 21
-0.3111067531639406
 31
0.0
  0
LINE
  5
C40
330
83
100
AcDbEntity
  8
Edges
100
AcDbLine
 10
-19.64202009317549
 20
-0.3111067531639406
 30
0.0
 11
-19.63941865001089
 21
-0.3111067531639406
 31
0.0
  0
LINE
  5
C41
330
83
100
AcDbEntity
  8
Edges
100
AcDbLine
 10
-18.71138010785
 20
4.792147713123174
 30
0.0
 11
-18.63185254879488
 21
4.792147713123175
 31
0.0
  0
LINE
  5
C42
330
83
100
AcDbEntity
  8
Edges
100
AcDbLine
 10
-18.63185254879488
 20
4.792147713123175
 30
0.0
 11
-18.51256121021221
 21
4.792147713123174
 31
0.0
  0
LINE
  5
C43
330
83
100
AcDbEntity
  8
Edges
100
AcDbLine
 10
-17.75704939918859
 20
4.792147713123175
 30
0.0
 11
-17.12082892674763
 21
4.792147713123174
 31
0.0
  0
LINE
  5
C44
330
83
100
AcDbEntity
  8
Edges
100
AcDbLine
 10
-18.51256121021221
 20
5.100983072866281
 30
0.0
 11
-17.87634073777126
 21
5.100983072866281
 31
0.0
  0
LINE
  5
C45
330
83
100
AcDbEntity
  8
Edges
100
AcDbLine
 10
-17.87634073777126
 20
5.100983072866281
 30
0.0
 11
-17.75704939918859
 21
5.100983072866282
 31
0.0
  0
LINE
  5
C46
330
83
100
AcDbEntity
  8
Edges
100
AcDbLine
 10
-17.75704939918859
 20
5.100983072866282
 30
0.0
 11
-17.12082892674763
 21
5.100983072866281
 31
0.0
  0
LINE
  5
C47
330
83
100
AcDbEntity
  8
Edges
100
AcDbLine
 10
-17.00153758816496
 20
5.100983072866281
 30
0.0
 11
-16.36531711572402
 21
5.100983072866281
 31
0.0
  0
LINE
  5
C48
330
83
100
AcDbEntity
  8
Edges
100
AcDbLine
 10
1.886257232365238
 20
0.6527362640428951
 30
0.0
 11
1.766965893782568
 21
0.6527320818182476
 31
0.0
  0
LINE
  5
C49
330
83
100
AcDbEntity
  8
Edges
100
AcDbLine
 10
-16.24602577714134
 20
0.6521005659122224
 30
0.0
 11
-16.36531711572402
 21
0.6520963836875718
 31
0.0
  0
LINE
  5
C4A
330
83
100
AcDbEntity
  8
Edges
100
AcDbLine
 10
-17.12082892674763
 20
0.6520698962647967
 30
0.0
 11
-17.75704939918859
 21
0.6520475910666699
 31
0.0
  0
LINE
  5
C4B
330
83
100
AcDbEntity
  8
Edges
100
AcDbLine
 10
-18.5125612102122
 20
0.652021103643893
 30
0.0
 11
-18.63185254879488
 21
0.6520169214192446
 31
0.0
  0
LINE
  5
C4C
330
83
100
AcDbEntity
  8
Edges
100
AcDbLine
 10
-19.57764120672574
 20
-2.003402770392931
 30
0.0
 11
-19.5756946936364
 21
-2.011050126963857
 31
0.0
  0
LINE
  5
C4D
330
83
100
AcDbEntity
  8
Edges
100
AcDbLine
 10
-2.68125952419686
 20
-0.9086022770920223
 30
0.0
 11
-2.686719109743521
 21
-0.9086022770920223
 31
0.0
  0
LINE
  5
C4E
330
83
100
AcDbEntity
  8
Edges
100
AcDbLine
 10
-2.686719109743521
 20
-0.9086022770920223
 30
0.0
 11
-2.918351384164509
 21
-0.9086022770920223
 31
0.0
  0
LINE
  5
C4F
330
83
100
AcDbEntity
  8
Edges
100
AcDbLine
 10
-2.918351384963074
 20
-3.062869469879874
 30
0.0
 11
1.84412416142868
 21
-3.062869469879874
 31
0.0
  0
LINE
  5
C50
330
83
100
AcDbEntity
  8
Edges
100
AcDbLine
 10
24.98762859081612
 20
-0.8416678582395672
 30
0.0
 11
24.98861531100028
 21
-0.8396657654490287
 31
0.0
  0
LINE
  5
C51
330
83
100
AcDbEntity
  8
Edges
100
AcDbLine
 10
24.98861531100028
 20
-0.8396657654490287
 30
0.0
 11
24.98293018852141
 21
-0.8302342113655365
 31
0.0
  0
LINE
  5
C52
330
83
100
AcDbEntity
  8
Edges
100
AcDbLine
 10
-19.57764120672574
 20
-1.853946946825786
 30
0.0
 11
-19.56642268764106
 21
-1.853946946825786
 31
0.0
  0
LINE
  5
C53
330
83
100
AcDbEntity
  8
Edges
100
AcDbLine
 10
-19.56642268764106
 20
-1.853946946825786
 30
0.0
 11
-19.47313682795013
 21
-1.853946946825786
 31
0.0
  0
LINE
  5
C54
330
83
100
AcDbEntity
  8
Edges
100
AcDbLine
 10
21.33508151007706
 20
-1.970175523359927
 30
0.0
 11
21.32145479846345
 21
-1.970175523359927
 31
0.0
  0
LINE
  5
C55
330
83
100
AcDbEntity
  8
Edges
100
AcDbLine
 10
-23.34645731771097
 20
0.8427591101744432
 30
0.0
 11
-23.34663773609228
 21
0.8408595885985226
 31
0.0
  0
LINE
  5
C56
330
83
100
AcDbEntity
  8
Edges
100
AcDbLine
 10
-4.157837407510513
 20
1.122863181423073
 30
0.0
 11
-4.277128746093183
 21
1.122863181423073
 31
0.0
  0
LINE
  5
C57
330
83
100
AcDbEntity
  8
Edges
100
AcDbLine
 10
-5.66886102955776
 20
1.203346378730265
 30
0.0
 11
-5.78815236814043
 21
1.203346378730265
 31
0.0
  0
LINE
  5
C58
330
83
100
AcDbEntity
  8
Edges
100
AcDbLine
 10
-6.543664179164053
 20
1.204045850382825
 30
0.0
 11
-6.666723803071647
 21
1.204045850382826
 31
0.0
  0
LINE
  5
C59
330
83
100
AcDbEntity
  8
Edges
100
AcDbLine
 10
-2.605217307149771
 20
0.6431817923459185
 30
0.0
 11
-2.605217307149771
 21
0.6530494319169664
 31
0.0
  0
LINE
  5
C5A
330
83
100
AcDbEntity
  8
Edges
100
AcDbLine
 10
-2.605217307149771
 20
0.6530494319169664
 30
0.0
 11
-2.605217307149771
 21
1.006832446986024
 31
0.0
  0
LINE
  5
C5B
330
83
100
AcDbEntity
  8
Edges
100
AcDbLine
 10
-2.918351384264951
 20
-1.179569068967182
 30
0.0
 11
-2.968675837873206
 21
-1.179569068967182
 31
0.0
  0
LINE
  5
C5C
330
83
100
AcDbEntity
  8
Edges
100
AcDbLine
 10
-2.968675837873206
 20
-1.179569068967182
 30
0.0
 11
-3.158156152833839
 21
-1.179569068967182
 31
0.0
  0
LINE
  5
C5D
330
83
100
AcDbEntity
  8
Edges
100
AcDbLine
 10
-2.670953569095061
 20
0.643178642469755
 30
0.0
 11
-2.670953569095061
 21
0.653048463050411
 31
0.0
  0
LINE
  5
C5E
330
83
100
AcDbEntity
  8
Edges
100
AcDbLine
 10
-2.670953569095061
 20
0.653048463050411
 30
0.0
 11
-2.670953569095061
 21
0.9996098600176599
 31
0.0
  0
LINE
  5
C5F
330
83
100
AcDbEntity
  8
Edges
100
AcDbLine
 10
-14.85429349367677
 20
1.122863181423073
 30
0.0
 11
-14.73500215509409
 21
1.122863181423073
 31
0.0
  0
LINE
  5
C60
330
83
100
AcDbEntity
  8
Edges
100
AcDbLine
 10
-16.17020649353426
 20
1.204045850382826
 30
0.0
 11
-15.60980530470039
 21
1.203346378730266
 31
0.0
  0
LINE
  5
C61
330
83
100
AcDbEntity
  8
Edges
100
AcDbLine
 10
-15.60980530470039
 20
1.203346378730266
 30
0.0
 11
-15.49051396611772
 21
1.203346378730265
 31
0.0
  0
LINE
  5
C62
330
83
100
AcDbEntity
  8
Edges
100
AcDbLine
 10
-15.49051396611772
 20
1.203346378730265
 30
0.0
 11
-14.85429349367677
 21
1.203346378730266
 31
0.0
  0
LINE
  5
C63
330
83
100
AcDbEntity
  8
Edges
100
AcDbLine
 10
-14.85429349367677
 20
1.203346378730266
 30
0.0
 11
-14.73500215509409
 21
1.203346378730265
 31
0.0
  0
LINE
  5
C64
330
83
100
AcDbEntity
  8
Edges
100
AcDbLine
 10
-14.73500215509409
 20
1.203346378730265
 30
0.0
 11
-14.09878168265315
 21
1.203346378730266
 31
0.0
  0
LINE
  5
C65
330
83
100
AcDbEntity
  8
Edges
100
AcDbLine
 10
-14.09878168265315
 20
1.203346378730266
 30
0.0
 11
-13.97949034407047
 21
1.203346378730265
 31
0.0
  0
LINE
  5
C66
330
83
100
AcDbEntity
  8
Edges
100
AcDbLine
 10
-12.46846672202323
 20
1.204045850382826
 30
0.0
 11
-12.38768669348735
 21
1.204045850382826
 31
0.0
  0
LINE
  5
C67
330
83
100
AcDbEntity
  8
Edges
100
AcDbLine
 10
-16.36907994010513
 20
0.6425222710779926
 30
0.0
 11
-16.36907994010515
 21
0.6528465705770357
 31
0.0
  0
LINE
  5
C68
330
83
100
AcDbEntity
  8
Edges
100
AcDbLine
 10
-16.36907994010515
 20
0.6528465705770357
 30
0.0
 11
-16.36769138681548
 21
1.005075495609695
 31
0.0
  0
LINE
  5
C69
330
83
100
AcDbEntity
  8
Edges
100
AcDbLine
 10
-16.45064052277165
 20
0.5078802569790995
 30
0.0
 11
-16.44919318940923
 21
0.5982435146169234
 31
0.0
  0
LINE
  5
C6A
330
83
100
AcDbEntity
  8
Edges
100
AcDbLine
 10
-16.44919318940923
 20
0.5982435146169234
 30
0.0
 11
-16.44919318940923
 21
0.6257246846567668
 31
0.0
  0
LINE
  5
C6B
330
83
100
AcDbEntity
  8
Edges
100
AcDbLine
 10
-12.55171773253761
 20
-1.260751737926938
 30
0.0
 11
-12.54395138429504
 21
-1.260751737926938
 31
0.0
  0
LINE
  5
C6C
330
83
100
AcDbEntity
  8
Edges
100
AcDbLine
 10
-12.54395138429504
 20
-1.260751737926938
 30
0.0
 11
-12.38768669348735
 21
-1.260751737926938
 31
0.0
  0
LINE
  5
C6D
330
83
100
AcDbEntity
  8
Edges
100
AcDbLine
 10
-19.66401807916648
 20
-0.3111067531639406
 30
0.0
 11
-19.65246591086959
 21
-0.3111067531639406
 31
0.0
  0
LINE
  5
C6E
330
83
100
AcDbEntity
  8
Edges
100
AcDbLine
 10
-17.12082892674763
 20
4.792147713123174
 30
0.0
 11
-17.00153758816496
 21
4.792147713123174
 31
0.0
  0
LINE
  5
C6F
330
83
100
AcDbEntity
  8
Edges
100
AcDbLine
 10
-18.71138010785
 20
5.102323471902327
 30
0.0
 11
-18.63185254879488
 21
5.100983072866282
 31
0.0
  0
LINE
  5
C70
330
83
100
AcDbEntity
  8
Edges
100
AcDbLine
 10
-18.63185254879488
 20
5.100983072866282
 30
0.0
 11
-18.51256121021221
 21
5.100983072866281
 31
0.0
  0
LINE
  5
C71
330
83
100
AcDbEntity
  8
Edges
100
AcDbLine
 10
-0.380278200705618
 20
0.652656801774568
 30
0.0
 11
-0.499569539288288
 21
0.6526526195499179
 31
0.0
  0
LINE
  5
C72
330
83
100
AcDbEntity
  8
Edges
100
AcDbLine
 10
-17.00153758816496
 20
0.652074078489445
 30
0.0
 11
-17.12082892674763
 21
0.6520698962647967
 31
0.0
  0
LINE
  5
C73
330
83
100
AcDbEntity
  8
Edges
100
AcDbLine
 10
-18.63185254879488
 20
0.6520169214192446
 30
0.0
 11
-19.14878168265315
 21
0.6528056014076143
 31
0.0
  0
LINE
  5
C74
330
83
100
AcDbEntity
  8
Edges
100
AcDbLine
 10
-19.14878168265315
 20
0.6528056014076143
 30
0.0
 11
-19.15428372723055
 21
0.6528055203146708
 31
0.0
  0
LINE
  5
C75
330
83
100
AcDbEntity
  8
Edges
100
AcDbLine
 10
21.15558134998909
 20
-2.606441827039545
 30
0.0
 11
21.15558134998909
 21
-2.978441161461995
 31
0.0
  0
LINE
  5
C76
330
83
100
AcDbEntity
  8
Edges
100
AcDbLine
 10
21.15558134998909
 20
-2.978441161461995
 30
0.0
 11
21.15558134998909
 21
-3.500898458895041
 31
0.0
  0
LINE
  5
C77
330
83
100
AcDbEntity
  8
Edges
100
AcDbLine
 10
21.15558134998909
 20
-3.500898458895041
 30
0.0
 11
21.15558134998909
 21
-3.530829599792026
 31
0.0
  0
LINE
  5
C78
330
83
100
AcDbEntity
  8
Edges
100
AcDbLine
 10
-3.423557895273745
 20
-3.062869469879874
 30
0.0
 11
-2.968675838571328
 21
-3.062869469879874
 31
0.0
  0
LINE
  5
C79
330
83
100
AcDbEntity
  8
Edges
100
AcDbLine
 10
-2.968675838571328
 20
-3.062869469879874
 30
0.0
 11
-2.918351384963074
 21
-3.062869469879874
 31
0.0
  0
LINE
  5
C7A
330
83
100
AcDbEntity
  8
Edges
100
AcDbLine
 10
1.891169039717624
 20
-2.757803946729708
 30
0.0
 11
1.894448615472143
 21
-1.888794763216893
 31
0.0
  0
LINE
  5
C7B
330
83
100
AcDbEntity
  8
Edges
100
AcDbLine
 10
-16.929289309696
 20
-2.137413583408227
 30
0.0
 11
-16.94216712369632
 21
-2.146958373885984
 31
0.0
  0
LINE
  5
C7C
330
83
100
AcDbEntity
  8
Edges
100
AcDbLine
 10
21.32145479846345
 20
-1.970175523359927
 30
0.0
 11
21.30829845930269
 21
-1.970175523359927
 31
0.0
  0
LINE
  5
C7D
330
83
100
AcDbEntity
  8
Edges
100
AcDbLine
 10
21.30829845930269
 20
-1.970175523359927
 30
0.0
 11
21.29583760120545
 21
-1.970175523359927
 31
0.0
  0
LINE
  5
C7E
330
83
100
AcDbEntity
  8
Edges
100
AcDbLine
 10
-3.521616935069573
 20
1.122863181423072
 30
0.0
 11
-4.157837407510513
 21
1.122863181423073
 31
0.0
  0
LINE
  5
C7F
330
83
100
AcDbEntity
  8
Edges
100
AcDbLine
 10
-4.913349218534136
 20
1.203346378730265
 30
0.0
 11
-5.032640557116806
 21
1.203346378730266
 31
0.0
  0
LINE
  5
C80
330
83
100
AcDbEntity
  8
Edges
100
AcDbLine
 10
-5.032640557116806
 20
1.203346378730266
 30
0.0
 11
-5.66886102955776
 21
1.203346378730265
 31
0.0
  0
LINE
  5
C81
330
83
100
AcDbEntity
  8
Edges
100
AcDbLine
 10
-5.78815236814043
 20
1.203346378730265
 30
0.0
 11
-5.88107436075667
 21
1.204045850382826
 31
0.0
  0
LINE
  5
C82
330
83
100
AcDbEntity
  8
Edges
100
AcDbLine
 10
-14.73500215509409
 20
1.122863181423073
 30
0.0
 11
-14.09878168265315
 21
1.122863181423074
 31
0.0
  0
LINE
  5
C83
330
83
100
AcDbEntity
  8
Edges
100
AcDbLine
 10
-13.17333613580233
 20
1.204045850382826
 30
0.0
 11
-12.5877580606059
 21
1.204045850382826
 31
0.0
  0
LINE
  5
C84
330
83
100
AcDbEntity
  8
Edges
100
AcDbLine
 10
-12.5877580606059
 20
1.204045850382826
 30
0.0
 11
-12.46846672202323
 21
1.204045850382826
 31
0.0
  0
LINE
  5
C85
330
83
100
AcDbEntity
  8
Edges
100
AcDbLine
 10
-19.6896352764245
 20
-0.3111067531639406
 30
0.0
 11
-19.67647893726374
 21
-0.3111067531639406
 31
0.0
  0
LINE
  5
C86
330
83
100
AcDbEntity
  8
Edges
100
AcDbLine
 10
-19.67647893726374
 20
-0.3111067531639406
 30
0.0
 11
-19.66401807916648
 21
-0.3111067531639406
 31
0.0
  0
LINE
  5
C87
330
83
100
AcDbEntity
  8
Edges
100
AcDbLine
 10
-14.85429349367677
 20
5.100983072866282
 30
0.0
 11
-14.73500215509409
 21
5.100983072866281
 31
0.0
  0
LINE
  5
C88
330
83
100
AcDbEntity
  8
Edges
100
AcDbLine
 10
-14.73500215509409
 20
5.100983072866281
 30
0.0
 11
-14.09878168265315
 21
5.100983072866282
 31
0.0
  0
LINE
  5
C89
330
83
100
AcDbEntity
  8
Edges
100
AcDbLine
 10
5.544524797213895
 20
0.6528645189268101
 30
0.0
 11
4.908304324772956
 21
0.6528422137286829
 31
0.0
  0
LINE
  5
C8A
330
83
100
AcDbEntity
  8
Edges
100
AcDbLine
 10
4.908304324772956
 20
0.6528422137286829
 30
0.0
 11
4.789012986190272
 21
0.6528380315040341
 31
0.0
  0
LINE
  5
C8B
330
83
100
AcDbEntity
  8
Edges
100
AcDbLine
 10
1.01145404483725
 20
0.6527055943941411
 30
0.0
 11
0.3752335723963114
 21
0.6526832891960144
 31
0.0
  0
LINE
  5
C8C
330
83
100
AcDbEntity
  8
Edges
100
AcDbLine
 10
0.3752335723963114
 20
0.6526832891960144
 30
0.0
 11
0.2559422338136272
 21
0.6526791069713656
 31
0.0
  0
LINE
  5
C8D
330
83
100
AcDbEntity
  8
Edges
100
AcDbLine
 10
0.2559422338136272
 20
0.6526791069713656
 30
0.0
 11
-0.380278200705618
 21
0.652656801774568
 31
0.0
  0
LINE
  5
C8E
330
83
100
AcDbEntity
  8
Edges
100
AcDbLine
 10
-2.010593313022326
 20
0.6525996446990474
 30
0.0
 11
-2.605217307149771
 21
0.6530494319169664
 31
0.0
  0
LINE
  5
C8F
330
83
100
AcDbEntity
  8
Edges
100
AcDbLine
 10
-13.22397853304684
 20
0.6522065156033259
 30
0.0
 11
-13.34326987162953
 21
0.652202333378678
 31
0.0
  0
LINE
  5
C90
330
83
100
AcDbEntity
  8
Edges
100
AcDbLine
 10
-16.44464168082695
 20
0.6528454568957694
 30
0.0
 11
-16.44919318940923
 21
0.6528453898124833
 31
0.0
  0
LINE
  5
C91
330
83
100
AcDbEntity
  8
Edges
100
AcDbLine
 10
-16.44919318940923
 20
0.6528453898124833
 30
0.0
 11
-17.00153758816496
 21
0.652074078489445
 31
0.0
  0
LINE
  5
C92
330
83
100
AcDbEntity
  8
Edges
100
AcDbLine
 10
-19.57764120672574
 20
-0.394079516585144
 30
0.0
 11
-19.5756946936364
 21
-1.116593495108362
 31
0.0
  0
LINE
  5
C93
330
83
100
AcDbEntity
  8
Edges
100
AcDbLine
 10
-2.886090629507776
 20
1.12286318142307
 30
0.0
 11
-3.402325596486889
 21
1.122863181423071
 31
0.0
  0
LINE
  5
C94
330
83
100
AcDbEntity
  8
Edges
100
AcDbLine
 10
-3.402325596486889
 20
1.122863181423071
 30
0.0
 11
-3.521616935069573
 21
1.122863181423072
 31
0.0
  0
LINE
  5
C95
330
83
100
AcDbEntity
  8
Edges
100
AcDbLine
 10
-5.88107436075667
 20
1.204045850382826
 30
0.0
 11
-6.424372840581384
 21
1.204045850382826
 31
0.0
  0
LINE
  5
C96
330
83
100
AcDbEntity
  8
Edges
100
AcDbLine
 10
-6.424372840581384
 20
1.204045850382826
 30
0.0
 11
-6.543664179164053
 21
1.204045850382825
 31
0.0
  0
LINE
  5
C97
330
83
100
AcDbEntity
  8
Edges
100
AcDbLine
 10
-14.09878168265315
 20
1.122863181423074
 30
0.0
 11
-13.97949034407047
 21
1.122863181423075
 31
0.0
  0
LINE
  5
C98
330
83
100
AcDbEntity
  8
Edges
100
AcDbLine
 10
-17.00153758816496
 20
4.792147713123174
 30
0.0
 11
-16.36531711572402
 21
4.792147713123174
 31
0.0
  0
LINE
  5
C99
330
83
100
AcDbEntity
  8
Edges
100
AcDbLine
 10
-13.34326987162953
 20
4.792147713123175
 30
0.0
 11
-13.22397853304684
 21
4.792147713123174
 31
0.0
  0
LINE
  5
C9A
330
83
100
AcDbEntity
  8
Edges
100
AcDbLine
 10
-15.49051396611772
 20
5.100983072866281
 30
0.0
 11
-14.85429349367677
 21
5.100983072866282
 31
0.0
  0
LINE
  5
C9B
330
83
100
AcDbEntity
  8
Edges
100
AcDbLine
 10
-14.09878168265315
 20
5.100983072866282
 30
0.0
 11
-13.97949034407047
 21
5.100983072866281
 31
0.0
  0
LINE
  5
C9C
330
83
100
AcDbEntity
  8
Edges
100
AcDbLine
 10
5.663816135796579
 20
0.6528687011514576
 30
0.0
 11
5.544524797213895
 21
0.6528645189268101
 31
0.0
  0
LINE
  5
C9D
330
83
100
AcDbEntity
  8
Edges
100
AcDbLine
 10
1.766965893782568
 20
0.6527320818182476
 30
0.0
 11
1.130745383419935
 21
0.6527097766187904
 31
0.0
  0
LINE
  5
C9E
330
83
100
AcDbEntity
  8
Edges
100
AcDbLine
 10
1.130745383419935
 20
0.6527097766187904
 30
0.0
 11
1.01145404483725
 21
0.6527055943941411
 31
0.0
  0
LINE
  5
C9F
330
83
100
AcDbEntity
  8
Edges
100
AcDbLine
 10
-1.891301974439642
 20
0.6526038269236976
 30
0.0
 11
-2.010593313022326
 21
0.6525996446990474
 31
0.0
  0
LINE
  5
CA0
330
83
100
AcDbEntity
  8
Edges
100
AcDbLine
 10
-14.09878168265315
 20
0.652175845955902
 30
0.0
 11
-14.73500215509409
 21
0.6521535407577739
 31
0.0
  0
LINE
  5
CA1
330
83
100
AcDbEntity
  8
Edges
100
AcDbLine
 10
-14.73500215509409
 20
0.6521535407577739
 30
0.0
 11
-14.85429349367677
 21
0.6521493585331255
 31
0.0
  0
LINE
  5
CA2
330
83
100
AcDbEntity
  8
Edges
100
AcDbLine
 10
-13.97949034407047
 20
1.122863181423075
 30
0.0
 11
-13.34326987162953
 21
1.122863181423076
 31
0.0
  0
LINE
  5
CA3
330
83
100
AcDbEntity
  8
Edges
100
AcDbLine
 10
-16.36531711572402
 20
5.100983072866281
 30
0.0
 11
-16.24602577714134
 21
5.100983072866282
 31
0.0
  0
LINE
  5
CA4
330
83
100
AcDbEntity
  8
Edges
100
AcDbLine
 10
-13.97949034407047
 20
5.100983072866281
 30
0.0
 11
-13.34326987162953
 21
5.100983072866282
 31
0.0
  0
LINE
  5
CA5
330
83
100
AcDbEntity
  8
Edges
100
AcDbLine
 10
3.397280702725709
 20
0.6527892388831287
 30
0.0
 11
3.277989364143024
 21
0.6527850566584817
 31
0.0
  0
LINE
  5
CA6
330
83
100
AcDbEntity
  8
Edges
100
AcDbLine
 10
3.277989364143024
 20
0.6527850566584817
 30
0.0
 11
2.641769043388876
 21
0.6527627514656711
 31
0.0
  0
LINE
  5
CA7
330
83
100
AcDbEntity
  8
Edges
100
AcDbLine
 10
-1.255081350311911
 20
0.6526261321271427
 30
0.0
 11
-1.891301974439642
 21
0.6526038269236976
 31
0.0
  0
LINE
  5
CA8
330
83
100
AcDbEntity
  8
Edges
100
AcDbLine
 10
-9.565710816511426
 20
0.6523347704925575
 30
0.0
 11
-10.20193128895236
 21
0.6523124652944308
 31
0.0
  0
LINE
  5
CA9
330
83
100
AcDbEntity
  8
Edges
100
AcDbLine
 10
-13.34326987162953
 20
0.652202333378678
 30
0.0
 11
-13.97949034407047
 21
0.6521800281805499
 31
0.0
  0
LINE
  5
CAA
330
83
100
AcDbEntity
  8
Edges
100
AcDbLine
 10
-13.97949034407047
 20
0.6521800281805499
 30
0.0
 11
-14.09878168265315
 21
0.652175845955902
 31
0.0
  0
LINE
  5
CAB
330
83
100
AcDbEntity
  8
Edges
100
AcDbLine
 10
-14.85429349367677
 20
0.6521493585331255
 30
0.0
 11
-15.49051396611772
 21
0.652127053334997
 31
0.0
  0
LINE
  5
CAC
330
83
100
AcDbEntity
  8
Edges
100
AcDbLine
 10
-13.34326987162953
 20
1.122863181423076
 30
0.0
 11
-13.22397853304684
 21
1.122863181423076
 31
0.0
  0
LINE
  5
CAD
330
83
100
AcDbEntity
  8
Edges
100
AcDbLine
 10
-13.97949034407047
 20
4.792147713123174
 30
0.0
 11
-13.34326987162953
 21
4.792147713123175
 31
0.0
  0
LINE
  5
CAE
330
83
100
AcDbEntity
  8
Edges
100
AcDbLine
 10
-11.07673443855866
 20
4.792147713123175
 30
0.0
 11
-10.95744309997599
 21
4.792147713123174
 31
0.0
  0
LINE
  5
CAF
330
83
100
AcDbEntity
  8
Edges
100
AcDbLine
 10
-16.24602577714134
 20
5.100983072866282
 30
0.0
 11
-15.6098053047004
 21
5.100983072866282
 31
0.0
  0
LINE
  5
CB0
330
83
100
AcDbEntity
  8
Edges
100
AcDbLine
 10
-15.6098053047004
 20
5.100983072866282
 30
0.0
 11
-15.49051396611772
 21
5.100983072866281
 31
0.0
  0
LINE
  5
CB1
330
83
100
AcDbEntity
  8
Edges
100
AcDbLine
 10
-13.34326987162953
 20
5.100983072866282
 30
0.0
 11
-13.22397853304684
 21
5.100983072866281
 31
0.0
  0
LINE
  5
CB2
330
83
100
AcDbEntity
  8
Edges
100
AcDbLine
 10
10.19688700193831
 20
0.6530276256881145
 30
0.0
 11
10.07759566335562
 21
0.6530234434634675
 31
0.0
  0
LINE
  5
CB3
330
83
100
AcDbEntity
  8
Edges
100
AcDbLine
 10
4.033501175166662
 20
0.6528115440812572
 30
0.0
 11
3.397280702725709
 21
0.6527892388831287
 31
0.0
  0
LINE
  5
CB4
330
83
100
AcDbEntity
  8
Edges
100
AcDbLine
 10
2.641769043388876
 20
0.6527627514656711
 30
0.0
 11
2.522477704806192
 21
0.6527585692410236
 31
0.0
  0
LINE
  5
CB5
330
83
100
AcDbEntity
  8
Edges
100
AcDbLine
 10
2.522477704806192
 20
0.6527585692410236
 30
0.0
 11
1.886257232365238
 21
0.6527362640428951
 31
0.0
  0
LINE
  5
CB6
330
83
100
AcDbEntity
  8
Edges
100
AcDbLine
 10
-0.499569539288288
 20
0.6526526195499179
 30
0.0
 11
-1.135790011729241
 21
0.6526303143517911
 31
0.0
  0
LINE
  5
CB7
330
83
100
AcDbEntity
  8
Edges
100
AcDbLine
 10
-1.135790011729241
 20
0.6526303143517911
 30
0.0
 11
-1.255081350311911
 21
0.6526261321271427
 31
0.0
  0
LINE
  5
CB8
330
83
100
AcDbEntity
  8
Edges
100
AcDbLine
 10
-9.446420084675864
 20
0.6523389526959358
 30
0.0
 11
-9.565710816511426
 21
0.6523347704925575
 31
0.0
  0
LINE
  5
CB9
330
83
100
AcDbEntity
  8
Edges
100
AcDbLine
 10
-10.95744309997599
 20
0.6522859778716539
 30
0.0
 11
-11.07673443855866
 21
0.6522817956470064
 31
0.0
  0
LINE
  5
CBA
330
83
100
AcDbEntity
  8
Edges
100
AcDbLine
 10
-15.49051396611772
 20
0.652127053334997
 30
0.0
 11
-15.60980530470039
 21
0.6521228711103495
 31
0.0
  0
LINE
  5
CBB
330
83
100
AcDbEntity
  8
Edges
100
AcDbLine
 10
-15.60980530470039
 20
0.6521228711103495
 30
0.0
 11
-16.24602577714134
 21
0.6521005659122224
 31
0.0
  0
LINE
  5
CBC
330
83
100
AcDbEntity
  8
Edges
100
AcDbLine
 10
-16.36531711572402
 20
4.792147713123174
 30
0.0
 11
-16.24602577714134
 21
4.792147713123175
 31
0.0
  0
LINE
  5
CBD
330
83
100
AcDbEntity
  8
Edges
100
AcDbLine
 10
-15.49051396611772
 20
4.792147713123174
 30
0.0
 11
-14.85429349367677
 21
4.792147713123175
 31
0.0
  0
LINE
  5
CBE
330
83
100
AcDbEntity
  8
Edges
100
AcDbLine
 10
-14.85429349367677
 20
4.792147713123175
 30
0.0
 11
-14.73500215509409
 21
4.792147713123174
 31
0.0
  0
LINE
  5
CBF
330
83
100
AcDbEntity
  8
Edges
100
AcDbLine
 10
-14.73500215509409
 20
4.792147713123174
 30
0.0
 11
-14.09878168265315
 21
4.792147713123175
 31
0.0
  0
LINE
  5
CC0
330
83
100
AcDbEntity
  8
Edges
100
AcDbLine
 10
-14.09878168265315
 20
4.792147713123175
 30
0.0
 11
-13.97949034407047
 21
4.792147713123174
 31
0.0
  0
LINE
  5
CC1
330
83
100
AcDbEntity
  8
Edges
100
AcDbLine
 10
-12.46846672202323
 20
4.792147713123175
 30
0.0
 11
-11.83224624958228
 21
4.792147713123174
 31
0.0
  0
LINE
  5
CC2
330
83
100
AcDbEntity
  8
Edges
100
AcDbLine
 10
-11.83224624958228
 20
4.792147713123174
 30
0.0
 11
-11.71295491099961
 21
4.792147713123174
 31
0.0
  0
LINE
  5
CC3
330
83
100
AcDbEntity
  8
Edges
100
AcDbLine
 10
-11.71295491099961
 20
4.792147713123174
 30
0.0
 11
-11.07673443855866
 21
4.792147713123175
 31
0.0
  0
LINE
  5
CC4
330
83
100
AcDbEntity
  8
Edges
100
AcDbLine
 10
-10.95744309997599
 20
4.792147713123174
 30
0.0
 11
-10.32122262753503
 21
4.792147713123174
 31
0.0
  0
LINE
  5
CC5
330
83
100
AcDbEntity
  8
Edges
100
AcDbLine
 10
7.174839757843813
 20
0.6529216759970114
 30
0.0
 11
7.055548419261143
 21
0.6529174937723626
 31
0.0
  0
LINE
  5
CC6
330
83
100
AcDbEntity
  8
Edges
100
AcDbLine
 10
4.789012986190272
 20
0.6528380315040341
 30
0.0
 11
4.152792513749332
 21
0.6528157263059069
 31
0.0
  0
LINE
  5
CC7
330
83
100
AcDbEntity
  8
Edges
100
AcDbLine
 10
4.152792513749332
 20
0.6528157263059069
 30
0.0
 11
4.033501175166662
 21
0.6528115440812572
 31
0.0
  0
LINE
  5
CC8
330
83
100
AcDbEntity
  8
Edges
100
AcDbLine
 10
-10.20193128895236
 20
0.6523124652944308
 30
0.0
 11
-10.32122262753503
 21
0.6523082830697815
 31
0.0
  0
LINE
  5
CC9
330
83
100
AcDbEntity
  8
Edges
100
AcDbLine
 10
-10.32122262753503
 20
0.6523082830697815
 30
0.0
 11
-10.95744309997599
 21
0.6522859778716539
 31
0.0
  0
LINE
  5
CCA
330
83
100
AcDbEntity
  8
Edges
100
AcDbLine
 10
-11.83224624958228
 20
0.6522553082242295
 30
0.0
 11
-12.46846672202323
 21
0.6522330030261028
 31
0.0
  0
LINE
  5
CCB
330
83
100
AcDbEntity
  8
Edges
100
AcDbLine
 10
-12.46846672202323
 20
0.6522330030261028
 30
0.0
 11
-12.5877580606059
 21
0.6522288208014544
 31
0.0
  0
LINE
  5
CCC
330
83
100
AcDbEntity
  8
Edges
100
AcDbLine
 10
-12.5877580606059
 20
0.6522288208014544
 30
0.0
 11
-13.22397853304684
 21
0.6522065156033259
 31
0.0
  0
LINE
  5
CCD
330
83
100
AcDbEntity
  8
Edges
100
AcDbLine
 10
-12.46846672202323
 20
1.122863181423077
 30
0.0
 11
-12.38768669348735
 21
1.122863181423078
 31
0.0
  0
LINE
  5
CCE
330
83
100
AcDbEntity
  8
Edges
100
AcDbLine
 10
-16.24602577714134
 20
4.792147713123175
 30
0.0
 11
-15.6098053047004
 21
4.792147713123175
 31
0.0
  0
LINE
  5
CCF
330
83
100
AcDbEntity
  8
Edges
100
AcDbLine
 10
-15.6098053047004
 20
4.792147713123175
 30
0.0
 11
-15.49051396611772
 21
4.792147713123174
 31
0.0
  0
LINE
  5
CD0
330
83
100
AcDbEntity
  8
Edges
100
AcDbLine
 10
-13.22397853304684
 20
4.792147713123174
 30
0.0
 11
-12.5877580606059
 21
4.792147713123175
 31
0.0
  0
LINE
  5
CD1
330
83
100
AcDbEntity
  8
Edges
100
AcDbLine
 10
-12.5877580606059
 20
4.792147713123175
 30
0.0
 11
-12.46846672202323
 21
4.792147713123175
 31
0.0
  0
LINE
  5
CD2
330
83
100
AcDbEntity
  8
Edges
100
AcDbLine
 10
-10.32122262753503
 20
4.792147713123174
 30
0.0
 11
-10.20193128895236
 21
4.792147713123174
 31
0.0
  0
LINE
  5
CD3
330
83
100
AcDbEntity
  8
Edges
100
AcDbLine
 10
-11.07673443855866
 20
5.100983072866282
 30
0.0
 11
-10.95744309997599
 21
5.100983072866281
 31
0.0
  0
LINE
  5
CD4
330
83
100
AcDbEntity
  8
Edges
100
AcDbLine
 10
11.70791123073267
 20
0.6530806005549401
 30
0.0
 11
11.58861989215
 21
0.6530764183302918
 31
0.0
  0
LINE
  5
CD5
330
83
100
AcDbEntity
  8
Edges
100
AcDbLine
 10
10.83310747437926
 20
0.6530499308862435
 30
0.0
 11
10.19688700193831
 21
0.6530276256881145
 31
0.0
  0
LINE
  5
CD6
330
83
100
AcDbEntity
  8
Edges
100
AcDbLine
 10
7.93035156886745
 20
0.6529481634197865
 30
0.0
 11
7.811060230284766
 21
0.652943981195139
 31
0.0
  0
LINE
  5
CD7
330
83
100
AcDbEntity
  8
Edges
100
AcDbLine
 10
7.811060230284766
 20
0.652943981195139
 30
0.0
 11
7.174839757843813
 21
0.6529216759970114
 31
0.0
  0
LINE
  5
CD8
330
83
100
AcDbEntity
  8
Edges
100
AcDbLine
 10
7.055548419261143
 20
0.6529174937723626
 30
0.0
 11
6.419327946820203
 21
0.6528951885742354
 31
0.0
  0
LINE
  5
CD9
330
83
100
AcDbEntity
  8
Edges
100
AcDbLine
 10
-8.810199612234924
 20
0.652361257894063
 30
0.0
 11
-9.446420084675864
 21
0.6523389526959358
 31
0.0
  0
LINE
  5
CDA
330
83
100
AcDbEntity
  8
Edges
100
AcDbLine
 10
-11.07673443855866
 20
0.6522817956470064
 30
0.0
 11
-11.71295491099961
 21
0.6522594904488779
 31
0.0
  0
LINE
  5
CDB
330
83
100
AcDbEntity
  8
Edges
100
AcDbLine
 10
-11.71295491099961
 20
0.6522594904488779
 30
0.0
 11
-11.83224624958228
 21
0.6522553082242295
 31
0.0
  0
LINE
  5
CDC
330
83
100
AcDbEntity
  8
Edges
100
AcDbLine
 10
-12.5877580606059
 20
1.122863181423077
 30
0.0
 11
-12.46846672202323
 21
1.122863181423077
 31
0.0
  0
LINE
  5
CDD
330
83
100
AcDbEntity
  8
Edges
100
AcDbLine
 10
-10.20193128895236
 20
4.792147713123174
 30
0.0
 11
-9.565710816511426
 21
4.792147713123174
 31
0.0
  0
LINE
  5
CDE
330
83
100
AcDbEntity
  8
Edges
100
AcDbLine
 10
-12.46846672202323
 20
5.100983072866282
 30
0.0
 11
-11.83224624958228
 21
5.100983072866281
 31
0.0
  0
LINE
  5
CDF
330
83
100
AcDbEntity
  8
Edges
100
AcDbLine
 10
-11.83224624958228
 20
5.100983072866281
 30
0.0
 11
-11.71295491099961
 21
5.100983072866281
 31
0.0
  0
LINE
  5
CE0
330
83
100
AcDbEntity
  8
Edges
100
AcDbLine
 10
-11.71295491099961
 20
5.100983072866281
 30
0.0
 11
-11.07673443855866
 21
5.100983072866282
 31
0.0
  0
LINE
  5
CE1
330
83
100
AcDbEntity
  8
Edges
100
AcDbLine
 10
-10.95744309997599
 20
5.100983072866281
 30
0.0
 11
-10.32122262753503
 21
5.100983072866281
 31
0.0
  0
LINE
  5
CE2
330
83
100
AcDbEntity
  8
Edges
100
AcDbLine
 10
12.34413170317361
 20
0.6531029057530678
 30
0.0
 11
11.70791123073267
 21
0.6530806005549401
 31
0.0
  0
LINE
  5
CE3
330
83
100
AcDbEntity
  8
Edges
100
AcDbLine
 10
11.58861989215
 20
0.6530764183302918
 30
0.0
 11
10.95239941970905
 21
0.6530541131321633
 31
0.0
  0
LINE
  5
CE4
330
83
100
AcDbEntity
  8
Edges
100
AcDbLine
 10
10.95239941970905
 20
0.6530541131321633
 30
0.0
 11
10.83310747437926
 21
0.6530499308862435
 31
0.0
  0
LINE
  5
CE5
330
83
100
AcDbEntity
  8
Edges
100
AcDbLine
 10
9.322083852332013
 20
0.6529969560406901
 30
0.0
 11
8.68586337989106
 21
0.6529746508425625
 31
0.0
  0
LINE
  5
CE6
330
83
100
AcDbEntity
  8
Edges
100
AcDbLine
 10
8.68586337989106
 20
0.6529746508425625
 30
0.0
 11
8.56657204130839
 21
0.652970468617915
 31
0.0
  0
LINE
  5
CE7
330
83
100
AcDbEntity
  8
Edges
100
AcDbLine
 10
8.56657204130839
 20
0.652970468617915
 30
0.0
 11
7.93035156886745
 21
0.6529481634197865
 31
0.0
  0
LINE
  5
CE8
330
83
100
AcDbEntity
  8
Edges
100
AcDbLine
 10
6.419327946820203
 20
0.6528951885742354
 30
0.0
 11
6.300036608237519
 21
0.6528910063495852
 31
0.0
  0
LINE
  5
CE9
330
83
100
AcDbEntity
  8
Edges
100
AcDbLine
 10
6.300036608237519
 20
0.6528910063495852
 30
0.0
 11
5.663816135796579
 21
0.6528687011514576
 31
0.0
  0
LINE
  5
CEA
330
83
100
AcDbEntity
  8
Edges
100
AcDbLine
 10
-7.179884651604993
 20
0.6524184149642643
 30
0.0
 11
-7.299175990187677
 21
0.6524142327396146
 31
0.0
  0
LINE
  5
CEB
330
83
100
AcDbEntity
  8
Edges
100
AcDbLine
 10
-7.299175990187677
 20
0.6524142327396146
 30
0.0
 11
-7.935396462628617
 21
0.6523919275414883
 31
0.0
  0
LINE
  5
CEC
330
83
100
AcDbEntity
  8
Edges
100
AcDbLine
 10
-7.935396462628617
 20
0.6523919275414883
 30
0.0
 11
-8.054687801211301
 21
0.6523877453168386
 31
0.0
  0
LINE
  5
CED
330
83
100
AcDbEntity
  8
Edges
100
AcDbLine
 10
-8.054687801211301
 20
0.6523877453168386
 30
0.0
 11
-8.69090827365224
 21
0.6523654401187118
 31
0.0
  0
LINE
  5
CEE
330
83
100
AcDbEntity
  8
Edges
100
AcDbLine
 10
-8.69090827365224
 20
0.6523654401187118
 30
0.0
 11
-8.810199612234924
 21
0.652361257894063
 31
0.0
  0
LINE
  5
CEF
330
83
100
AcDbEntity
  8
Edges
100
AcDbLine
 10
-9.565710816511426
 20
4.792147713123174
 30
0.0
 11
-9.446420084675864
 21
4.792147713123175
 31
0.0
  0
LINE
  5
CF0
330
83
100
AcDbEntity
  8
Edges
100
AcDbLine
 10
-13.22397853304684
 20
5.100983072866281
 30
0.0
 11
-12.5877580606059
 21
5.100983072866282
 31
0.0
  0
LINE
  5
CF1
330
83
100
AcDbEntity
  8
Edges
100
AcDbLine
 10
-12.5877580606059
 20
5.100983072866282
 30
0.0
 11
-12.46846672202323
 21
5.100983072866282
 31
0.0
  0
LINE
  5
CF2
330
83
100
AcDbEntity
  8
Edges
100
AcDbLine
 10
-10.32122262753503
 20
5.100983072866281
 30
0.0
 11
-10.20193128895236
 21
5.100983072866281
 31
0.0
  0
LINE
  5
CF3
330
83
100
AcDbEntity
  8
Edges
100
AcDbLine
 10
12.4634230417563
 20
0.6531070879777153
 30
0.0
 11
12.34413170317361
 21
0.6531029057530678
 31
0.0
  0
LINE
  5
CF4
330
83
100
AcDbEntity
  8
Edges
100
AcDbLine
 10
10.07759566335562
 20
0.6530234434634675
 30
0.0
 11
9.441375190914683
 21
0.6530011382653385
 31
0.0
  0
LINE
  5
CF5
330
83
100
AcDbEntity
  8
Edges
100
AcDbLine
 10
9.441375190914683
 20
0.6530011382653385
 30
0.0
 11
9.322083852332013
 21
0.6529969560406901
 31
0.0
  0
LINE
  5
CF6
330
83
100
AcDbEntity
  8
Edges
100
AcDbLine
 10
-10.20193128895236
 20
5.100983072866281
 30
0.0
 11
-9.565710816511426
 21
5.100983072866281
 31
0.0
  0
LINE
  5
CF7
330
83
100
AcDbEntity
  8
Edges
100
AcDbLine
 10
-9.446420084675864
 20
4.792147713123175
 30
0.0
 11
-8.810199612234924
 21
4.792147713123175
 31
0.0
  0
LINE
  5
CF8
330
83
100
AcDbEntity
  8
Edges
100
AcDbLine
 10
-9.565710816511426
 20
5.100983072866281
 30
0.0
 11
-9.446420084675864
 21
5.100983072866282
 31
0.0
  0
LINE
  5
CF9
330
83
100
AcDbEntity
  8
Edges
100
AcDbLine
 10
13.21893485277992
 20
0.6531335754004921
 30
0.0
 11
13.09964351419724
 21
0.6531293931758438
 31
0.0
  0
LINE
  5
CFA
330
83
100
AcDbEntity
  8
Edges
100
AcDbLine
 10
13.09964351419724
 20
0.6531293931758438
 30
0.0
 11
12.4634230417563
 21
0.6531070879777153
 31
0.0
  0
LINE
  5
CFB
330
83
100
AcDbEntity
  8
Edges
100
AcDbLine
 10
-3.402325596486889
 20
0.6525508520781452
 30
0.0
 11
-3.521616935069573
 21
0.6525466698534954
 31
0.0
  0
LINE
  5
CFC
330
83
100
AcDbEntity
  8
Edges
100
AcDbLine
 10
-3.521616935069573
 20
0.6525466698534954
 30
0.0
 11
-4.157837407510513
 21
0.6525243646553678
 31
0.0
  0
LINE
  5
CFD
330
83
100
AcDbEntity
  8
Edges
100
AcDbLine
 10
-4.157837407510513
 20
0.6525243646553678
 30
0.0
 11
-4.277128746093183
 21
0.6525201824307203
 31
0.0
  0
LINE
  5
CFE
330
83
100
AcDbEntity
  8
Edges
100
AcDbLine
 10
-4.277128746093183
 20
0.6525201824307203
 30
0.0
 11
-4.913349218534136
 21
0.6524978772325918
 31
0.0
  0
LINE
  5
CFF
330
83
100
AcDbEntity
  8
Edges
100
AcDbLine
 10
-4.913349218534136
 20
0.6524978772325918
 30
0.0
 11
-5.032640557116806
 21
0.6524936950079439
 31
0.0
  0
LINE
  5
D00
330
83
100
AcDbEntity
  8
Edges
100
AcDbLine
 10
-6.543664179164053
 20
0.6524407201623906
 30
0.0
 11
-7.179884651604993
 21
0.6524184149642643
 31
0.0
  0
LINE
  5
D01
330
83
100
AcDbEntity
  8
Edges
100
AcDbLine
 10
-8.810199612234924
 20
4.792147713123175
 30
0.0
 11
-8.69090827365224
 21
4.792147713123175
 31
0.0
  0
LINE
  5
D02
330
83
100
AcDbEntity
  8
Edges
100
AcDbLine
 10
-8.69090827365224
 20
4.792147713123175
 30
0.0
 11
-8.054687801211301
 21
4.792147713123174
 31
0.0
  0
LINE
  5
D03
330
83
100
AcDbEntity
  8
Edges
100
AcDbLine
 10
-4.913349218534136
 20
4.792147713123174
 30
0.0
 11
-4.277128746093183
 21
4.792147713123175
 31
0.0
  0
LINE
  5
D04
330
83
100
AcDbEntity
  8
Edges
100
AcDbLine
 10
14.72995847482716
 20
0.6531865502460433
 30
0.0
 11
14.6106671362445
 21
0.6531823680213962
 31
0.0
  0
LINE
  5
D05
330
83
100
AcDbEntity
  8
Edges
100
AcDbLine
 10
-2.766105124045935
 20
0.6525731572762714
 30
0.0
 11
-3.402325596486889
 21
0.6525508520781452
 31
0.0
  0
LINE
  5
D06
330
83
100
AcDbEntity
  8
Edges
100
AcDbLine
 10
-6.424372840581384
 20
0.6524449023870407
 30
0.0
 11
-6.543664179164053
 21
0.6524407201623906
 31
0.0
  0
LINE
  5
D07
330
83
100
AcDbEntity
  8
Edges
100
AcDbLine
 10
-8.054687801211301
 20
4.792147713123174
 30
0.0
 11
-7.935396462628617
 21
4.792147713123175
 31
0.0
  0
LINE
  5
D08
330
83
100
AcDbEntity
  8
Edges
100
AcDbLine
 10
-7.935396462628617
 20
4.792147713123175
 30
0.0
 11
-7.299175990187677
 21
4.792147713123174
 31
0.0
  0
LINE
  5
D09
330
83
100
AcDbEntity
  8
Edges
100
AcDbLine
 10
-9.446420084675864
 20
5.100983072866282
 30
0.0
 11
-8.810199612234924
 21
5.100983072866282
 31
0.0
  0
LINE
  5
D0A
330
83
100
AcDbEntity
  8
Edges
100
AcDbLine
 10
16.12169075829173
 20
0.6532353428669469
 30
0.0
 11
15.48547028585078
 21
0.6532130376688201
 31
0.0
  0
LINE
  5
D0B
330
83
100
AcDbEntity
  8
Edges
100
AcDbLine
 10
15.48547028585078
 20
0.6532130376688201
 30
0.0
 11
15.36617894726811
 21
0.6532088554441727
 31
0.0
  0
LINE
  5
D0C
330
83
100
AcDbEntity
  8
Edges
100
AcDbLine
 10
15.36617894726811
 20
0.6532088554441727
 30
0.0
 11
14.72995847482716
 21
0.6531865502460433
 31
0.0
  0
LINE
  5
D0D
330
83
100
AcDbEntity
  8
Edges
100
AcDbLine
 10
14.6106671362445
 20
0.6531823680213962
 30
0.0
 11
13.97444666380353
 21
0.6531600628232673
 31
0.0
  0
LINE
  5
D0E
330
83
100
AcDbEntity
  8
Edges
100
AcDbLine
 10
-2.68125952419686
 20
0.653048311154107
 30
0.0
 11
-2.686719109743521
 21
0.6530482306869541
 31
0.0
  0
LINE
  5
D0F
330
83
100
AcDbEntity
  8
Edges
100
AcDbLine
 10
-2.686719109743521
 20
0.6530482306869541
 30
0.0
 11
-2.766105124045935
 21
0.6525731572762714
 31
0.0
  0
LINE
  5
D10
330
83
100
AcDbEntity
  8
Edges
100
AcDbLine
 10
-5.78815236814043
 20
0.6524672075851666
 30
0.0
 11
-6.424372840581384
 21
0.6524449023870407
 31
0.0
  0
LINE
  5
D11
330
83
100
AcDbEntity
  8
Edges
100
AcDbLine
 10
-7.299175990187677
 20
4.792147713123174
 30
0.0
 11
-7.179884651604993
 21
4.792147713123175
 31
0.0
  0
LINE
  5
D12
330
83
100
AcDbEntity
  8
Edges
100
AcDbLine
 10
-7.179884651604993
 20
4.792147713123175
 30
0.0
 11
-6.543664179164053
 21
4.792147713123174
 31
0.0
  0
LINE
  5
D13
330
83
100
AcDbEntity
  8
Edges
100
AcDbLine
 10
-4.277128746093183
 20
4.792147713123175
 30
0.0
 11
-4.157837407510513
 21
4.792147713123174
 31
0.0
  0
LINE
  5
D14
330
83
100
AcDbEntity
  8
Edges
100
AcDbLine
 10
-4.157837407510513
 20
4.792147713123174
 30
0.0
 11
-3.521616935069573
 21
4.792147713123174
 31
0.0
  0
LINE
  5
D15
330
83
100
AcDbEntity
  8
Edges
100
AcDbLine
 10
-8.810199612234924
 20
5.100983072866282
 30
0.0
 11
-8.69090827365224
 21
5.100983072866282
 31
0.0
  0
LINE
  5
D16
330
83
100
AcDbEntity
  8
Edges
100
AcDbLine
 10
-8.69090827365224
 20
5.100983072866282
 30
0.0
 11
-8.054687801211301
 21
5.100983072866281
 31
0.0
  0
LINE
  5
D17
330
83
100
AcDbEntity
  8
Edges
100
AcDbLine
 10
-4.913349218534136
 20
5.100983072866281
 30
0.0
 11
-4.277128746093183
 21
5.102323471902327
 31
0.0
  0
LINE
  5
D18
330
83
100
AcDbEntity
  8
Edges
100
AcDbLine
 10
16.24098209687442
 20
0.6532395250915975
 30
0.0
 11
16.12169075829173
 21
0.6532353428669469
 31
0.0
  0
LINE
  5
D19
330
83
100
AcDbEntity
  8
Edges
100
AcDbLine
 10
13.97444666380353
 20
0.6531600628232673
 30
0.0
 11
13.85515532522086
 21
0.6531558805986198
 31
0.0
  0
LINE
  5
D1A
330
83
100
AcDbEntity
  8
Edges
100
AcDbLine
 10
13.85515532522086
 20
0.6531558805986198
 30
0.0
 11
13.21893485277992
 21
0.6531335754004921
 31
0.0
  0
LINE
  5
D1B
330
83
100
AcDbEntity
  8
Edges
100
AcDbLine
 10
-5.032640557116806
 20
0.6524936950079439
 30
0.0
 11
-5.66886102955776
 21
0.6524713898098158
 31
0.0
  0
LINE
  5
D1C
330
83
100
AcDbEntity
  8
Edges
100
AcDbLine
 10
-5.66886102955776
 20
0.6524713898098158
 30
0.0
 11
-5.78815236814043
 21
0.6524672075851666
 31
0.0
  0
LINE
  5
D1D
330
83
100
AcDbEntity
  8
Edges
100
AcDbLine
 10
-6.543664179164053
 20
4.792147713123174
 30
0.0
 11
-6.424372840581384
 21
4.792147713123175
 31
0.0
  0
LINE
  5
D1E
330
83
100
AcDbEntity
  8
Edges
100
AcDbLine
 10
-6.424372840581384
 20
4.792147713123175
 30
0.0
 11
-5.78815236814043
 21
4.792147713123174
 31
0.0
  0
LINE
  5
D1F
330
83
100
AcDbEntity
  8
Edges
100
AcDbLine
 10
-5.78815236814043
 20
4.792147713123174
 30
0.0
 11
-5.66886102955776
 21
4.792147713123174
 31
0.0
  0
LINE
  5
D20
330
83
100
AcDbEntity
  8
Edges
100
AcDbLine
 10
-8.054687801211301
 20
5.100983072866281
 30
0.0
 11
-7.935396462628617
 21
5.100983072866282
 31
0.0
  0
LINE
  5
D21
330
83
100
AcDbEntity
  8
Edges
100
AcDbLine
 10
-7.935396462628617
 20
5.100983072866282
 30
0.0
 11
-7.299175990187677
 21
5.100983072866281
 31
0.0
  0
LINE
  5
D22
330
83
100
AcDbEntity
  8
Edges
100
AcDbLine
 10
-5.66886102955776
 20
4.792147713123174
 30
0.0
 11
-5.032640557116806
 21
4.792147713123175
 31
0.0
  0
LINE
  5
D23
330
83
100
AcDbEntity
  8
Edges
100
AcDbLine
 10
-5.032640557116806
 20
4.792147713123175
 30
0.0
 11
-4.913349218534136
 21
4.792147713123174
 31
0.0
  0
LINE
  5
D24
330
83
100
AcDbEntity
  8
Edges
100
AcDbLine
 10
-1.135790011729241
 20
4.792147713123174
 30
0.0
 11
-0.499569539288288
 21
4.792147713123174
 31
0.0
  0
LINE
  5
D25
330
83
100
AcDbEntity
  8
Edges
100
AcDbLine
 10
-7.299175990187677
 20
5.100983072866281
 30
0.0
 11
-7.179884651604993
 21
5.100983072866282
 31
0.0
  0
LINE
  5
D26
330
83
100
AcDbEntity
  8
Edges
100
AcDbLine
 10
-7.179884651604993
 20
5.100983072866282
 30
0.0
 11
-6.543664179164053
 21
5.100983072866281
 31
0.0
  0
LINE
  5
D27
330
83
100
AcDbEntity
  8
Edges
100
AcDbLine
 10
-4.277128746093183
 20
5.102323471902327
 30
0.0
 11
-4.157837407510513
 21
5.100983072866281
 31
0.0
  0
LINE
  5
D28
330
83
100
AcDbEntity
  8
Edges
100
AcDbLine
 10
-4.157837407510513
 20
5.100983072866281
 30
0.0
 11
-3.521616935069573
 21
5.100983072866281
 31
0.0
  0
LINE
  5
D29
330
83
100
AcDbEntity
  8
Edges
100
AcDbLine
 10
16.99649390789803
 20
0.6532660125143735
 30
0.0
 11
16.87720256931536
 21
0.6532618302897229
 31
0.0
  0
LINE
  5
D2A
330
83
100
AcDbEntity
  8
Edges
100
AcDbLine
 10
16.87720256931536
 20
0.6532618302897229
 30
0.0
 11
16.24098209687442
 21
0.6532395250915975
 31
0.0
  0
LINE
  5
D2B
330
83
100
AcDbEntity
  8
Edges
100
AcDbLine
 10
-3.521616935069573
 20
4.792147713123174
 30
0.0
 11
-3.402325596486889
 21
4.792147713123175
 31
0.0
  0
LINE
  5
D2C
330
83
100
AcDbEntity
  8
Edges
100
AcDbLine
 10
-3.402325596486889
 20
4.792147713123175
 30
0.0
 11
-2.766105124045935
 21
4.792147713123174
 31
0.0
  0
LINE
  5
D2D
330
83
100
AcDbEntity
  8
Edges
100
AcDbLine
 10
-2.766105124045935
 20
4.792147713123174
 30
0.0
 11
-2.646813785463265
 21
4.792147713123174
 31
0.0
  0
LINE
  5
D2E
330
83
100
AcDbEntity
  8
Edges
100
AcDbLine
 10
-2.646813785463265
 20
4.792147713123174
 30
0.0
 11
-2.010593313022326
 21
4.792147713123174
 31
0.0
  0
LINE
  5
D2F
330
83
100
AcDbEntity
  8
Edges
100
AcDbLine
 10
-2.010593313022326
 20
4.792147713123174
 30
0.0
 11
-1.891301974439642
 21
4.792147713123175
 31
0.0
  0
LINE
  5
D30
330
83
100
AcDbEntity
  8
Edges
100
AcDbLine
 10
-0.499569539288288
 20
4.792147713123174
 30
0.0
 11
-0.380278200705618
 21
4.792147713123175
 31
0.0
  0
LINE
  5
D31
330
83
100
AcDbEntity
  8
Edges
100
AcDbLine
 10
1.01145404483725
 20
4.792147713123174
 30
0.0
 11
1.130745383419935
 21
4.792147713123175
 31
0.0
  0
LINE
  5
D32
330
83
100
AcDbEntity
  8
Edges
100
AcDbLine
 10
1.130745383419935
 20
4.792147713123175
 30
0.0
 11
1.766965893782568
 21
4.792147713123175
 31
0.0
  0
LINE
  5
D33
330
83
100
AcDbEntity
  8
Edges
100
AcDbLine
 10
-6.543664179164053
 20
5.100983072866281
 30
0.0
 11
-6.424372840581384
 21
5.100983072866282
 31
0.0
  0
LINE
  5
D34
330
83
100
AcDbEntity
  8
Edges
100
AcDbLine
 10
-6.424372840581384
 20
5.100983072866282
 30
0.0
 11
-5.78815236814043
 21
5.100983072866281
 31
0.0
  0
LINE
  5
D35
330
83
100
AcDbEntity
  8
Edges
100
AcDbLine
 10
-5.78815236814043
 20
5.100983072866281
 30
0.0
 11
-5.66886102955776
 21
5.100983072866281
 31
0.0
  0
LINE
  5
D36
330
83
100
AcDbEntity
  8
Edges
100
AcDbLine
 10
-0.499569539288288
 20
5.100983072866281
 30
0.0
 11
-0.380278200705618
 21
5.100983072866282
 31
0.0
  0
LINE
  5
D37
330
83
100
AcDbEntity
  8
Edges
100
AcDbLine
 10
20.539692690023
 20
0.6533905576299888
 30
0.0
 11
20.53547028585078
 21
0.6533904953972716
 31
0.0
  0
LINE
  5
D38
330
83
100
AcDbEntity
  8
Edges
100
AcDbLine
 10
20.53547028585078
 20
0.6533904953972716
 30
0.0
 11
20.01854115199251
 21
0.653371962205477
 31
0.0
  0
LINE
  5
D39
330
83
100
AcDbEntity
  8
Edges
100
AcDbLine
 10
20.01854115199251
 20
0.653371962205477
 30
0.0
 11
19.89924981340985
 21
0.6533677799808295
 31
0.0
  0
LINE
  5
D3A
330
83
100
AcDbEntity
  8
Edges
100
AcDbLine
 10
-1.891301974439642
 20
4.792147713123175
 30
0.0
 11
-1.255081350311911
 21
4.792147713123175
 31
0.0
  0
LINE
  5
D3B
330
83
100
AcDbEntity
  8
Edges
100
AcDbLine
 10
-1.255081350311911
 20
4.792147713123175
 30
0.0
 11
-1.135790011729241
 21
4.792147713123174
 31
0.0
  0
LINE
  5
D3C
330
83
100
AcDbEntity
  8
Edges
100
AcDbLine
 10
0.3752335723963114
 20
4.792147713123175
 30
0.0
 11
1.01145404483725
 21
4.792147713123174
 31
0.0
  0
LINE
  5
D3D
330
83
100
AcDbEntity
  8
Edges
100
AcDbLine
 10
3.397280702725709
 20
4.792147713123174
 30
0.0
 11
4.033501175166662
 21
4.792147713123174
 31
0.0
  0
LINE
  5
D3E
330
83
100
AcDbEntity
  8
Edges
100
AcDbLine
 10
-5.66886102955776
 20
5.100983072866281
 30
0.0
 11
-5.032640557116806
 21
5.100983072866282
 31
0.0
  0
LINE
  5
D3F
330
83
100
AcDbEntity
  8
Edges
100
AcDbLine
 10
-5.032640557116806
 20
5.100983072866282
 30
0.0
 11
-4.913349218534136
 21
5.100983072866281
 31
0.0
  0
LINE
  5
D40
330
83
100
AcDbEntity
  8
Edges
100
AcDbLine
 10
-1.135790011729241
 20
5.100983072866281
 30
0.0
 11
-0.499569539288288
 21
5.100983072866281
 31
0.0
  0
LINE
  5
D41
330
83
100
AcDbEntity
  8
Edges
100
AcDbLine
 10
17.63271438033896
 20
0.6532883177125007
 30
0.0
 11
16.99649390789803
 21
0.6532660125143735
 31
0.0
  0
LINE
  5
D42
330
83
100
AcDbEntity
  8
Edges
100
AcDbLine
 10
-0.380278200705618
 20
4.792147713123175
 30
0.0
 11
0.2559422338136272
 21
4.792147713123175
 31
0.0
  0
LINE
  5
D43
330
83
100
AcDbEntity
  8
Edges
100
AcDbLine
 10
0.2559422338136272
 20
4.792147713123175
 30
0.0
 11
0.3752335723963114
 21
4.792147713123175
 31
0.0
  0
LINE
  5
D44
330
83
100
AcDbEntity
  8
Edges
100
AcDbLine
 10
1.766965893782568
 20
4.792147713123175
 30
0.0
 11
1.886257232365238
 21
4.792147713123174
 31
0.0
  0
LINE
  5
D45
330
83
100
AcDbEntity
  8
Edges
100
AcDbLine
 10
2.641769043388876
 20
4.792147713123174
 30
0.0
 11
3.277989364143024
 21
4.792147713123175
 31
0.0
  0
LINE
  5
D46
330
83
100
AcDbEntity
  8
Edges
100
AcDbLine
 10
3.277989364143024
 20
4.792147713123175
 30
0.0
 11
3.397280702725709
 21
4.792147713123174
 31
0.0
  0
LINE
  5
D47
330
83
100
AcDbEntity
  8
Edges
100
AcDbLine
 10
4.789012986190272
 20
4.792147713123175
 30
0.0
 11
4.908304324772956
 21
4.792147713123175
 31
0.0
  0
LINE
  5
D48
330
83
100
AcDbEntity
  8
Edges
100
AcDbLine
 10
5.663816135796579
 20
4.792147713123174
 30
0.0
 11
6.300036608237519
 21
4.792147713123174
 31
0.0
  0
LINE
  5
D49
330
83
100
AcDbEntity
  8
Edges
100
AcDbLine
 10
-3.521616935069573
 20
5.100983072866281
 30
0.0
 11
-3.402325596486889
 21
5.100983072866282
 31
0.0
  0
LINE
  5
D4A
330
83
100
AcDbEntity
  8
Edges
100
AcDbLine
 10
-3.402325596486889
 20
5.100983072866282
 30
0.0
 11
-2.766105124045935
 21
5.100983072866281
 31
0.0
  0
LINE
  5
D4B
330
83
100
AcDbEntity
  8
Edges
100
AcDbLine
 10
-2.766105124045935
 20
5.100983072866281
 30
0.0
 11
-2.646813785463265
 21
5.100983072866281
 31
0.0
  0
LINE
  5
D4C
330
83
100
AcDbEntity
  8
Edges
100
AcDbLine
 10
-2.646813785463265
 20
5.100983072866281
 30
0.0
 11
-2.010593313022326
 21
5.100983072866281
 31
0.0
  0
LINE
  5
D4D
330
83
100
AcDbEntity
  8
Edges
100
AcDbLine
 10
-2.010593313022326
 20
5.100983072866281
 30
0.0
 11
-1.891301974439642
 21
5.100983072866282
 31
0.0
  0
LINE
  5
D4E
330
83
100
AcDbEntity
  8
Edges
100
AcDbLine
 10
0.3752335723963114
 20
5.100983072866282
 30
0.0
 11
1.01145404483725
 21
5.100983072866281
 31
0.0
  0
LINE
  5
D4F
330
83
100
AcDbEntity
  8
Edges
100
AcDbLine
 10
1.01145404483725
 20
5.100983072866281
 30
0.0
 11
1.130745383419935
 21
5.100983072866282
 31
0.0
  0
LINE
  5
D50
330
83
100
AcDbEntity
  8
Edges
100
AcDbLine
 10
17.75200571892165
 20
0.653292499937149
 30
0.0
 11
17.63271438033896
 21
0.6532883177125007
 31
0.0
  0
LINE
  5
D51
330
83
100
AcDbEntity
  8
Edges
100
AcDbLine
 10
1.886257232365238
 20
4.792147713123174
 30
0.0
 11
2.522477704806192
 21
4.792147713123175
 31
0.0
  0
LINE
  5
D52
330
83
100
AcDbEntity
  8
Edges
100
AcDbLine
 10
2.522477704806192
 20
4.792147713123175
 30
0.0
 11
2.641769043388876
 21
4.792147713123174
 31
0.0
  0
LINE
  5
D53
330
83
100
AcDbEntity
  8
Edges
100
AcDbLine
 10
4.033501175166662
 20
4.792147713123174
 30
0.0
 11
4.152792513749332
 21
4.792147713123175
 31
0.0
  0
LINE
  5
D54
330
83
100
AcDbEntity
  8
Edges
100
AcDbLine
 10
4.152792513749332
 20
4.792147713123175
 30
0.0
 11
4.789012986190272
 21
4.792147713123175
 31
0.0
  0
LINE
  5
D55
330
83
100
AcDbEntity
  8
Edges
100
AcDbLine
 10
4.908304324772956
 20
4.792147713123175
 30
0.0
 11
5.544524797213895
 21
4.792147713123175
 31
0.0
  0
LINE
  5
D56
330
83
100
AcDbEntity
  8
Edges
100
AcDbLine
 10
5.544524797213895
 20
4.792147713123175
 30
0.0
 11
5.663816135796579
 21
4.792147713123174
 31
0.0
  0
LINE
  5
D57
330
83
100
AcDbEntity
  8
Edges
100
AcDbLine
 10
7.055548419261143
 20
4.792147713123175
 30
0.0
 11
7.174839757843813
 21
4.792147713123175
 31
0.0
  0
LINE
  5
D58
330
83
100
AcDbEntity
  8
Edges
100
AcDbLine
 10
7.174839757843813
 20
4.792147713123175
 30
0.0
 11
7.811060230284766
 21
4.792147713123175
 31
0.0
  0
LINE
  5
D59
330
83
100
AcDbEntity
  8
Edges
100
AcDbLine
 10
7.811060230284766
 20
4.792147713123175
 30
0.0
 11
7.93035156886745
 21
4.792147713123174
 31
0.0
  0
LINE
  5
D5A
330
83
100
AcDbEntity
  8
Edges
100
AcDbLine
 10
7.93035156886745
 20
4.792147713123174
 30
0.0
 11
8.56657204130839
 21
4.792147713123175
 31
0.0
  0
LINE
  5
D5B
330
83
100
AcDbEntity
  8
Edges
100
AcDbLine
 10
8.56657204130839
 20
4.792147713123175
 30
0.0
 11
8.68586337989106
 21
4.792147713123174
 31
0.0
  0
LINE
  5
D5C
330
83
100
AcDbEntity
  8
Edges
100
AcDbLine
 10
8.68586337989106
 20
4.792147713123174
 30
0.0
 11
9.322083852332013
 21
4.792147713123174
 31
0.0
  0
LINE
  5
D5D
330
83
100
AcDbEntity
  8
Edges
100
AcDbLine
 10
-1.891301974439642
 20
5.100983072866282
 30
0.0
 11
-1.255081350311911
 21
5.100983072866282
 31
0.0
  0
LINE
  5
D5E
330
83
100
AcDbEntity
  8
Edges
100
AcDbLine
 10
-1.255081350311911
 20
5.100983072866282
 30
0.0
 11
-1.135790011729241
 21
5.100983072866281
 31
0.0
  0
LINE
  5
D5F
330
83
100
AcDbEntity
  8
Edges
100
AcDbLine
 10
-0.380278200705618
 20
5.100983072866282
 30
0.0
 11
0.2559422338136272
 21
5.100983072866282
 31
0.0
  0
LINE
  5
D60
330
83
100
AcDbEntity
  8
Edges
100
AcDbLine
 10
0.2559422338136272
 20
5.100983072866282
 30
0.0
 11
0.3752335723963114
 21
5.100983072866282
 31
0.0
  0
LINE
  5
D61
330
83
100
AcDbEntity
  8
Edges
100
AcDbLine
 10
1.130745383419935
 20
5.100983072866282
 30
0.0
 11
1.766965893782568
 21
5.100983072866282
 31
0.0
  0
LINE
  5
D62
330
83
100
AcDbEntity
  8
Edges
100
AcDbLine
 10
19.89924981340985
 20
0.6533677799808295
 30
0.0
 11
19.26302934096888
 21
0.653345474782701
 31
0.0
  0
LINE
  5
D63
330
83
100
AcDbEntity
  8
Edges
100
AcDbLine
 10
6.300036608237519
 20
4.792147713123174
 30
0.0
 11
6.419327946820203
 21
4.792147713123175
 31
0.0
  0
LINE
  5
D64
330
83
100
AcDbEntity
  8
Edges
100
AcDbLine
 10
6.419327946820203
 20
4.792147713123175
 30
0.0
 11
7.055548419261143
 21
4.792147713123175
 31
0.0
  0
LINE
  5
D65
330
83
100
AcDbEntity
  8
Edges
100
AcDbLine
 10
9.322083852332013
 20
4.792147713123174
 30
0.0
 11
9.441375190914683
 21
4.792147713123174
 31
0.0
  0
LINE
  5
D66
330
83
100
AcDbEntity
  8
Edges
100
AcDbLine
 10
10.19688700193831
 20
4.792147713123174
 30
0.0
 11
10.83310747437926
 21
4.792147713123175
 31
0.0
  0
LINE
  5
D67
330
83
100
AcDbEntity
  8
Edges
100
AcDbLine
 10
10.83310747437926
 20
4.792147713123175
 30
0.0
 11
10.95239941970905
 21
4.792147713123174
 31
0.0
  0
LINE
  5
D68
330
83
100
AcDbEntity
  8
Edges
100
AcDbLine
 10
13.97444666380353
 20
4.792147713123174
 30
0.0
 11
14.6106671362445
 21
4.792147713123175
 31
0.0
  0
LINE
  5
D69
330
83
100
AcDbEntity
  8
Edges
100
AcDbLine
 10
14.6106671362445
 20
4.792147713123175
 30
0.0
 11
14.72995847482716
 21
4.792147713123174
 31
0.0
  0
LINE
  5
D6A
330
83
100
AcDbEntity
  8
Edges
100
AcDbLine
 10
19.26302934096888
 20
0.653345474782701
 30
0.0
 11
19.14373800238623
 21
0.6533412925580518
 31
0.0
  0
LINE
  5
D6B
330
83
100
AcDbEntity
  8
Edges
100
AcDbLine
 10
9.441375190914683
 20
4.792147713123174
 30
0.0
 11
10.07759566335562
 21
4.792147713123175
 31
0.0
  0
LINE
  5
D6C
330
83
100
AcDbEntity
  8
Edges
100
AcDbLine
 10
10.07759566335562
 20
4.792147713123175
 30
0.0
 11
10.19688700193831
 21
4.792147713123174
 31
0.0
  0
LINE
  5
D6D
330
83
100
AcDbEntity
  8
Edges
100
AcDbLine
 10
10.95239941970905
 20
4.792147713123174
 30
0.0
 11
11.58861989215
 21
4.792147713123175
 31
0.0
  0
LINE
  5
D6E
330
83
100
AcDbEntity
  8
Edges
100
AcDbLine
 10
12.4634230417563
 20
4.792147713123174
 30
0.0
 11
13.09964351419724
 21
4.792147713123175
 31
0.0
  0
LINE
  5
D6F
330
83
100
AcDbEntity
  8
Edges
100
AcDbLine
 10
13.09964351419724
 20
4.792147713123175
 30
0.0
 11
13.21893485277992
 21
4.792147713123174
 31
0.0
  0
LINE
  5
D70
330
83
100
AcDbEntity
  8
Edges
100
AcDbLine
 10
13.21893485277992
 20
4.792147713123174
 30
0.0
 11
13.85515532522086
 21
4.792147713123175
 31
0.0
  0
LINE
  5
D71
330
83
100
AcDbEntity
  8
Edges
100
AcDbLine
 10
13.85515532522086
 20
4.792147713123175
 30
0.0
 11
13.97444666380353
 21
4.792147713123174
 31
0.0
  0
LINE
  5
D72
330
83
100
AcDbEntity
  8
Edges
100
AcDbLine
 10
2.522477704806192
 20
5.100983072866282
 30
0.0
 11
2.641769043388876
 21
5.100983072866281
 31
0.0
  0
LINE
  5
D73
330
83
100
AcDbEntity
  8
Edges
100
AcDbLine
 10
2.641769043388876
 20
5.100983072866281
 30
0.0
 11
3.277989364143024
 21
5.102323471902327
 31
0.0
  0
LINE
  5
D74
330
83
100
AcDbEntity
  8
Edges
100
AcDbLine
 10
19.14373800238623
 20
0.6533412925580518
 30
0.0
 11
18.50751752994527
 21
0.653318987359925
 31
0.0
  0
LINE
  5
D75
330
83
100
AcDbEntity
  8
Edges
100
AcDbLine
 10
11.58861989215
 20
4.792147713123175
 30
0.0
 11
11.70791123073267
 21
4.792147713123175
 31
0.0
  0
LINE
  5
D76
330
83
100
AcDbEntity
  8
Edges
100
AcDbLine
 10
14.72995847482716
 20
4.792147713123174
 30
0.0
 11
15.36617894726809
 21
4.792147713123175
 31
0.0
  0
LINE
  5
D77
330
83
100
AcDbEntity
  8
Edges
100
AcDbLine
 10
15.36617894726809
 20
4.792147713123175
 30
0.0
 11
15.48547028585079
 21
4.792147713123174
 31
0.0
  0
LINE
  5
D78
330
83
100
AcDbEntity
  8
Edges
100
AcDbLine
 10
15.48547028585079
 20
4.792147713123174
 30
0.0
 11
16.12169075829173
 21
4.792147713123174
 31
0.0
  0
LINE
  5
D79
330
83
100
AcDbEntity
  8
Edges
100
AcDbLine
 10
1.766965893782568
 20
5.100983072866282
 30
0.0
 11
1.886257232365238
 21
5.100983072866281
 31
0.0
  0
LINE
  5
D7A
330
83
100
AcDbEntity
  8
Edges
100
AcDbLine
 10
1.886257232365238
 20
5.100983072866281
 30
0.0
 11
2.522477704806192
 21
5.100983072866282
 31
0.0
  0
LINE
  5
D7B
330
83
100
AcDbEntity
  8
Edges
100
AcDbLine
 10
3.277989364143024
 20
5.102323471902327
 30
0.0
 11
3.397280702725709
 21
5.100983072866281
 31
0.0
  0
LINE
  5
D7C
330
83
100
AcDbEntity
  8
Edges
100
AcDbLine
 10
18.50751752994527
 20
0.653318987359925
 30
0.0
 11
18.38822619136259
 21
0.6533148051352771
 31
0.0
  0
LINE
  5
D7D
330
83
100
AcDbEntity
  8
Edges
100
AcDbLine
 10
18.38822619136259
 20
0.6533148051352771
 30
0.0
 11
17.75200571892165
 21
0.653292499937149
 31
0.0
  0
LINE
  5
D7E
330
83
100
AcDbEntity
  8
Edges
100
AcDbLine
 10
11.70791123073267
 20
4.792147713123175
 30
0.0
 11
12.34413170317361
 21
4.792147713123175
 31
0.0
  0
LINE
  5
D7F
330
83
100
AcDbEntity
  8
Edges
100
AcDbLine
 10
12.34413170317361
 20
4.792147713123175
 30
0.0
 11
12.4634230417563
 21
4.792147713123174
 31
0.0
  0
LINE
  5
D80
330
83
100
AcDbEntity
  8
Edges
100
AcDbLine
 10
16.12169075829173
 20
4.792147713123174
 30
0.0
 11
16.24098209687442
 21
4.792147713123175
 31
0.0
  0
LINE
  5
D81
330
83
100
AcDbEntity
  8
Edges
100
AcDbLine
 10
3.397280702725709
 20
5.100983072866281
 30
0.0
 11
4.033501175166662
 21
5.100983072866281
 31
0.0
  0
LINE
  5
D82
330
83
100
AcDbEntity
  8
Edges
100
AcDbLine
 10
4.033501175166662
 20
5.100983072866281
 30
0.0
 11
4.152792513749332
 21
5.100983072866282
 31
0.0
  0
LINE
  5
D83
330
83
100
AcDbEntity
  8
Edges
100
AcDbLine
 10
16.24098209687442
 20
4.792147713123175
 30
0.0
 11
16.87720256931536
 21
4.792147713123174
 31
0.0
  0
LINE
  5
D84
330
83
100
AcDbEntity
  8
Edges
100
AcDbLine
 10
16.87720256931536
 20
4.792147713123174
 30
0.0
 11
16.99649390789803
 21
4.792147713123175
 31
0.0
  0
LINE
  5
D85
330
83
100
AcDbEntity
  8
Edges
100
AcDbLine
 10
16.99649390789803
 20
4.792147713123175
 30
0.0
 11
17.63271438033896
 21
4.792147713123175
 31
0.0
  0
LINE
  5
D86
330
83
100
AcDbEntity
  8
Edges
100
AcDbLine
 10
4.152792513749332
 20
5.100983072866282
 30
0.0
 11
4.789012986190272
 21
5.100983072866282
 31
0.0
  0
LINE
  5
D87
330
83
100
AcDbEntity
  8
Edges
100
AcDbLine
 10
4.789012986190272
 20
5.100983072866282
 30
0.0
 11
4.908304324772956
 21
5.100983072866282
 31
0.0
  0
LINE
  5
D88
330
83
100
AcDbEntity
  8
Edges
100
AcDbLine
 10
17.63271438033896
 20
4.792147713123175
 30
0.0
 11
17.75200571892165
 21
4.792147713123174
 31
0.0
  0
LINE
  5
D89
330
83
100
AcDbEntity
  8
Edges
100
AcDbLine
 10
19.89924981340985
 20
4.792147713123175
 30
0.0
 11
20.01854115199251
 21
4.792147713123174
 31
0.0
  0
LINE
  5
D8A
330
83
100
AcDbEntity
  8
Edges
100
AcDbLine
 10
20.01854115199251
 20
4.792147713123174
 30
0.0
 11
20.09806871104764
 21
4.792147713123174
 31
0.0
  0
LINE
  5
D8B
330
83
100
AcDbEntity
  8
Edges
100
AcDbLine
 10
19.26302934096888
 20
4.792147713123174
 30
0.0
 11
19.89924981340985
 21
4.792147713123175
 31
0.0
  0
LINE
  5
D8C
330
83
100
AcDbEntity
  8
Edges
100
AcDbLine
 10
5.663816135796579
 20
5.100983072866281
 30
0.0
 11
6.300036608237519
 21
5.100983072866281
 31
0.0
  0
LINE
  5
D8D
330
83
100
AcDbEntity
  8
Edges
100
AcDbLine
 10
19.14373800238623
 20
4.792147713123174
 30
0.0
 11
19.26302934096888
 21
4.792147713123174
 31
0.0
  0
LINE
  5
D8E
330
83
100
AcDbEntity
  8
Edges
100
AcDbLine
 10
4.908304324772956
 20
5.100983072866282
 30
0.0
 11
5.544524797213895
 21
5.100983072866282
 31
0.0
  0
LINE
  5
D8F
330
83
100
AcDbEntity
  8
Edges
100
AcDbLine
 10
5.544524797213895
 20
5.100983072866282
 30
0.0
 11
5.663816135796579
 21
5.100983072866281
 31
0.0
  0
LINE
  5
D90
330
83
100
AcDbEntity
  8
Edges
100
AcDbLine
 10
18.50751752994527
 20
4.792147713123174
 30
0.0
 11
19.14373800238623
 21
4.792147713123174
 31
0.0
  0
LINE
  5
D91
330
83
100
AcDbEntity
  8
Edges
100
AcDbLine
 10
7.055548419261143
 20
5.100983072866282
 30
0.0
 11
7.174839757843813
 21
5.100983072866282
 31
0.0
  0
LINE
  5
D92
330
83
100
AcDbEntity
  8
Edges
100
AcDbLine
 10
7.174839757843813
 20
5.100983072866282
 30
0.0
 11
7.811060230284766
 21
5.100983072866282
 31
0.0
  0
LINE
  5
D93
330
83
100
AcDbEntity
  8
Edges
100
AcDbLine
 10
7.811060230284766
 20
5.100983072866282
 30
0.0
 11
7.93035156886745
 21
5.100983072866281
 31
0.0
  0
LINE
  5
D94
330
83
100
AcDbEntity
  8
Edges
100
AcDbLine
 10
7.93035156886745
 20
5.100983072866281
 30
0.0
 11
8.56657204130839
 21
5.100983072866282
 31
0.0
  0
LINE
  5
D95
330
83
100
AcDbEntity
  8
Edges
100
AcDbLine
 10
8.56657204130839
 20
5.100983072866282
 30
0.0
 11
8.68586337989106
 21
5.100983072866281
 31
0.0
  0
LINE
  5
D96
330
83
100
AcDbEntity
  8
Edges
100
AcDbLine
 10
8.68586337989106
 20
5.100983072866281
 30
0.0
 11
9.322083852332013
 21
5.100983072866281
 31
0.0
  0
LINE
  5
D97
330
83
100
AcDbEntity
  8
Edges
100
AcDbLine
 10
17.75200571892165
 20
4.792147713123174
 30
0.0
 11
18.38822619136259
 21
4.792147713123175
 31
0.0
  0
LINE
  5
D98
330
83
100
AcDbEntity
  8
Edges
100
AcDbLine
 10
18.38822619136259
 20
4.792147713123175
 30
0.0
 11
18.50751752994527
 21
4.792147713123174
 31
0.0
  0
LINE
  5
D99
330
83
100
AcDbEntity
  8
Edges
100
AcDbLine
 10
6.300036608237519
 20
5.100983072866281
 30
0.0
 11
6.419327946820203
 21
5.100983072866282
 31
0.0
  0
LINE
  5
D9A
330
83
100
AcDbEntity
  8
Edges
100
AcDbLine
 10
6.419327946820203
 20
5.100983072866282
 30
0.0
 11
7.055548419261143
 21
5.100983072866282
 31
0.0
  0
LINE
  5
D9B
330
83
100
AcDbEntity
  8
Edges
100
AcDbLine
 10
9.322083852332013
 20
5.100983072866281
 30
0.0
 11
9.441375190914683
 21
5.100983072866281
 31
0.0
  0
LINE
  5
D9C
330
83
100
AcDbEntity
  8
Edges
100
AcDbLine
 10
9.441375190914683
 20
5.100983072866281
 30
0.0
 11
10.07759566335562
 21
5.100983072866282
 31
0.0
  0
LINE
  5
D9D
330
83
100
AcDbEntity
  8
Edges
100
AcDbLine
 10
10.07759566335562
 20
5.100983072866282
 30
0.0
 11
10.19688700193831
 21
5.100983072866281
 31
0.0
  0
LINE
  5
D9E
330
83
100
AcDbEntity
  8
Edges
100
AcDbLine
 10
10.19688700193831
 20
5.100983072866281
 30
0.0
 11
10.83310747437926
 21
5.100983072866282
 31
0.0
  0
LINE
  5
D9F
330
83
100
AcDbEntity
  8
Edges
100
AcDbLine
 10
10.83310747437926
 20
5.100983072866282
 30
0.0
 11
10.95239941970905
 21
5.100983072866281
 31
0.0
  0
LINE
  5
DA0
330
83
100
AcDbEntity
  8
Edges
100
AcDbLine
 10
13.21893485277992
 20
5.100983072866281
 30
0.0
 11
13.85515532522086
 21
5.100983072866282
 31
0.0
  0
LINE
  5
DA1
330
83
100
AcDbEntity
  8
Edges
100
AcDbLine
 10
13.85515532522086
 20
5.100983072866282
 30
0.0
 11
13.97444666380353
 21
5.100983072866281
 31
0.0
  0
LINE
  5
DA2
330
83
100
AcDbEntity
  8
Edges
100
AcDbLine
 10
13.97444666380353
 20
5.100983072866281
 30
0.0
 11
14.6106671362445
 21
5.100983072866282
 31
0.0
  0
LINE
  5
DA3
330
83
100
AcDbEntity
  8
Edges
100
AcDbLine
 10
10.95239941970905
 20
5.100983072866281
 30
0.0
 11
11.58861989215
 21
5.100983072866282
 31
0.0
  0
LINE
  5
DA4
330
83
100
AcDbEntity
  8
Edges
100
AcDbLine
 10
12.4634230417563
 20
5.100983072866281
 30
0.0
 11
13.09964351419724
 21
5.100983072866282
 31
0.0
  0
LINE
  5
DA5
330
83
100
AcDbEntity
  8
Edges
100
AcDbLine
 10
13.09964351419724
 20
5.100983072866282
 30
0.0
 11
13.21893485277992
 21
5.100983072866281
 31
0.0
  0
LINE
  5
DA6
330
83
100
AcDbEntity
  8
Edges
100
AcDbLine
 10
14.6106671362445
 20
5.100983072866282
 30
0.0
 11
14.72995847482716
 21
5.100983072866281
 31
0.0
  0
LINE
  5
DA7
330
83
100
AcDbEntity
  8
Edges
100
AcDbLine
 10
11.58861989215
 20
5.100983072866282
 30
0.0
 11
11.70791123073267
 21
5.100983072866282
 31
0.0
  0
LINE
  5
DA8
330
83
100
AcDbEntity
  8
Edges
100
AcDbLine
 10
14.72995847482716
 20
5.100983072866281
 30
0.0
 11
15.36617894726809
 21
5.100983072866282
 31
0.0
  0
LINE
  5
DA9
330
83
100
AcDbEntity
  8
Edges
100
AcDbLine
 10
11.70791123073267
 20
5.100983072866282
 30
0.0
 11
12.34413170317361
 21
5.100983072866282
 31
0.0
  0
LINE
  5
DAA
330
83
100
AcDbEntity
  8
Edges
100
AcDbLine
 10
12.34413170317361
 20
5.100983072866282
 30
0.0
 11
12.4634230417563
 21
5.100983072866281
 31
0.0
  0
LINE
  5
DAB
330
83
100
AcDbEntity
  8
Edges
100
AcDbLine
 10
15.36617894726809
 20
5.100983072866282
 30
0.0
 11
15.48547028585079
 21
5.100983072866281
 31
0.0
  0
LINE
  5
DAC
330
83
100
AcDbEntity
  8
Edges
100
AcDbLine
 10
15.48547028585079
 20
5.100983072866281
 30
0.0
 11
16.12169075829173
 21
5.100983072866281
 31
0.0
  0
LINE
  5
DAD
330
83
100
AcDbEntity
  8
Edges
100
AcDbLine
 10
16.12169075829173
 20
5.100983072866281
 30
0.0
 11
16.24098209687442
 21
5.100983072866282
 31
0.0
  0
LINE
  5
DAE
330
83
100
AcDbEntity
  8
Edges
100
AcDbLine
 10
16.24098209687442
 20
5.100983072866282
 30
0.0
 11
16.87720256931536
 21
5.100983072866281
 31
0.0
  0
LINE
  5
DAF
330
83
100
AcDbEntity
  8
Edges
100
AcDbLine
 10
16.87720256931536
 20
5.100983072866281
 30
0.0
 11
16.99649390789803
 21
5.100983072866282
 31
0.0
  0
LINE
  5
DB0
330
83
100
AcDbEntity
  8
Edges
100
AcDbLine
 10
16.99649390789803
 20
5.100983072866282
 30
0.0
 11
17.63271438033896
 21
5.100983072866282
 31
0.0
  0
LINE
  5
DB1
330
83
100
AcDbEntity
  8
Edges
100
AcDbLine
 10
20.01854115199251
 20
5.100983072866281
 30
0.0
 11
20.09806871104764
 21
5.102323471902327
 31
0.0
  0
LINE
  5
DB2
330
83
100
AcDbEntity
  8
Edges
100
AcDbLine
 10
19.89924981340985
 20
5.100983072866282
 30
0.0
 11
20.01854115199251
 21
5.100983072866281
 31
0.0
  0
LINE
  5
DB3
330
83
100
AcDbEntity
  8
Edges
100
AcDbLine
 10
17.63271438033896
 20
5.100983072866282
 30
0.0
 11
17.75200571892165
 21
5.100983072866281
 31
0.0
  0
LINE
  5
DB4
330
83
100
AcDbEntity
  8
Edges
100
AcDbLine
 10
19.26302934096888
 20
5.100983072866281
 30
0.0
 11
19.89924981340985
 21
5.100983072866282
 31
0.0
  0
LINE
  5
DB5
330
83
100
AcDbEntity
  8
Edges
100
AcDbLine
 10
19.14373800238623
 20
5.100983072866281
 30
0.0
 11
19.26302934096888
 21
5.100983072866281
 31
0.0
  0
LINE
  5
DB6
330
83
100
AcDbEntity
  8
Edges
100
AcDbLine
 10
18.50751752994527
 20
5.100983072866281
 30
0.0
 11
19.14373800238623
 21
5.100983072866281
 31
0.0
  0
LINE
  5
DB7
330
83
100
AcDbEntity
  8
Edges
100
AcDbLine
 10
17.75200571892165
 20
5.100983072866281
 30
0.0
 11
18.38822619136259
 21
5.100983072866282
 31
0.0
  0
LINE
  5
DB8
330
83
100
AcDbEntity
  8
Edges
100
AcDbLine
 10
18.38822619136259
 20
5.100983072866282
 30
0.0
 11
18.50751752994527
 21
5.100983072866281
 31
0.0
  0
LINE
  5
DB9
330
83
100
AcDbEntity
  8
Edges
100
AcDbLine
 10
-19.70264120672574
 20
-0.6966355816859835
 30
0.0
 11
-19.70264120672574
 21
-1.272804064155081
 31
0.0
  0
LINE
  5
DBA
330
83
100
AcDbEntity
  8
Edges
100
AcDbLine
 10
-19.70264120672574
 20
-3.530829599792026
 30
0.0
 11
-19.70264120672574
 21
-4.741428352597912
 31
0.0
  0
LINE
  5
DBB
330
83
100
AcDbEntity
  8
Edges
100
AcDbLine
 10
-19.70264120672574
 20
15.43061543843973
 30
0.0
 11
-19.70264120672574
 21
5.873693963486006
 31
0.0
  0
LINE
  5
DBC
330
83
100
AcDbEntity
  8
Edges
100
AcDbLine
 10
-19.70264120672574
 20
0.5024932825750384
 30
0.0
 11
-19.70264120672574
 21
5.873693963486006
 31
0.0
  0
LINE
  5
DBD
330
83
100
AcDbEntity
  8
Edges
100
AcDbLine
 10
21.29735879327426
 20
-4.108057289238877
 30
0.0
 11
21.29735879327426
 21
-3.530829599792026
 31
0.0
  0
LINE
  5
DBE
330
83
100
AcDbEntity
  8
Edges
100
AcDbLine
 10
21.29735879327426
 20
-1.156575487620948
 30
0.0
 11
21.29735879327426
 21
-0.1948781766297998
 31
0.0
  0
LINE
  5
DBF
330
83
100
AcDbEntity
  8
Edges
100
AcDbLine
 10
21.29735879327426
 20
-4.528057289238877
 30
0.0
 11
21.29735879327426
 21
-4.741428352597912
 31
0.0
  0
LINE
  5
DC0
330
83
100
AcDbEntity
  8
Edges
100
AcDbLine
 10
21.29735879327426
 20
5.873693963486006
 30
0.0
 11
21.29735879327426
 21
0.3862647060409046
 31
0.0
  0
LINE
  5
DC1
330
83
100
AcDbEntity
  8
Edges
100
AcDbLine
 10
21.29735879327426
 20
15.43061543843973
 30
0.0
 11
21.29735879327424
 21
0.3862647060409046
 31
0.0
  0
LINE
  5
DC2
330
83
100
AcDbEntity
  8
Edges
100
AcDbLine
 10
-20.20264120672575
 20
16.31790381928603
 30
0.0
 11
-19.58829103591223
 21
16.31790381928603
 31
0.0
  0
LINE
  5
DC3
330
83
100
AcDbEntity
  8
Edges
100
AcDbLine
 10
21.25545896408777
 20
16.31790381928603
 30
0.0
 11
21.79735879327425
 21
16.31790381928603
 31
0.0
  0
LINE
  5
DC4
330
83
100
AcDbEntity
  8
Edges
100
AcDbLine
 10
22.25970080337784
 20
-0.8952282165223817
 30
0.0
 11
22.25970080337784
 21
-1.421564979420813
 31
0.0
  0
LINE
  5
DC5
330
83
100
AcDbEntity
  8
Edges
100
AcDbLine
 10
22.25970080337784
 20
-1.514667165914506
 30
0.0
 11
22.25970080337784
 21
-5.275978225613691
 31
0.0
  0
LINE
  5
DC6
330
83
100
AcDbEntity
  8
Edges
100
AcDbLine
 10
22.24949717804
 20
-3.648695815857878
 30
0.0
 11
22.24949717804
 21
-4.051515103095963
 31
0.0
  0
LINE
  5
DC7
330
83
100
AcDbEntity
  8
Edges
100
AcDbLine
 10
-21.42441400362867
 20
-1.279044673827847
 30
0.0
 11
-21.42441400362867
 21
-1.875118111937235
 31
0.0
  0
LINE
  5
DC8
330
83
100
AcDbEntity
  8
Edges
100
AcDbLine
 10
-24.99955920672575
 20
-1.906743607910077
 30
0.0
 11
-24.99955920672575
 21
-1.107051483342497
 31
0.0
  0
LINE
  5
DC9
330
83
100
AcDbEntity
  8
Edges
100
AcDbLine
 10
24.9594607287647
 20
-0.7698995350364726
 30
0.0
 11
24.9594607287647
 21
-0.7652879135400923
 31
0.0
  0
LINE
  5
DCA
330
83
100
AcDbEntity
  8
Edges
100
AcDbLine
 10
23.9594607287647
 20
-4.910418042223049
 30
0.0
 11
23.9594607287647
 21
-4.044230553560893
 31
0.0
  0
LINE
  5
DCB
330
83
100
AcDbEntity
  8
Edges
100
AcDbLine
 10
25.00637872876469
 20
-1.522866880761284
 30
0.0
 11
25.0063787287647
 21
-0.8932732863895225
 31
0.0
  0
LINE
  5
DCC
330
83
100
AcDbEntity
  8
Edges
100
AcDbLine
 10
25.00637872876469
 20
-1.522866880761284
 30
0.0
 11
25.0063787287647
 21
-2.889645525146974
 31
0.0
  0
LINE
  5
DCD
330
83
100
AcDbEntity
  8
Edges
100
AcDbLine
 10
1.865273091134014
 20
-2.720850153349793
 30
0.0
 11
1.865273091134014
 21
-1.888794763216893
 31
0.0
  0
LINE
  5
DCE
330
83
100
AcDbEntity
  8
Edges
100
AcDbLine
 10
1.799536829188724
 20
-2.14537883488947
 30
0.0
 11
1.799536829188724
 21
-2.722607104726122
 31
0.0
  0
LINE
  5
DCF
330
83
100
AcDbEntity
  8
Edges
100
AcDbLine
 10
1.891169039717624
 20
-0.6170394812063762
 30
0.0
 11
1.902960409366059
 21
-0.6012942854959178
 31
0.0
  0
LINE
  5
DD0
330
83
100
AcDbEntity
  8
Edges
100
AcDbLine
 10
1.881038631782487
 20
-0.9194552504296709
 30
0.0
 11
1.881038631782473
 21
-1.397057263216893
 31
0.0
  0
LINE
  5
DD1
330
83
100
AcDbEntity
  8
Edges
100
AcDbLine
 10
1.799536829188724
 20
-1.157903036276834
 30
0.0
 11
1.799536829188724
 21
-1.397057263216893
 31
0.0
  0
LINE
  5
DD2
330
83
100
AcDbEntity
  8
Edges
100
AcDbLine
 10
1.799536829188724
 20
-1.888794763216893
 30
0.0
 11
1.799536829188724
 21
-2.126036418723082
 31
0.0
  0
LINE
  5
DD3
330
83
100
AcDbEntity
  8
Edges
100
AcDbLine
 10
5.861043325110614
 20
-2.919820508122924
 30
0.0
 11
2.083928930050561
 21
-2.919820508122924
 31
0.0
  0
LINE
  5
DD4
330
83
100
AcDbEntity
  8
Edges
100
AcDbLine
 10
1.87344389384566
 20
-2.757803946729708
 30
0.0
 11
1.882954365261454
 21
-2.773549142440167
 31
0.0
  0
LINE
  5
DD5
330
83
100
AcDbEntity
  8
Edges
100
AcDbLine
 10
5.861043325110614
 20
-2.838637839163162
 30
0.0
 11
2.083928930080659
 21
-2.838637839163169
 31
0.0
  0
LINE
  5
DD6
330
83
100
AcDbEntity
  8
Edges
100
AcDbLine
 10
1.865273091134028
 20
-0.9194552504296709
 30
0.0
 11
1.865273091134014
 21
-1.377932533167646
 31
0.0
  0
LINE
  5
DD7
330
83
100
AcDbEntity
  8
Edges
100
AcDbLine
 10
2.078523525063687
 20
-0.4550229198131604
 30
0.0
 11
5.861043325110614
 21
-0.4550229198131604
 31
0.0
  0
LINE
  5
DD8
330
83
100
AcDbEntity
  8
Edges
100
AcDbLine
 10
2.080410151546743
 20
-0.5362055887729156
 30
0.0
 11
5.861043325110614
 21
-0.5362055887729085
 31
0.0
  0
LINE
  5
DD9
330
83
100
AcDbEntity
  8
Edges
100
AcDbLine
 10
2.024556913845032
 20
-2.919820508122924
 30
0.0
 11
2.083928930050561
 21
-2.919820508122924
 31
0.0
  0
LINE
  5
DDA
330
83
100
AcDbEntity
  8
Edges
100
AcDbLine
 10
1.881038631782487
 20
-2.720850153349793
 30
0.0
 11
1.881038631782473
 21
-1.888794763216893
 31
0.0
  0
LINE
  5
DDB
330
83
100
AcDbEntity
  8
Edges
100
AcDbLine
 10
16.70277644950289
 20
-2.720850153349793
 30
0.0
 11
16.70277644950289
 21
-1.888794763216893
 31
0.0
  0
LINE
  5
DDC
330
83
100
AcDbEntity
  8
Edges
100
AcDbLine
 10
16.76851271144818
 20
-2.14537883488947
 30
0.0
 11
16.76851271144818
 21
-2.722607104726122
 31
0.0
  0
LINE
  5
DDD
330
83
100
AcDbEntity
  8
Edges
100
AcDbLine
 10
16.68701090885443
 20
-1.157903036276834
 30
0.0
 11
16.68701090885443
 21
-1.397057263216893
 31
0.0
  0
LINE
  5
DDE
330
83
100
AcDbEntity
  8
Edges
100
AcDbLine
 10
16.76851271144818
 20
-1.157903036276834
 30
0.0
 11
16.76851271144818
 21
-1.397057263216893
 31
0.0
  0
LINE
  5
DDF
330
83
100
AcDbEntity
  8
Edges
100
AcDbLine
 10
16.68660626597842
 20
-0.6438595278488819
 30
0.0
 11
16.68150929037728
 21
-0.6269858564740716
 31
0.0
  0
LINE
  5
DE0
330
83
100
AcDbEntity
  8
Edges
100
AcDbLine
 10
16.76851271144818
 20
-1.888794763216893
 30
0.0
 11
16.76851271144818
 21
-2.126036418723082
 31
0.0
  0
LINE
  5
DE1
330
83
100
AcDbEntity
  8
Edges
100
AcDbLine
 10
12.7070062155263
 20
-2.919820508122924
 30
0.0
 11
15.15242076542013
 21
-2.919820508122924
 31
0.0
  0
LINE
  5
DE2
330
83
100
AcDbEntity
  8
Edges
100
AcDbLine
 10
15.15340030811461
 20
-2.838637839163165
 30
0.0
 11
12.7070062155263
 21
-2.838637839163162
 31
0.0
  0
LINE
  5
DE3
330
83
100
AcDbEntity
  8
Edges
100
AcDbLine
 10
16.30126882747925
 20
-0.4557223914657201
 30
0.0
 11
12.7070062155263
 21
-0.4550229198131604
 31
0.0
  0
LINE
  5
DE4
330
83
100
AcDbEntity
  8
Edges
100
AcDbLine
 10
16.30126882747925
 20
-0.5362055887729152
 30
0.0
 11
12.7070062155263
 21
-0.5362055887729085
 31
0.0
  0
LINE
  5
DE5
330
83
100
AcDbEntity
  8
Edges
100
AcDbLine
 10
16.63269959807229
 20
-2.801345189226097
 30
0.0
 11
16.65027768768644
 21
-2.788146142846962
 31
0.0
  0
LINE
  5
DE6
330
83
100
AcDbEntity
  8
Edges
100
AcDbLine
 10
16.67311128736531
 20
-2.764148790487475
 30
0.0
 11
16.68150929037728
 21
-2.747857571462006
 31
0.0
  0
LINE
  5
DE7
330
83
100
AcDbEntity
  8
Edges
100
AcDbLine
 10
16.68701090885443
 20
-2.720850153349793
 30
0.0
 11
16.68701090885443
 21
-1.888794763216893
 31
0.0
  0
LINE
  5
DE8
330
83
100
AcDbEntity
  8
Edges
100
AcDbLine
 10
-20.62788128133887
 20
0.7638405536736049
 30
0.0
 11
-20.62788128133887
 21
0.2375037907752935
 31
0.0
  0
LINE
  5
DE9
330
83
100
AcDbEntity
  8
Edges
100
AcDbLine
 10
-20.62788128133887
 20
-1.377932533167292
 30
0.0
 11
-20.62788128133887
 21
0.1444016042814806
 31
0.0
  0
LINE
  5
DEA
330
83
100
AcDbEntity
  8
Edges
100
AcDbLine
 10
-20.62788128133887
 20
-1.818724430454341
 30
0.0
 11
-20.62788128133889
 21
-3.616909455417705
 31
0.0
  0
LINE
  5
DEB
330
83
100
AcDbEntity
  8
Edges
100
AcDbLine
 10
-20.61767765600103
 20
-1.898235841616984
 30
0.0
 11
-20.61767765600103
 21
-2.392446332899977
 31
0.0
  0
LINE
  5
DEC
330
83
100
AcDbEntity
  8
Edges
100
AcDbLine
 10
26.6313787287647
 20
0.5520172868534888
 30
0.0
 11
26.6313787287647
 21
-0.2476748377140909
 31
0.0
  0
LINE
  5
DED
330
83
100
AcDbEntity
  8
Edges
100
AcDbLine
 10
-23.32764120672573
 20
0.8937808566558942
 30
0.0
 11
-23.32764120672573
 21
0.8891692351595139
 31
0.0
  0
LINE
  5
DEE
330
83
100
AcDbEntity
  8
Edges
100
AcDbLine
 10
-22.32764120672573
 20
-2.383846891889277
 30
0.0
 11
-22.32764120672573
 21
-2.354801339725916
 31
0.0
  0
LINE
  5
DEF
330
83
100
AcDbEntity
  8
Edges
100
AcDbLine
 10
-22.32764120672573
 20
-3.251349272027063
 30
0.0
 11
-22.32764120672573
 21
-2.385161783364907
 31
0.0
  0
LINE
  5
DF0
330
83
100
AcDbEntity
  8
Edges
100
AcDbLine
 10
-23.37455920672574
 20
-1.185227031092719
 30
0.0
 11
-23.37455920672574
 21
0.765795483806464
 31
0.0
  0
LINE
  5
DF1
330
83
100
AcDbEntity
  8
Edges
100
AcDbLine
 10
-2.670953569095061
 20
-0.2297259930209066
 30
0.0
 11
-2.670953569095061
 21
-0.3746906022878988
 31
0.0
  0
LINE
  5
DF2
330
83
100
AcDbEntity
  8
Edges
100
AcDbLine
 10
-2.605217307149771
 20
-0.3712301260335735
 30
0.0
 11
-2.605217307149771
 21
-0.2297259930209066
 31
0.0
  0
LINE
  5
DF3
330
83
100
AcDbEntity
  8
Edges
100
AcDbLine
 10
-2.670953569095061
 20
-0.9086022770920223
 30
0.0
 11
-2.670953569095061
 21
-0.3746906022878988
 31
0.0
  0
LINE
  5
DF4
330
83
100
AcDbEntity
  8
Edges
100
AcDbLine
 10
-2.605217307149771
 20
-0.486310064693484
 30
0.0
 11
-2.605217307149771
 21
-0.9086022770920223
 31
0.0
  0
LINE
  5
DF5
330
83
100
AcDbEntity
  8
Edges
100
AcDbLine
 10
-2.696849517678657
 20
1.04202928898961
 30
0.0
 11
-2.708640887327106
 21
1.057774484700068
 31
0.0
  0
LINE
  5
DF6
330
83
100
AcDbEntity
  8
Edges
100
AcDbLine
 10
-2.686719109743521
 20
0.3404046102764022
 30
0.0
 11
-2.686719109743521
 21
0.2620115069790927
 31
0.0
  0
LINE
  5
DF7
330
83
100
AcDbEntity
  8
Edges
100
AcDbLine
 10
-2.605217307149771
 20
0.5011657339191516
 30
0.0
 11
-2.605217307149771
 21
0.3518399159657974
 31
0.0
  0
LINE
  5
DF8
330
83
100
AcDbEntity
  8
Edges
100
AcDbLine
 10
-2.686719109743521
 20
0.5996191692121174
 30
0.0
 11
-2.686719109743521
 21
0.3404046102764022
 31
0.0
  0
LINE
  5
DF9
330
83
100
AcDbEntity
  8
Edges
100
AcDbLine
 10
-2.605217307149771
 20
0.3328901041387198
 30
0.0
 11
-2.605217307149771
 21
0.2620115069790927
 31
0.0
  0
LINE
  5
DFA
330
83
100
AcDbEntity
  8
Edges
100
AcDbLine
 10
-2.605217307149771
 20
-0.3895959916828246
 30
0.0
 11
-2.605217307149771
 21
-0.4669676485270955
 31
0.0
  0
LINE
  5
DFB
330
83
100
AcDbEntity
  8
Edges
100
AcDbLine
 10
-6.666723803071647
 20
-1.260751737926938
 30
0.0
 11
-3.158156152863924
 21
-1.260751737926938
 31
0.0
  0
LINE
  5
DFC
330
83
100
AcDbEntity
  8
Edges
100
AcDbLine
 10
-2.679124371806707
 20
-1.098735176533722
 30
0.0
 11
-2.688634843222502
 21
-1.11448037224418
 31
0.0
  0
LINE
  5
DFD
330
83
100
AcDbEntity
  8
Edges
100
AcDbLine
 10
-6.666723803071647
 20
-1.179569068967175
 30
0.0
 11
-3.158156152833839
 21
-1.179569068967182
 31
0.0
  0
LINE
  5
DFE
330
83
100
AcDbEntity
  8
Edges
100
AcDbLine
 10
-2.670953569095061
 20
0.2811362370283623
 30
0.0
 11
-2.670953569095061
 21
0.3404043707108864
 31
0.0
  0
LINE
  5
DFF
330
83
100
AcDbEntity
  8
Edges
100
AcDbLine
 10
-2.670953569095061
 20
0.3404043707108864
 30
0.0
 11
-2.670953569095061
 21
0.5996207450870883
 31
0.0
  0
LINE
  5
E00
330
83
100
AcDbEntity
  8
Edges
100
AcDbLine
 10
-5.78815236814043
 20
1.122863181423076
 30
0.0
 11
-6.424372840581384
 21
1.122863181423077
 31
0.0
  0
LINE
  5
E01
330
83
100
AcDbEntity
  8
Edges
100
AcDbLine
 10
-2.686719109743521
 20
-0.9086022770920223
 30
0.0
 11
-2.686719109743521
 21
-0.3746906022878988
 31
0.0
  0
LINE
  5
E02
330
83
100
AcDbEntity
  8
Edges
100
AcDbLine
 10
-2.686719109743521
 20
-0.3746906022878988
 30
0.0
 11
-2.686719109743521
 21
-0.2297259930209066
 31
0.0
  0
LINE
  5
E03
330
83
100
AcDbEntity
  8
Edges
100
AcDbLine
 10
-16.36769138681548
 20
0.3328901041387198
 30
0.0
 11
-16.36769138681548
 21
0.2620115069790927
 31
0.0
  0
LINE
  5
E04
330
83
100
AcDbEntity
  8
Edges
100
AcDbLine
 10
-16.44919318940923
 20
-0.3712301260335735
 30
0.0
 11
-16.44919318940923
 21
-0.2297259930209066
 31
0.0
  0
LINE
  5
E05
330
83
100
AcDbEntity
  8
Edges
100
AcDbLine
 10
-16.38345692746394
 20
-1.061781383153807
 30
0.0
 11
-16.38345692746394
 21
-0.2297259930209066
 31
0.0
  0
LINE
  5
E06
330
83
100
AcDbEntity
  8
Edges
100
AcDbLine
 10
-16.44919318940923
 20
-0.486310064693484
 30
0.0
 11
-16.44919318940923
 21
-1.063538334530136
 31
0.0
  0
LINE
  5
E07
330
83
100
AcDbEntity
  8
Edges
100
AcDbLine
 10
-16.44919318940923
 20
0.5011657339191516
 30
0.0
 11
-16.44919318940923
 21
0.3518399159657974
 31
0.0
  0
LINE
  5
E08
330
83
100
AcDbEntity
  8
Edges
100
AcDbLine
 10
-16.36769138681548
 20
0.3518399159657974
 30
0.0
 11
-16.36769138681548
 21
0.5011657339191516
 31
0.0
  0
LINE
  5
E09
330
83
100
AcDbEntity
  8
Edges
100
AcDbLine
 10
-16.44919318940923
 20
0.3328901041387198
 30
0.0
 11
-16.44919318940923
 21
0.2620115069790927
 31
0.0
  0
LINE
  5
E0A
330
83
100
AcDbEntity
  8
Edges
100
AcDbLine
 10
-16.36728674393946
 20
1.015209242347104
 30
0.0
 11
-16.36531711572402
 21
1.021729748199727
 31
0.0
  0
LINE
  5
E0B
330
83
100
AcDbEntity
  8
Edges
100
AcDbLine
 10
-16.44919318940923
 20
-0.3895959916828246
 30
0.0
 11
-16.44919318940923
 21
-0.4669676485270955
 31
0.0
  0
LINE
  5
E0C
330
83
100
AcDbEntity
  8
Edges
100
AcDbLine
 10
-12.69974922857051
 20
-1.179569068967176
 30
0.0
 11
-16.16831986705122
 21
-1.179569068967182
 31
0.0
  0
LINE
  5
E0D
330
83
100
AcDbEntity
  8
Edges
100
AcDbLine
 10
-13.22397853304684
 20
1.122863181423076
 30
0.0
 11
-12.5877580606059
 21
1.122863181423077
 31
0.0
  0
LINE
  5
E0E
330
83
100
AcDbEntity
  8
Edges
100
AcDbLine
 10
-16.19838600512469
 20
-1.260751737926938
 30
0.0
 11
-12.69974922860061
 21
-1.260751737926938
 31
0.0
  0
LINE
  5
E0F
330
83
100
AcDbEntity
  8
Edges
100
AcDbLine
 10
-16.31338007603332
 20
-1.14227641903011
 30
0.0
 11
-16.33095816564749
 21
-1.129077372650975
 31
0.0
  0
LINE
  5
E10
330
83
100
AcDbEntity
  8
Edges
100
AcDbLine
 10
-16.35379176532635
 20
-1.105080020291488
 30
0.0
 11
-16.36218976833831
 21
-1.088788801266019
 31
0.0
  0
LINE
  5
E11
330
83
100
AcDbEntity
  8
Edges
100
AcDbLine
 10
-16.36769138681548
 20
-1.061781383153807
 30
0.0
 11
-16.36769138681548
 21
-0.3895959916828246
 31
0.0
  0
LINE
  5
E12
330
83
100
AcDbEntity
  8
Edges
100
AcDbLine
 10
-16.36769138681548
 20
-0.3712301260335735
 30
0.0
 11
-16.36769138681548
 21
-0.2297259930209066
 31
0.0
  0
LINE
  5
E13
330
83
100
AcDbEntity
  8
Edges
100
AcDbLine
 10
20.52557666724458
 20
4.541576186639293
 30
0.0
 11
20.51336042064716
 21
4.568432882081264
 31
0.0
  0
LINE
  5
E14
330
83
100
AcDbEntity
  8
Edges
100
AcDbLine
 10
-4.277128746093183
 20
5.137557942936329
 30
0.0
 11
-4.157837407510513
 21
5.137557942936329
 31
0.0
  0
LINE
  5
E15
330
83
100
AcDbEntity
  8
Edges
100
AcDbLine
 10
-9.565710816511426
 20
5.137557942936329
 30
0.0
 11
-9.446420084675864
 21
5.137557942936329
 31
0.0
  0
LINE
  5
E16
330
83
100
AcDbEntity
  8
Edges
100
AcDbLine
 10
-13.34326987162953
 20
5.137557942936329
 30
0.0
 11
-13.22397853304684
 21
5.137557942936329
 31
0.0
  0
LINE
  5
E17
330
83
100
AcDbEntity
  8
Edges
100
AcDbLine
 10
7.055548419261143
 20
5.13755794293633
 30
0.0
 11
7.174839757843813
 21
5.137557942936329
 31
0.0
  0
LINE
  5
E18
330
83
100
AcDbEntity
  8
Edges
100
AcDbLine
 10
0.2559422338136272
 20
5.137557942936329
 30
0.0
 11
0.3752335723963114
 21
5.137557942936329
 31
0.0
  0
LINE
  5
E19
330
83
100
AcDbEntity
  8
Edges
100
AcDbLine
 10
-14.73500215509409
 20
5.137557942936329
 30
0.0
 11
-14.85429349367677
 21
5.13755794293633
 31
0.0
  0
LINE
  5
E1A
330
83
100
AcDbEntity
  8
Edges
100
AcDbLine
 10
14.72995847482716
 20
5.137557942936329
 30
0.0
 11
14.6106671362445
 21
5.137557942936329
 31
0.0
  0
LINE
  5
E1B
330
83
100
AcDbEntity
  8
Edges
100
AcDbLine
 10
-19.13888927754119
 20
4.541576186639293
 30
0.0
 11
-19.12667303094378
 21
4.568432882081264
 31
0.0
  0
LINE
  5
E1C
330
83
100
AcDbEntity
  8
Edges
100
AcDbLine
 10
3.277989364143024
 20
5.13755794293633
 30
0.0
 11
3.397280702725709
 21
5.137557942936329
 31
0.0
  0
LINE
  5
E1D
330
83
100
AcDbEntity
  8
Edges
100
AcDbLine
 10
-17.00153758816496
 20
5.137557942936329
 30
0.0
 11
-17.12082892674763
 21
5.137557942936329
 31
0.0
  0
LINE
  5
E1E
330
83
100
AcDbEntity
  8
Edges
100
AcDbLine
 10
2.522477704806192
 20
5.137557942936329
 30
0.0
 11
2.641769043388876
 21
5.137557942936329
 31
0.0
  0
LINE
  5
E1F
330
83
100
AcDbEntity
  8
Edges
100
AcDbLine
 10
-4.913349218534136
 20
5.137557942936329
 30
0.0
 11
-5.032640557116806
 21
5.137557942936329
 31
0.0
  0
LINE
  5
E20
330
83
100
AcDbEntity
  8
Edges
100
AcDbLine
 10
6.300036608237519
 20
5.137557942936329
 30
0.0
 11
6.419327946820203
 21
5.13755794293633
 31
0.0
  0
LINE
  5
E21
330
83
100
AcDbEntity
  8
Edges
100
AcDbLine
 10
4.789012986190272
 20
5.137557942936329
 30
0.0
 11
4.908304324772956
 21
5.137557942936329
 31
0.0
  0
LINE
  5
E22
330
83
100
AcDbEntity
  8
Edges
100
AcDbLine
 10
13.97444666380353
 20
5.137557942936329
 30
0.0
 11
13.85515532522086
 21
5.137557942936329
 31
0.0
  0
LINE
  5
E23
330
83
100
AcDbEntity
  8
Edges
100
AcDbLine
 10
-3.521616935069573
 20
5.137557942936329
 30
0.0
 11
-3.402325596486889
 21
5.13755794293633
 31
0.0
  0
LINE
  5
E24
330
83
100
AcDbEntity
  8
Edges
100
AcDbLine
 10
8.56657204130839
 20
5.13755794293633
 30
0.0
 11
8.68586337989106
 21
5.137557942936329
 31
0.0
  0
LINE
  5
E25
330
83
100
AcDbEntity
  8
Edges
100
AcDbLine
 10
-17.87634073777126
 20
5.137557942936329
 30
0.0
 11
-17.75704939918859
 21
5.137557942936329
 31
0.0
  0
LINE
  5
E26
330
83
100
AcDbEntity
  8
Edges
100
AcDbLine
 10
15.36617894726809
 20
5.137557942936329
 30
0.0
 11
15.48547028585079
 21
5.137557942936329
 31
0.0
  0
LINE
  5
E27
330
83
100
AcDbEntity
  8
Edges
100
AcDbLine
 10
4.033501175166662
 20
5.137557942936329
 30
0.0
 11
4.152792513749332
 21
5.137557942936329
 31
0.0
  0
LINE
  5
E28
330
83
100
AcDbEntity
  8
Edges
100
AcDbLine
 10
19.89924981340985
 20
5.137557942936329
 30
0.0
 11
20.01854115199251
 21
5.137557942936329
 31
0.0
  0
LINE
  5
E29
330
83
100
AcDbEntity
  8
Edges
100
AcDbLine
 10
13.09964351419724
 20
5.13755794293633
 30
0.0
 11
13.21893485277992
 21
5.137557942936329
 31
0.0
  0
LINE
  5
E2A
330
83
100
AcDbEntity
  8
Edges
100
AcDbLine
 10
10.95239941970905
 20
5.137557942936329
 30
0.0
 11
10.83310747437926
 21
5.137557942936329
 31
0.0
  0
LINE
  5
E2B
330
83
100
AcDbEntity
  8
Edges
100
AcDbLine
 10
11.58861989215
 20
5.13755794293633
 30
0.0
 11
11.70791123073267
 21
5.13755794293633
 31
0.0
  0
LINE
  5
E2C
330
83
100
AcDbEntity
  8
Edges
100
AcDbLine
 10
-2.646813785463265
 20
5.137557942936329
 30
0.0
 11
-2.766105124045935
 21
5.137557942936329
 31
0.0
  0
LINE
  5
E2D
330
83
100
AcDbEntity
  8
Edges
100
AcDbLine
 10
7.811060230284766
 20
5.13755794293633
 30
0.0
 11
7.93035156886745
 21
5.137557942936329
 31
0.0
  0
LINE
  5
E2E
330
83
100
AcDbEntity
  8
Edges
100
AcDbLine
 10
10.07759566335562
 20
5.137557942936329
 30
0.0
 11
10.19688700193831
 21
5.137557942936329
 31
0.0
  0
LINE
  5
E2F
330
83
100
AcDbEntity
  8
Edges
100
AcDbLine
 10
-11.07673443855866
 20
5.137557942936329
 30
0.0
 11
-10.95744309997599
 21
5.137557942936329
 31
0.0
  0
LINE
  5
E30
330
83
100
AcDbEntity
  8
Edges
100
AcDbLine
 10
9.322083852332013
 20
5.137557942936329
 30
0.0
 11
9.441375190914683
 21
5.137557942936329
 31
0.0
  0
LINE
  5
E31
330
83
100
AcDbEntity
  8
Edges
100
AcDbLine
 10
-6.424372840581384
 20
5.13755794293633
 30
0.0
 11
-6.543664179164053
 21
5.137557942936329
 31
0.0
  0
LINE
  5
E32
330
83
100
AcDbEntity
  8
Edges
100
AcDbLine
 10
-8.69090827365224
 20
5.13755794293633
 30
0.0
 11
-8.810199612234924
 21
5.137557942936329
 31
0.0
  0
LINE
  5
E33
330
83
100
AcDbEntity
  8
Edges
100
AcDbLine
 10
-1.891301974439642
 20
5.13755794293633
 30
0.0
 11
-2.010593313022326
 21
5.137557942936329
 31
0.0
  0
LINE
  5
E34
330
83
100
AcDbEntity
  8
Edges
100
AcDbLine
 10
20.2476282366651
 20
4.772935747300291
 30
0.0
 11
20.17378104418617
 21
4.787315072812642
 31
0.0
  0
LINE
  5
E35
330
83
100
AcDbEntity
  8
Edges
100
AcDbLine
 10
-18.80580209530848
 20
4.784605339716566
 30
0.0
 11
-18.86094084696171
 21
4.772935747300291
 31
0.0
  0
LINE
  5
E36
330
83
100
AcDbEntity
  8
Edges
100
AcDbLine
 10
-18.63185254879488
 20
5.13755794293633
 30
0.0
 11
-18.51256121021221
 21
5.137557942936329
 31
0.0
  0
LINE
  5
E37
330
83
100
AcDbEntity
  8
Edges
100
AcDbLine
 10
-7.179884651604993
 20
5.137557942936329
 30
0.0
 11
-7.299175990187677
 21
5.137557942936329
 31
0.0
  0
LINE
  5
E38
330
83
100
AcDbEntity
  8
Edges
100
AcDbLine
 10
1.766965893782568
 20
5.137557942936329
 30
0.0
 11
1.886257232365238
 21
5.137557942936329
 31
0.0
  0
LINE
  5
E39
330
83
100
AcDbEntity
  8
Edges
100
AcDbLine
 10
-10.32122262753503
 20
5.137557942936329
 30
0.0
 11
-10.20193128895236
 21
5.137557942936329
 31
0.0
  0
LINE
  5
E3A
330
83
100
AcDbEntity
  8
Edges
100
AcDbLine
 10
-12.46846672202323
 20
5.13755794293633
 30
0.0
 11
-12.5877580606059
 21
5.137557942936329
 31
0.0
  0
LINE
  5
E3B
330
83
100
AcDbEntity
  8
Edges
100
AcDbLine
 10
-0.380278200705618
 20
5.137557942936329
 30
0.0
 11
-0.499569539288288
 21
5.137557942936329
 31
0.0
  0
LINE
  5
E3C
330
83
100
AcDbEntity
  8
Edges
100
AcDbLine
 10
-16.36531711572402
 20
5.137557942936329
 30
0.0
 11
-16.24602577714134
 21
5.137557942936329
 31
0.0
  0
LINE
  5
E3D
330
83
100
AcDbEntity
  8
Edges
100
AcDbLine
 10
-8.054687801211301
 20
5.137557942936329
 30
0.0
 11
-7.935396462628617
 21
5.13755794293633
 31
0.0
  0
LINE
  5
E3E
330
83
100
AcDbEntity
  8
Edges
100
AcDbLine
 10
-15.6098053047004
 20
5.13755794293633
 30
0.0
 11
-15.49051396611772
 21
5.137557942936329
 31
0.0
  0
LINE
  5
E3F
330
83
100
AcDbEntity
  8
Edges
100
AcDbLine
 10
-14.09878168265315
 20
5.137557942936329
 30
0.0
 11
-13.97949034407047
 21
5.137557942936329
 31
0.0
  0
LINE
  5
E40
330
83
100
AcDbEntity
  8
Edges
100
AcDbLine
 10
17.63271438033896
 20
5.137557942936329
 30
0.0
 11
17.75200571892165
 21
5.137557942936329
 31
0.0
  0
LINE
  5
E41
330
83
100
AcDbEntity
  8
Edges
100
AcDbLine
 10
-1.255081350311911
 20
5.137557942936329
 30
0.0
 11
-1.135790011729241
 21
5.137557942936329
 31
0.0
  0
LINE
  5
E42
330
83
100
AcDbEntity
  8
Edges
100
AcDbLine
 10
16.87720256931536
 20
5.137557942936329
 30
0.0
 11
16.99649390789803
 21
5.13755794293633
 31
0.0
  0
LINE
  5
E43
330
83
100
AcDbEntity
  8
Edges
100
AcDbLine
 10
16.24098209687442
 20
5.137557942936329
 30
0.0
 11
16.12169075829173
 21
5.137557942936329
 31
0.0
  0
LINE
  5
E44
330
83
100
AcDbEntity
  8
Edges
100
AcDbLine
 10
1.01145404483725
 20
5.137557942936329
 30
0.0
 11
1.130745383419935
 21
5.137557942936329
 31
0.0
  0
LINE
  5
E45
330
83
100
AcDbEntity
  8
Edges
100
AcDbLine
 10
-5.66886102955776
 20
5.137557942936329
 30
0.0
 11
-5.78815236814043
 21
5.137557942936329
 31
0.0
  0
LINE
  5
E46
330
83
100
AcDbEntity
  8
Edges
100
AcDbLine
 10
19.14373800238623
 20
5.137557942936329
 30
0.0
 11
19.26302934096888
 21
5.137557942936329
 31
0.0
  0
LINE
  5
E47
330
83
100
AcDbEntity
  8
Edges
100
AcDbLine
 10
18.38822619136259
 20
5.137557942936329
 30
0.0
 11
18.50751752994527
 21
5.137557942936329
 31
0.0
  0
LINE
  5
E48
330
83
100
AcDbEntity
  8
Edges
100
AcDbLine
 10
5.544524797213895
 20
5.13755794293633
 30
0.0
 11
5.663816135796579
 21
5.137557942936329
 31
0.0
  0
LINE
  5
E49
330
83
100
AcDbEntity
  8
Edges
100
AcDbLine
 10
-11.71295491099961
 20
5.137557942936329
 30
0.0
 11
-11.83224624958228
 21
5.137557942936329
 31
0.0
  0
LINE
  5
E4A
330
83
100
AcDbEntity
  8
Edges
100
AcDbLine
 10
12.34413170317361
 20
5.13755794293633
 30
0.0
 11
12.4634230417563
 21
5.137557942936329
 31
0.0
  0
LINE
  5
E4B
330
83
100
AcDbEntity
  8
Edges
100
AcDbLine
 10
-16.362499970413
 20
-15.60651701577786
 30
0.0
 11
18.01495634998909
 21
-15.60651701577786
 31
0.0
  0
LINE
  5
E4C
330
83
100
AcDbEntity
  8
Edges
100
AcDbLine
 10
-20.20264120672575
 20
-6.897062520242585
 30
0.0
 11
-20.20264120672575
 21
-5.245556643532225
 31
0.0
  0
LINE
  5
E4D
330
83
100
AcDbEntity
  8
Edges
100
AcDbLine
 10
-20.20264120672575
 20
-4.86242276788478
 30
0.0
 11
-20.20264120672575
 21
-5.245556643532225
 31
0.0
  0
LINE
  5
E4E
330
83
100
AcDbEntity
  8
Edges
100
AcDbLine
 10
-20.20264120672575
 20
-7.550247431779681
 30
0.0
 11
-17.95264120672574
 21
-7.550247431779681
 31
0.0
  0
LINE
  5
E4F
330
83
100
AcDbEntity
  8
Edges
100
AcDbLine
 10
19.57745634998909
 20
-7.550247431779681
 30
0.0
 11
21.82745634998909
 21
-7.550247431779681
 31
0.0
  0
LINE
  5
E50
330
83
100
AcDbEntity
  8
Edges
100
AcDbLine
 10
-17.95264120672574
 20
-15.55927304143761
 30
0.0
 11
-20.174999970413
 21
-15.55927304143761
 31
0.0
  0
LINE
  5
E51
330
83
100
AcDbEntity
  8
Edges
100
AcDbLine
 10
19.57745634998909
 20
-15.55927304143761
 30
0.0
 11
21.82745634998909
 21
-15.55927304143761
 31
0.0
  0
LINE
  5
E52
330
83
100
AcDbEntity
  8
Edges
100
AcDbLine
 10
21.82745634998909
 20
-4.86242276788478
 30
0.0
 11
21.82745634998909
 21
-5.245556643532225
 31
0.0
  0
LINE
  5
E53
330
83
100
AcDbEntity
  8
Edges
100
AcDbLine
 10
-16.72927713317227
 20
2.604808205163763
 30
0.0
 11
-16.72927713317227
 21
1.529671108907907
 31
0.0
  0
LINE
  5
E54
330
83
100
AcDbEntity
  8
Edges
100
AcDbLine
 10
13.30082042354256
 20
2.604808205163763
 30
0.0
 11
13.30082042354256
 21
1.529671108907907
 31
0.0
  0
LINE
  5
E55
330
83
100
AcDbEntity
  8
Edges
100
AcDbLine
 10
-19.57764120672574
 20
-2.040626634276833
 30
0.0
 11
-19.57764120672574
 21
-2.948180453767585
 31
0.0
  0
LINE
  5
E56
330
83
100
AcDbEntity
  8
Edges
100
AcDbLine
 10
-19.57764120672574
 20
-1.853946946825786
 30
0.0
 11
-19.57764120672574
 21
-2.003402770392931
 31
0.0
  0
LINE
  5
E57
330
83
100
AcDbEntity
  8
Edges
100
AcDbLine
 10
-19.57764120672574
 20
-1.593747636613088
 30
0.0
 11
-19.57764120672574
 21
-1.853946946825786
 31
0.0
  0
LINE
  5
E58
330
83
100
AcDbEntity
  8
Edges
100
AcDbLine
 10
-19.57764120672574
 20
4.064374332993374
 30
0.0
 11
-19.57764120672574
 21
0.3862647060409046
 31
0.0
  0
LINE
  5
E59
330
83
100
AcDbEntity
  8
Edges
100
AcDbLine
 10
-19.57764120672574
 20
-0.1948781766297998
 30
0.0
 11
-19.57764120672574
 21
-0.394079516585144
 31
0.0
  0
LINE
  5
E5A
330
83
100
AcDbEntity
  8
Edges
100
AcDbLine
 10
-19.57764120672574
 20
0.0653211335825219
 30
0.0
 11
-19.57764120672574
 21
-0.1948781766297998
 31
0.0
  0
LINE
  5
E5B
330
83
100
AcDbEntity
  8
Edges
100
AcDbLine
 10
21.15558134998909
 20
-1.853946946825786
 30
0.0
 11
21.15558134998909
 21
-2.606441827039545
 31
0.0
  0
LINE
  5
E5C
330
83
100
AcDbEntity
  8
Edges
100
AcDbLine
 10
21.15558134998909
 20
-1.593747636613095
 30
0.0
 11
21.15558134998909
 21
-1.853946946825786
 31
0.0
  0
LINE
  5
E5D
330
83
100
AcDbEntity
  8
Edges
100
AcDbLine
 10
21.15558134998909
 20
3.445046135174801
 30
0.0
 11
21.15558134998909
 21
0.3862647060409046
 31
0.0
  0
LINE
  5
E5E
330
83
100
AcDbEntity
  8
Edges
100
AcDbLine
 10
21.15558134998909
 20
0.0653211335825148
 30
0.0
 11
21.15558134998909
 21
-0.1948781766297998
 31
0.0
  0
LINE
  5
E5F
330
83
100
AcDbEntity
  8
Edges
100
AcDbLine
 10
21.15558134998909
 20
-1.272804064155081
 30
0.0
 11
21.15558134998909
 21
-0.1948781766297998
 31
0.0
  0
LINE
  5
E60
330
83
100
AcDbEntity
  8
Edges
100
AcDbLine
 10
20.07094431548521
 20
-0.9300247451262183
 30
0.0
 11
20.07094431548521
 21
-1.377932533167932
 31
0.0
  0
LINE
  5
E61
330
83
100
AcDbEntity
  8
Edges
100
AcDbLine
 10
15.5709443154852
 20
-1.377932533167862
 30
0.0
 11
15.5709443154852
 21
-0.930024745126218
 31
0.0
  0
LINE
  5
E62
330
83
100
AcDbEntity
  8
Edges
100
AcDbLine
 10
15.18905585145967
 20
-0.9086022770920223
 30
0.0
 11
15.18905585145967
 21
-1.377932533167856
 31
0.0
  0
LINE
  5
E63
330
83
100
AcDbEntity
  8
Edges
100
AcDbLine
 10
21.82745634998909
 20
-4.86242276788478
 30
0.0
 11
20.63995634998909
 21
-4.862422767884773
 31
0.0
  0
LINE
  5
E64
330
83
100
AcDbEntity
  8
Edges
100
AcDbLine
 10
-19.01514120672574
 20
-4.862422767884773
 30
0.0
 11
-20.20264120672575
 21
-4.86242276788478
 31
0.0
  0
LINE
  5
E65
330
83
100
AcDbEntity
  8
Edges
100
AcDbLine
 10
-19.57714494872496
 20
-1.141166353078699
 30
0.0
 11
-19.5756946936364
 21
-1.116593495108362
 31
0.0
  0
LINE
  5
E66
330
83
100
AcDbEntity
  8
Edges
100
AcDbLine
 10
-19.55549524602725
 20
-0.7743377353488126
 30
0.0
 11
-19.5756946936364
 21
-1.116593495108362
 31
0.0
  0
LINE
  5
E67
330
83
100
AcDbEntity
  8
Edges
100
AcDbLine
 10
-19.43349434924407
 20
-0.8616013330209071
 30
0.0
 11
-19.44572641399806
 21
-1.068859209414929
 31
0.0
  0
LINE
  5
E68
330
83
100
AcDbEntity
  8
Edges
100
AcDbLine
 10
-19.57714494872496
 20
-2.035622984934195
 30
0.0
 11
-19.5756946936364
 21
-2.011050126963857
 31
0.0
  0
LINE
  5
E69
330
83
100
AcDbEntity
  8
Edges
100
AcDbLine
 10
-19.5756946936364
 20
-2.011050126963857
 30
0.0
 11
-19.56642268764106
 21
-1.853946946825786
 31
0.0
  0
LINE
  5
E6A
330
83
100
AcDbEntity
  8
Edges
100
AcDbLine
 10
21.15942250356294
 20
-3.530829599792026
 30
0.0
 11
21.17933774281305
 21
-3.868269784901449
 31
0.0
  0
LINE
  5
E6B
330
83
100
AcDbEntity
  8
Edges
100
AcDbLine
 10
21.15768804011535
 20
-3.501441167171561
 30
0.0
 11
21.15942250356294
 21
-3.530829599792026
 31
0.0
  0
LINE
  5
E6C
330
83
100
AcDbEntity
  8
Edges
100
AcDbLine
 10
21.04791920808614
 20
-3.795962641237679
 30
0.0
 11
21.03568714333215
 21
-3.588704764843656
 31
0.0
  0
LINE
  5
E6D
330
83
100
AcDbEntity
  8
Edges
100
AcDbLine
 10
21.17782493739958
 20
-2.948180453767585
 30
0.0
 11
21.17933774281305
 21
-2.973813153045953
 31
0.0
  0
LINE
  5
E6E
330
83
100
AcDbEntity
  8
Edges
100
AcDbLine
 10
21.15768804011535
 20
-2.606984535316065
 30
0.0
 11
21.17782493739958
 21
-2.948180453767585
 31
0.0
  0
LINE
  5
E6F
330
83
100
AcDbEntity
  8
Edges
100
AcDbLine
 10
21.04791920808614
 20
-2.901506009382183
 30
0.0
 11
21.03568714333215
 21
-2.69424813298816
 31
0.0
  0
LINE
  5
E70
330
83
100
AcDbEntity
  8
Edges
100
AcDbLine
 10
16.86430633540325
 20
2.723853187785643
 30
0.0
 11
16.87805193437994
 21
2.712673677522472
 31
0.0
  0
LINE
  5
E71
330
83
100
AcDbEntity
  8
Edges
100
AcDbLine
 10
22.24871779076712
 20
-4.060107309378945
 30
0.0
 11
22.24949717804
 21
-4.051515103095963
 31
0.0
  0
LINE
  5
E72
330
83
100
AcDbEntity
  8
Edges
100
AcDbLine
 10
25.0063787287647
 20
-0.8932732863895225
 30
0.0
 11
25.0014418788991
 21
-0.8800010551192446
 31
0.0
  0
LINE
  5
E73
330
83
100
AcDbEntity
  8
Edges
100
AcDbLine
 10
24.97443946763073
 20
-0.807407750286018
 30
0.0
 11
24.97046702929527
 21
-0.7962373536545333
 31
0.0
  0
LINE
  5
E74
330
83
100
AcDbEntity
  8
Edges
100
AcDbLine
 10
1.894448615148391
 20
-2.762183213816088
 30
0.0
 11
1.891169039717624
 21
-2.757803946729708
 31
0.0
  0
LINE
  5
E75
330
83
100
AcDbEntity
  8
Edges
100
AcDbLine
 10
16.6883994621441
 20
-0.930024745126218
 30
0.0
 11
16.30126882747925
 21
-0.930024745126218
 31
0.0
  0
LINE
  5
E76
330
83
100
AcDbEntity
  8
Edges
100
AcDbLine
 10
-20.61689826872815
 20
-2.401038539182959
 30
0.0
 11
-20.61767765600103
 21
-2.392446332899977
 31
0.0
  0
LINE
  5
E77
330
83
100
AcDbEntity
  8
Edges
100
AcDbLine
 10
-2.60376997378735
 20
0.3404033498215293
 30
0.0
 11
-2.610676892696446
 21
0.3404034547757218
 31
0.0
  0
LINE
  5
E78
330
83
100
AcDbEntity
  8
Edges
100
AcDbLine
 10
-2.60376997378735
 20
-0.3746906022878988
 30
0.0
 11
-2.609620801725199
 21
-0.3746906022878988
 31
0.0
  0
LINE
  5
E79
330
83
100
AcDbEntity
  8
Edges
100
AcDbLine
 10
-2.72887106932599
 20
-1.237972940103678
 30
0.0
 11
-2.728871069377873
 21
-1.377932533167573
 31
0.0
  0
LINE
  5
E7A
330
83
100
AcDbEntity
  8
Edges
100
AcDbLine
 10
-2.766105124045935
 20
4.792147713123174
 30
0.0
 11
-2.766105124045935
 21
1.194584597851987
 31
0.0
  0
LINE
  5
E7B
330
83
100
AcDbEntity
  8
Edges
100
AcDbLine
 10
-16.35129031537166
 20
0.3406122504786508
 30
0.0
 11
-16.36907994010513
 21
0.3406125208011672
 31
0.0
  0
LINE
  5
E7C
330
83
100
AcDbEntity
  8
Edges
100
AcDbLine
 10
-16.36907994010513
 20
0.6257246846567668
 30
0.0
 11
-2.686719109743521
 21
0.6257246846567668
 31
0.0
  0
LINE
  5
E7D
330
83
100
AcDbEntity
  8
Edges
100
AcDbLine
 10
-16.36907994010513
 20
0.5982515224910095
 30
0.0
 11
-2.686719109743521
 21
0.5996191692121174
 31
0.0
  0
LINE
  5
E7E
330
83
100
AcDbEntity
  8
Edges
100
AcDbLine
 10
-16.44919318940923
 20
0.641253758946327
 30
0.0
 11
-16.44919318940923
 21
0.6528453898124833
 31
0.0
  0
LINE
  5
E7F
330
83
100
AcDbEntity
  8
Edges
100
AcDbLine
 10
-16.44373360386257
 20
0.3406136552020649
 30
0.0
 11
-16.45064052277165
 21
0.3406137601562578
 31
0.0
  0
LINE
  5
E80
330
83
100
AcDbEntity
  8
Edges
100
AcDbLine
 10
-16.43956633673227
 20
-0.3746906022878988
 30
0.0
 11
-16.45064052277166
 21
-0.3746906022878988
 31
0.0
  0
LINE
  5
E81
330
83
100
AcDbEntity
  8
Edges
100
AcDbLine
 10
-16.35129031537164
 20
-0.3746906022878988
 30
0.0
 11
-16.36907994010513
 21
-0.3746906022878988
 31
0.0
  0
LINE
  5
E82
330
83
100
AcDbEntity
  8
Edges
100
AcDbLine
 10
-3.521616935069573
 20
5.137557942936329
 30
0.0
 11
-3.521616935069573
 21
5.100983072866281
 31
0.0
  0
LINE
  5
E83
330
83
100
AcDbEntity
  8
Edges
100
AcDbLine
 10
1.766965893782568
 20
5.100983072866282
 30
0.0
 11
1.766965893782568
 21
5.137557942936329
 31
0.0
  0
LINE
  5
E84
330
83
100
AcDbEntity
  8
Edges
100
AcDbLine
 10
-4.157837407510513
 20
5.137557942936329
 30
0.0
 11
-4.157837407510513
 21
5.100983072866281
 31
0.0
  0
LINE
  5
E85
330
83
100
AcDbEntity
  8
Edges
100
AcDbLine
 10
-0.380278200705618
 20
5.100983072866282
 30
0.0
 11
-0.380278200705618
 21
5.137557942936329
 31
0.0
  0
LINE
  5
E86
330
83
100
AcDbEntity
  8
Edges
100
AcDbLine
 10
-10.20193128895236
 20
5.137557942936329
 30
0.0
 11
-10.20193128895236
 21
5.100983072866281
 31
0.0
  0
LINE
  5
E87
330
83
100
AcDbEntity
  8
Edges
100
AcDbLine
 10
4.908304324772956
 20
5.100983072866282
 30
0.0
 11
4.908304324772956
 21
5.137557942936329
 31
0.0
  0
LINE
  5
E88
330
83
100
AcDbEntity
  8
Edges
100
AcDbLine
 10
-9.565710816511426
 20
5.137557942936329
 30
0.0
 11
-9.565710816511426
 21
5.100983072866281
 31
0.0
  0
LINE
  5
E89
330
83
100
AcDbEntity
  8
Edges
100
AcDbLine
 10
-9.446420084675864
 20
5.100983072866282
 30
0.0
 11
-9.446420084675864
 21
5.137557942936329
 31
0.0
  0
LINE
  5
E8A
330
83
100
AcDbEntity
  8
Edges
100
AcDbLine
 10
-13.22397853304684
 20
5.137557942936329
 30
0.0
 11
-13.22397853304684
 21
5.100983072866281
 31
0.0
  0
LINE
  5
E8B
330
83
100
AcDbEntity
  8
Edges
100
AcDbLine
 10
4.789012986190272
 20
5.100983072866282
 30
0.0
 11
4.789012986190272
 21
5.137557942936329
 31
0.0
  0
LINE
  5
E8C
330
83
100
AcDbEntity
  8
Edges
100
AcDbLine
 10
-13.34326987162953
 20
5.100983072866282
 30
0.0
 11
-13.34326987162953
 21
5.137557942936329
 31
0.0
  0
LINE
  5
E8D
330
83
100
AcDbEntity
  8
Edges
100
AcDbLine
 10
10.07759566335562
 20
5.100983072866282
 30
0.0
 11
10.07759566335562
 21
5.137557942936329
 31
0.0
  0
LINE
  5
E8E
330
83
100
AcDbEntity
  8
Edges
100
AcDbLine
 10
-0.499569539288288
 20
5.137557942936329
 30
0.0
 11
-0.499569539288288
 21
5.100983072866281
 31
0.0
  0
LINE
  5
E8F
330
83
100
AcDbEntity
  8
Edges
100
AcDbLine
 10
7.174839757843813
 20
5.100983072866282
 30
0.0
 11
7.174839757843813
 21
5.137557942936329
 31
0.0
  0
LINE
  5
E90
330
83
100
AcDbEntity
  8
Edges
100
AcDbLine
 10
7.055548419261143
 20
5.100983072866282
 30
0.0
 11
7.055548419261143
 21
5.13755794293633
 31
0.0
  0
LINE
  5
E91
330
83
100
AcDbEntity
  8
Edges
100
AcDbLine
 10
0.3752335723963114
 20
5.100983072866282
 30
0.0
 11
0.3752335723963114
 21
5.137557942936329
 31
0.0
  0
LINE
  5
E92
330
83
100
AcDbEntity
  8
Edges
100
AcDbLine
 10
7.93035156886745
 20
5.137557942936329
 30
0.0
 11
7.93035156886745
 21
5.100983072866281
 31
0.0
  0
LINE
  5
E93
330
83
100
AcDbEntity
  8
Edges
100
AcDbLine
 10
-3.402325596486889
 20
5.100983072866282
 30
0.0
 11
-3.402325596486889
 21
5.13755794293633
 31
0.0
  0
LINE
  5
E94
330
83
100
AcDbEntity
  8
Edges
100
AcDbLine
 10
-16.36531711572402
 20
5.137557942936329
 30
0.0
 11
-16.36531711572402
 21
5.100983072866281
 31
0.0
  0
LINE
  5
E95
330
83
100
AcDbEntity
  8
Edges
100
AcDbLine
 10
0.2559422338136272
 20
5.100983072866282
 30
0.0
 11
0.2559422338136272
 21
5.137557942936329
 31
0.0
  0
LINE
  5
E96
330
83
100
AcDbEntity
  8
Edges
100
AcDbLine
 10
-8.054687801211301
 20
5.137557942936329
 30
0.0
 11
-8.054687801211301
 21
5.100983072866281
 31
0.0
  0
LINE
  5
E97
330
83
100
AcDbEntity
  8
Edges
100
AcDbLine
 10
7.811060230284766
 20
5.100983072866282
 30
0.0
 11
7.811060230284766
 21
5.13755794293633
 31
0.0
  0
LINE
  5
E98
330
83
100
AcDbEntity
  8
Edges
100
AcDbLine
 10
-14.73500215509409
 20
5.137557942936329
 30
0.0
 11
-14.73500215509409
 21
5.100983072866281
 31
0.0
  0
LINE
  5
E99
330
83
100
AcDbEntity
  8
Edges
100
AcDbLine
 10
-14.85429349367677
 20
5.100983072866282
 30
0.0
 11
-14.85429349367677
 21
5.13755794293633
 31
0.0
  0
LINE
  5
E9A
330
83
100
AcDbEntity
  8
Edges
100
AcDbLine
 10
10.19688700193831
 20
5.137557942936329
 30
0.0
 11
10.19688700193831
 21
5.100983072866281
 31
0.0
  0
LINE
  5
E9B
330
83
100
AcDbEntity
  8
Edges
100
AcDbLine
 10
-11.07673443855866
 20
5.100983072866282
 30
0.0
 11
-11.07673443855866
 21
5.137557942936329
 31
0.0
  0
LINE
  5
E9C
330
83
100
AcDbEntity
  8
Edges
100
AcDbLine
 10
14.72995847482716
 20
5.137557942936329
 30
0.0
 11
14.72995847482716
 21
5.100983072866281
 31
0.0
  0
LINE
  5
E9D
330
83
100
AcDbEntity
  8
Edges
100
AcDbLine
 10
14.6106671362445
 20
5.100983072866282
 30
0.0
 11
14.6106671362445
 21
5.137557942936329
 31
0.0
  0
LINE
  5
E9E
330
83
100
AcDbEntity
  8
Edges
100
AcDbLine
 10
-5.032640557116806
 20
5.100983072866282
 30
0.0
 11
-5.032640557116806
 21
5.137557942936329
 31
0.0
  0
LINE
  5
E9F
330
83
100
AcDbEntity
  8
Edges
100
AcDbLine
 10
-4.913349218534136
 20
5.137557942936329
 30
0.0
 11
-4.913349218534136
 21
5.100983072866281
 31
0.0
  0
LINE
  5
EA0
330
83
100
AcDbEntity
  8
Edges
100
AcDbLine
 10
-7.299175990187677
 20
5.137557942936329
 30
0.0
 11
-7.299175990187677
 21
5.100983072866281
 31
0.0
  0
LINE
  5
EA1
330
83
100
AcDbEntity
  8
Edges
100
AcDbLine
 10
-7.179884651604993
 20
5.100983072866282
 30
0.0
 11
-7.179884651604993
 21
5.137557942936329
 31
0.0
  0
LINE
  5
EA2
330
83
100
AcDbEntity
  8
Edges
100
AcDbLine
 10
-2.010593313022326
 20
5.137557942936329
 30
0.0
 11
-2.010593313022326
 21
5.100983072866281
 31
0.0
  0
LINE
  5
EA3
330
83
100
AcDbEntity
  8
Edges
100
AcDbLine
 10
-1.891301974439642
 20
5.100983072866282
 30
0.0
 11
-1.891301974439642
 21
5.13755794293633
 31
0.0
  0
LINE
  5
EA4
330
83
100
AcDbEntity
  8
Edges
100
AcDbLine
 10
20.53547028585078
 20
0.2811362370286794
 30
0.0
 11
20.53547028585078
 21
0.3411075301294368
 31
0.0
  0
LINE
  5
EA5
330
83
100
AcDbEntity
  8
Edges
100
AcDbLine
 10
3.397280702725709
 20
5.137557942936329
 30
0.0
 11
3.397280702725709
 21
5.100983072866281
 31
0.0
  0
LINE
  5
EA6
330
83
100
AcDbEntity
  8
Edges
100
AcDbLine
 10
-17.12082892674763
 20
5.137557942936329
 30
0.0
 11
-17.12082892674763
 21
5.100983072866281
 31
0.0
  0
LINE
  5
EA7
330
83
100
AcDbEntity
  8
Edges
100
AcDbLine
 10
-6.543664179164053
 20
5.137557942936329
 30
0.0
 11
-6.543664179164053
 21
5.100983072866281
 31
0.0
  0
LINE
  5
EA8
330
83
100
AcDbEntity
  8
Edges
100
AcDbLine
 10
-17.00153758816496
 20
5.137557942936329
 30
0.0
 11
-17.00153758816496
 21
5.100983072866281
 31
0.0
  0
LINE
  5
EA9
330
83
100
AcDbEntity
  8
Edges
100
AcDbLine
 10
-6.424372840581384
 20
5.100983072866282
 30
0.0
 11
-6.424372840581384
 21
5.13755794293633
 31
0.0
  0
LINE
  5
EAA
330
83
100
AcDbEntity
  8
Edges
100
AcDbLine
 10
2.641769043388876
 20
5.137557942936329
 30
0.0
 11
2.641769043388876
 21
5.100983072866281
 31
0.0
  0
LINE
  5
EAB
330
83
100
AcDbEntity
  8
Edges
100
AcDbLine
 10
2.522477704806192
 20
5.100983072866282
 30
0.0
 11
2.522477704806192
 21
5.137557942936329
 31
0.0
  0
LINE
  5
EAC
330
83
100
AcDbEntity
  8
Edges
100
AcDbLine
 10
11.58861989215
 20
5.100983072866282
 30
0.0
 11
11.58861989215
 21
5.13755794293633
 31
0.0
  0
LINE
  5
EAD
330
83
100
AcDbEntity
  8
Edges
100
AcDbLine
 10
13.21893485277992
 20
5.137557942936329
 30
0.0
 11
13.21893485277992
 21
5.100983072866281
 31
0.0
  0
LINE
  5
EAE
330
83
100
AcDbEntity
  8
Edges
100
AcDbLine
 10
-2.766105124045935
 20
5.137557942936329
 30
0.0
 11
-2.766105124045935
 21
5.100983072866281
 31
0.0
  0
LINE
  5
EAF
330
83
100
AcDbEntity
  8
Edges
100
AcDbLine
 10
6.419327946820203
 20
5.100983072866282
 30
0.0
 11
6.419327946820203
 21
5.13755794293633
 31
0.0
  0
LINE
  5
EB0
330
83
100
AcDbEntity
  8
Edges
100
AcDbLine
 10
10.83310747437926
 20
5.100983072866282
 30
0.0
 11
10.83310747437926
 21
5.137557942936329
 31
0.0
  0
LINE
  5
EB1
330
83
100
AcDbEntity
  8
Edges
100
AcDbLine
 10
6.300036608237519
 20
5.137557942936329
 30
0.0
 11
6.300036608237519
 21
5.100983072866281
 31
0.0
  0
LINE
  5
EB2
330
83
100
AcDbEntity
  8
Edges
100
AcDbLine
 10
10.95239941970905
 20
5.137557942936329
 30
0.0
 11
10.95239941970905
 21
5.100983072866281
 31
0.0
  0
LINE
  5
EB3
330
83
100
AcDbEntity
  8
Edges
100
AcDbLine
 10
-5.78815236814043
 20
5.137557942936329
 30
0.0
 11
-5.78815236814043
 21
5.100983072866281
 31
0.0
  0
LINE
  5
EB4
330
83
100
AcDbEntity
  8
Edges
100
AcDbLine
 10
1.01145404483725
 20
5.137557942936329
 30
0.0
 11
1.01145404483725
 21
5.100983072866281
 31
0.0
  0
LINE
  5
EB5
330
83
100
AcDbEntity
  8
Edges
100
AcDbLine
 10
16.99649390789803
 20
5.100983072866282
 30
0.0
 11
16.99649390789803
 21
5.13755794293633
 31
0.0
  0
LINE
  5
EB6
330
83
100
AcDbEntity
  8
Edges
100
AcDbLine
 10
-17.87634073777126
 20
5.137557942936329
 30
0.0
 11
-17.87634073777126
 21
5.100983072866281
 31
0.0
  0
LINE
  5
EB7
330
83
100
AcDbEntity
  8
Edges
100
AcDbLine
 10
-1.255081350311911
 20
5.100983072866282
 30
0.0
 11
-1.255081350311911
 21
5.137557942936329
 31
0.0
  0
LINE
  5
EB8
330
83
100
AcDbEntity
  8
Edges
100
AcDbLine
 10
13.97444666380353
 20
5.137557942936329
 30
0.0
 11
13.97444666380353
 21
5.100983072866281
 31
0.0
  0
LINE
  5
EB9
330
83
100
AcDbEntity
  8
Edges
100
AcDbLine
 10
13.85515532522086
 20
5.100983072866282
 30
0.0
 11
13.85515532522086
 21
5.137557942936329
 31
0.0
  0
LINE
  5
EBA
330
83
100
AcDbEntity
  8
Edges
100
AcDbLine
 10
15.48547028585079
 20
5.137557942936329
 30
0.0
 11
15.48547028585079
 21
5.100983072866281
 31
0.0
  0
LINE
  5
EBB
330
83
100
AcDbEntity
  8
Edges
100
AcDbLine
 10
15.36617894726809
 20
5.100983072866282
 30
0.0
 11
15.36617894726809
 21
5.137557942936329
 31
0.0
  0
LINE
  5
EBC
330
83
100
AcDbEntity
  8
Edges
100
AcDbLine
 10
-17.75704939918859
 20
5.100983072866282
 30
0.0
 11
-17.75704939918859
 21
5.137557942936329
 31
0.0
  0
LINE
  5
EBD
330
83
100
AcDbEntity
  8
Edges
100
AcDbLine
 10
8.68586337989106
 20
5.137557942936329
 30
0.0
 11
8.68586337989106
 21
5.100983072866281
 31
0.0
  0
LINE
  5
EBE
330
83
100
AcDbEntity
  8
Edges
100
AcDbLine
 10
4.033501175166662
 20
5.137557942936329
 30
0.0
 11
4.033501175166662
 21
5.100983072866281
 31
0.0
  0
LINE
  5
EBF
330
83
100
AcDbEntity
  8
Edges
100
AcDbLine
 10
4.152792513749332
 20
5.100983072866282
 30
0.0
 11
4.152792513749332
 21
5.137557942936329
 31
0.0
  0
LINE
  5
EC0
330
83
100
AcDbEntity
  8
Edges
100
AcDbLine
 10
5.544524797213895
 20
5.100983072866282
 30
0.0
 11
5.544524797213895
 21
5.13755794293633
 31
0.0
  0
LINE
  5
EC1
330
83
100
AcDbEntity
  8
Edges
100
AcDbLine
 10
16.87720256931536
 20
5.137557942936329
 30
0.0
 11
16.87720256931536
 21
5.100983072866281
 31
0.0
  0
LINE
  5
EC2
330
83
100
AcDbEntity
  8
Edges
100
AcDbLine
 10
8.56657204130839
 20
5.100983072866282
 30
0.0
 11
8.56657204130839
 21
5.13755794293633
 31
0.0
  0
LINE
  5
EC3
330
83
100
AcDbEntity
  8
Edges
100
AcDbLine
 10
-1.135790011729241
 20
5.137557942936329
 30
0.0
 11
-1.135790011729241
 21
5.100983072866281
 31
0.0
  0
LINE
  5
EC4
330
83
100
AcDbEntity
  8
Edges
100
AcDbLine
 10
16.12169075829173
 20
5.137557942936329
 30
0.0
 11
16.12169075829173
 21
5.100983072866281
 31
0.0
  0
LINE
  5
EC5
330
83
100
AcDbEntity
  8
Edges
100
AcDbLine
 10
16.24098209687442
 20
5.100983072866282
 30
0.0
 11
16.24098209687442
 21
5.137557942936329
 31
0.0
  0
LINE
  5
EC6
330
83
100
AcDbEntity
  8
Edges
100
AcDbLine
 10
20.01854115199251
 20
5.137557942936329
 30
0.0
 11
20.01854115199251
 21
5.100983072866281
 31
0.0
  0
LINE
  5
EC7
330
83
100
AcDbEntity
  8
Edges
100
AcDbLine
 10
19.89924981340985
 20
5.100983072866282
 30
0.0
 11
19.89924981340985
 21
5.137557942936329
 31
0.0
  0
LINE
  5
EC8
330
83
100
AcDbEntity
  8
Edges
100
AcDbLine
 10
5.663816135796579
 20
5.137557942936329
 30
0.0
 11
5.663816135796579
 21
5.100983072866281
 31
0.0
  0
LINE
  5
EC9
330
83
100
AcDbEntity
  8
Edges
100
AcDbLine
 10
13.09964351419724
 20
5.100983072866282
 30
0.0
 11
13.09964351419724
 21
5.13755794293633
 31
0.0
  0
LINE
  5
ECA
330
83
100
AcDbEntity
  8
Edges
100
AcDbLine
 10
-16.24602577714134
 20
5.100983072866282
 30
0.0
 11
-16.24602577714134
 21
5.137557942936329
 31
0.0
  0
LINE
  5
ECB
330
83
100
AcDbEntity
  8
Edges
100
AcDbLine
 10
-10.95744309997599
 20
5.137557942936329
 30
0.0
 11
-10.95744309997599
 21
5.100983072866281
 31
0.0
  0
LINE
  5
ECC
330
83
100
AcDbEntity
  8
Edges
100
AcDbLine
 10
9.322083852332013
 20
5.137557942936329
 30
0.0
 11
9.322083852332013
 21
5.100983072866281
 31
0.0
  0
LINE
  5
ECD
330
83
100
AcDbEntity
  8
Edges
100
AcDbLine
 10
9.441375190914683
 20
5.137557942936329
 30
0.0
 11
9.441375190914683
 21
5.100983072866281
 31
0.0
  0
LINE
  5
ECE
330
83
100
AcDbEntity
  8
Edges
100
AcDbLine
 10
-2.646813785463265
 20
5.137557942936329
 30
0.0
 11
-2.646813785463265
 21
5.100983072866281
 31
0.0
  0
LINE
  5
ECF
330
83
100
AcDbEntity
  8
Edges
100
AcDbLine
 10
11.70791123073267
 20
5.100983072866282
 30
0.0
 11
11.70791123073267
 21
5.13755794293633
 31
0.0
  0
LINE
  5
ED0
330
83
100
AcDbEntity
  8
Edges
100
AcDbLine
 10
17.63271438033896
 20
5.100983072866282
 30
0.0
 11
17.63271438033896
 21
5.137557942936329
 31
0.0
  0
LINE
  5
ED1
330
83
100
AcDbEntity
  8
Edges
100
AcDbLine
 10
-14.09878168265315
 20
5.100983072866282
 30
0.0
 11
-14.09878168265315
 21
5.137557942936329
 31
0.0
  0
LINE
  5
ED2
330
83
100
AcDbEntity
  8
Edges
100
AcDbLine
 10
-13.97949034407047
 20
5.137557942936329
 30
0.0
 11
-13.97949034407047
 21
5.100983072866281
 31
0.0
  0
LINE
  5
ED3
330
83
100
AcDbEntity
  8
Edges
100
AcDbLine
 10
-8.810199612234924
 20
5.100983072866282
 30
0.0
 11
-8.810199612234924
 21
5.137557942936329
 31
0.0
  0
LINE
  5
ED4
330
83
100
AcDbEntity
  8
Edges
100
AcDbLine
 10
-12.46846672202323
 20
5.100983072866282
 30
0.0
 11
-12.46846672202323
 21
5.13755794293633
 31
0.0
  0
LINE
  5
ED5
330
83
100
AcDbEntity
  8
Edges
100
AcDbLine
 10
17.75200571892165
 20
5.137557942936329
 30
0.0
 11
17.75200571892165
 21
5.100983072866281
 31
0.0
  0
LINE
  5
ED6
330
83
100
AcDbEntity
  8
Edges
100
AcDbLine
 10
-12.5877580606059
 20
5.100983072866282
 30
0.0
 11
-12.5877580606059
 21
5.137557942936329
 31
0.0
  0
LINE
  5
ED7
330
83
100
AcDbEntity
  8
Edges
100
AcDbLine
 10
-7.935396462628617
 20
5.100983072866282
 30
0.0
 11
-7.935396462628617
 21
5.13755794293633
 31
0.0
  0
LINE
  5
ED8
330
83
100
AcDbEntity
  8
Edges
100
AcDbLine
 10
-15.49051396611772
 20
5.137557942936329
 30
0.0
 11
-15.49051396611772
 21
5.100983072866281
 31
0.0
  0
LINE
  5
ED9
330
83
100
AcDbEntity
  8
Edges
100
AcDbLine
 10
-10.32122262753503
 20
5.137557942936329
 30
0.0
 11
-10.32122262753503
 21
5.100983072866281
 31
0.0
  0
LINE
  5
EDA
330
83
100
AcDbEntity
  8
Edges
100
AcDbLine
 10
12.34413170317361
 20
5.100983072866282
 30
0.0
 11
12.34413170317361
 21
5.13755794293633
 31
0.0
  0
LINE
  5
EDB
330
83
100
AcDbEntity
  8
Edges
100
AcDbLine
 10
1.886257232365238
 20
5.137557942936329
 30
0.0
 11
1.886257232365238
 21
5.100983072866281
 31
0.0
  0
LINE
  5
EDC
330
83
100
AcDbEntity
  8
Edges
100
AcDbLine
 10
1.130745383419935
 20
5.100983072866282
 30
0.0
 11
1.130745383419935
 21
5.137557942936329
 31
0.0
  0
LINE
  5
EDD
330
83
100
AcDbEntity
  8
Edges
100
AcDbLine
 10
12.4634230417563
 20
5.137557942936329
 30
0.0
 11
12.4634230417563
 21
5.100983072866281
 31
0.0
  0
LINE
  5
EDE
330
83
100
AcDbEntity
  8
Edges
100
AcDbLine
 10
-15.6098053047004
 20
5.100983072866282
 30
0.0
 11
-15.6098053047004
 21
5.13755794293633
 31
0.0
  0
LINE
  5
EDF
330
83
100
AcDbEntity
  8
Edges
100
AcDbLine
 10
18.50751752994527
 20
5.137557942936329
 30
0.0
 11
18.50751752994527
 21
5.100983072866281
 31
0.0
  0
LINE
  5
EE0
330
83
100
AcDbEntity
  8
Edges
100
AcDbLine
 10
19.26302934096888
 20
5.137557942936329
 30
0.0
 11
19.26302934096888
 21
5.100983072866281
 31
0.0
  0
LINE
  5
EE1
330
83
100
AcDbEntity
  8
Edges
100
AcDbLine
 10
19.14373800238623
 20
5.137557942936329
 30
0.0
 11
19.14373800238623
 21
5.100983072866281
 31
0.0
  0
LINE
  5
EE2
330
83
100
AcDbEntity
  8
Edges
100
AcDbLine
 10
-5.66886102955776
 20
5.137557942936329
 30
0.0
 11
-5.66886102955776
 21
5.100983072866281
 31
0.0
  0
LINE
  5
EE3
330
83
100
AcDbEntity
  8
Edges
100
AcDbLine
 10
18.38822619136259
 20
5.100983072866282
 30
0.0
 11
18.38822619136259
 21
5.137557942936329
 31
0.0
  0
LINE
  5
EE4
330
83
100
AcDbEntity
  8
Edges
100
AcDbLine
 10
-11.83224624958228
 20
5.137557942936329
 30
0.0
 11
-11.83224624958228
 21
5.100983072866281
 31
0.0
  0
LINE
  5
EE5
330
83
100
AcDbEntity
  8
Edges
100
AcDbLine
 10
-11.71295491099961
 20
5.137557942936329
 30
0.0
 11
-11.71295491099961
 21
5.100983072866281
 31
0.0
  0
LINE
  5
EE6
330
83
100
AcDbEntity
  8
Edges
100
AcDbLine
 10
-18.51256121021221
 20
5.137557942936329
 30
0.0
 11
-18.51256121021221
 21
5.100983072866281
 31
0.0
  0
LINE
  5
EE7
330
83
100
AcDbEntity
  8
Edges
100
AcDbLine
 10
-18.63185254879488
 20
5.100983072866282
 30
0.0
 11
-18.63185254879488
 21
5.13755794293633
 31
0.0
  0
LINE
  5
EE8
330
83
100
AcDbEntity
  8
Edges
100
AcDbLine
 10
-8.69090827365224
 20
5.100983072866282
 30
0.0
 11
-8.69090827365224
 21
5.13755794293633
 31
0.0
  0
LINE
  5
EE9
330
83
100
AcDbEntity
  8
Edges
100
AcDbLine
 10
-20.70264120672573
 20
2.325119688002438
 30
0.0
 11
-20.70264120672562
 21
-3.443140834213068
 31
0.0
  0
LINE
  5
EEA
330
83
100
AcDbEntity
  8
Edges
100
AcDbLine
 10
22.3344607287647
 20
0.6660509178064516
 30
0.0
 11
22.33446072876461
 21
-5.102209604409054
 31
0.0
  0
LINE
  5
EEB
330
83
100
AcDbEntity
  8
Edges
100
AcDbLine
 10
22.7094607287647
 20
-5.102209604409061
 30
0.0
 11
22.70946072876471
 21
0.6660509178064516
 31
0.0
  0
LINE
  5
EEC
330
83
100
AcDbEntity
  8
Edges
100
AcDbLine
 10
-21.07764120672573
 20
2.325119688002438
 30
0.0
 11
-21.07764120672562
 21
-3.443140834213075
 31
0.0
  0
LINE
  5
EED
330
83
100
AcDbEntity
  8
Edges
100
AcDbLine
 10
-20.62788128133889
 20
-3.616909455417705
 30
0.0
 11
-19.70264120672576
 21
-3.647541041950915
 31
0.0
  0
LINE
  5
EEE
330
83
100
AcDbEntity
  8
Edges
100
AcDbLine
 10
-20.60593946655382
 20
0.7947931511050613
 30
0.0
 11
-19.70264120672574
 21
0.7947931511050613
 31
0.0
  0
LINE
  5
EEF
330
83
100
AcDbEntity
  8
Edges
100
AcDbLine
 10
22.25970080337784
 20
-5.275978225613691
 30
0.0
 11
21.82745634998909
 21
-5.275978225613691
 31
0.0
  0
LINE
  5
EF0
330
83
100
AcDbEntity
  8
Edges
100
AcDbLine
 10
-18.79141603591223
 20
19.73614726316393
 30
0.0
 11
-18.79141603591223
 21
16.31790381928603
 31
0.0
  0
LINE
  5
EF1
330
83
100
AcDbEntity
  8
Edges
100
AcDbLine
 10
-19.58829103591223
 20
19.73614726316393
 30
0.0
 11
-19.58829103591223
 21
16.31790381928603
 31
0.0
  0
LINE
  5
EF2
330
83
100
AcDbEntity
  8
Edges
100
AcDbLine
 10
-20.20264120672575
 20
16.31790381928603
 30
0.0
 11
-20.20264120672576
 21
0.7947931511050614
 31
0.0
  0
LINE
  5
EF3
330
83
100
AcDbEntity
  8
Edges
100
AcDbLine
 10
21.79735879327425
 20
16.31790381928603
 30
0.0
 11
21.79735879327427
 21
0.5024932825750384
 31
0.0
  0
LINE
  5
EF4
330
83
100
AcDbEntity
  8
Edges
100
AcDbLine
 10
20.45858396408776
 20
19.73614726316393
 30
0.0
 11
20.45858396408776
 21
16.30512382020963
 31
0.0
  0
LINE
  5
EF5
330
83
100
AcDbEntity
  8
Edges
100
AcDbLine
 10
21.25545896408777
 20
19.73614726316393
 30
0.0
 11
21.25545896408777
 21
16.30512382020963
 31
0.0
  0
ENDBLK
  5
EF6
330
83
100
AcDbEntity
  8
0
100
AcDbBlockEnd
  0
ENDSEC
  0
SECTION
  2
ENTITIES
  0
INSERT
  5
82
330
2
100
AcDbEntity
  8
0
100
AcDbBlockReference
  2
Ruby5B-IRfr
 10
1779.221367958729
 20
618.0991140379124
 30
0.0
 41
18.57142857142857
 42
18.57142857142857
 43
18.57142857142857
  0
MTEXT
  5
EF8
330
2
100
AcDbEntity
  8
0
 62
   253
100
AcDbMText
 10
1383.319623561586
 20
278.534797502037
 30
0.0
 40
46.42857142857145
 41
9282.306745719557
 46
555.621903113726
 71
     1
 72
     1
  1
{\fKaiTi|b0|i0|c134|p34;\C256;\c0;正视图}
  7
ZB_宋体
 73
     1
 44
1.0
1001
ACAD
1000
ACAD_MTEXT_DEFINED_HEIGHT_BEGIN
1070
    46
1040
598.3620495070894
1000
ACAD_MTEXT_DEFINED_HEIGHT_END
  0
ENDSEC
  0
SECTION
  2
OBJECTS
  0
DICTIONARY
  5
9
330
0
100
AcDbDictionary
281
     1
  3
ACAD_COLOR
350
48
  3
ACAD_FIELDLIST
350
EFD
  3
ACAD_GROUP
350
3F
  3
ACAD_LAYOUT
350
12
  3
ACAD_MATERIAL
350
B
  3
ACAD_MLEADERSTYLE
350
4B
  3
ACAD_MLINESTYLE
350
40
  3
ACAD_PLOTSETTINGS
350
41
  3
ACAD_PLOTSTYLENAME
350
8
  3
ACAD_SCALELIST
350
49
  3
ACAD_TABLESTYLE
350
4A
  3
ACAD_VISUALSTYLE
350
28
  3
ACDB_RECOMPOSE_DATA
350
F02
  3
AcDbVariableDictionary
350
4C
  0
SUN
  5
29
330
26
100
AcDbSun
 90
        1
290
     0
 63
     7
421
 16777215
 40
1.0
291
     1
 91
  2455826
 92
 54000000
292
     0
 70
     0
 71
   256
280
     1
1001
ACAD
1000
AcDbSavedByObjectVersion
1070
     0
  0
DICTIONARY
  5
1B
330
1A
100
AcDbDictionary
280
     1
281
     1
  3
ACAD_LAYERSTATES
360
1C
  0
DICTIONARY
  5
3
330
2
100
AcDbDictionary
280
     1
281
     1
  3
ACAD_SORTENTS
360
EFC
  0
DICTIONARY
  5
37
330
36
100
AcDbDictionary
280
     1
281
     1
  3
ACAD_SORTENTS
360
EFA
  0
DICTIONARY
  5
30
330
2F
100
AcDbDictionary
280
     1
281
     1
  3
ACAD_SORTENTS
360
EFB
  0
DICTIONARY
  5
84
330
83
100
AcDbDictionary
280
     1
281
     1
  3
ACAD_SORTENTS
360
EF9
  0
DICTIONARY
  5
48
102
{ACAD_REACTORS
330
9
102
}
330
9
100
AcDbDictionary
281
     1
  0
FIELDLIST
  5
EFD
102
{ACAD_REACTORS
330
9
102
}
330
9
100
AcDbIdSet
 90
        0
100
AcDbFieldList
  0
DICTIONARY
  5
3F
102
{ACAD_REACTORS
330
9
102
}
330
9
100
AcDbDictionary
281
     1
  0
DICTIONARY
  5
12
102
{ACAD_REACTORS
330
9
102
}
330
9
100
AcDbDictionary
281
     1
  3
Layout1
350
19
  3
Model
350
11
  0
DICTIONARY
  5
B
102
{ACAD_REACTORS
330
9
102
}
330
9
100
AcDbDictionary
281
     1
  3
ByBlock
350
45
  3
ByLayer
350
42
  3
Global
350
A
  0
DICTIONARY
  5
4B
102
{ACAD_REACTORS
330
9
102
}
330
9
100
AcDbDictionary
281
     1
  0
DICTIONARY
  5
40
102
{ACAD_REACTORS
330
9
102
}
330
9
100
AcDbDictionary
281
     1
  3
Standard
350
5C
  0
DICTIONARY
  5
41
102
{ACAD_REACTORS
330
9
102
}
330
9
100
AcDbDictionary
281
     1
  0
ACDBDICTIONARYWDFLT
  5
8
102
{ACAD_REACTORS
330
9
102
}
330
9
100
AcDbDictionary
281
     1
  3
Color_7
350
89
  3
Normal
350
7
100
AcDbDictionaryWithDefault
340
7
  0
DICTIONARY
  5
49
102
{ACAD_REACTORS
330
9
102
}
330
9
100
AcDbDictionary
281
     1
  3
A0
350
61
  3
A1
350
62
  3
A2
350
63
  3
A3
350
64
  3
A4
350
65
  3
A5
350
66
  3
A6
350
67
  3
A7
350
68
  3
A8
350
69
  3
A9
350
6A
  3
B0
350
6B
  3
B1
350
6C
  3
B2
350
6D
  3
B3
350
6E
  3
B4
350
6F
  3
B5
350
70
  3
B6
350
71
  3
B7
350
72
  3
B8
350
73
  3
B9
350
74
  3
C0
350
75
  3
C1
350
76
  3
C2
350
77
  3
C3
350
78
  3
C4
350
79
  3
C5
350
7A
  3
C6
350
7B
  3
C7
350
7C
  3
C8
350
7D
  3
C9
350
7E
  3
D0
350
7F
  3
D1
350
80
  3
D2
350
81
  0
DICTIONARY
  5
4A
102
{ACAD_REACTORS
330
9
102
}
330
9
100
AcDbDictionary
281
     1
  3
Standard
350
5D
  0
DICTIONARY
  5
28
102
{ACAD_REACTORS
330
9
102
}
330
9
100
AcDbDictionary
281
     1
  3
2dWireframe
350
27
  3
Realistic
350
5F
  3
Wireframe
350
60
  0
XRECORD
  5
F02
102
{ACAD_REACTORS
330
9
102
}
330
9
100
AcDbXrecord
280
     1
 90
        1
330
5D
  0
DICTIONARY
  5
4C
102
{ACAD_REACTORS
330
9
102
}
330
9
100
AcDbDictionary
281
     1
  3
CANNOSCALE
350
4D
  3
CMLEADERSTYLE
350
4E
  3
CTABLESTYLE
350
4F
  3
CVIEWDETAILSTYLE
350
50
  3
CVIEWSECTIONSTYLE
350
51
  3
DIMASSOC
350
52
  3
HIDETEXT
350
53
  3
HPCOLOR
350
54
  3
HPTRANSPARENCY
350
55
  3
LAYEREVAL
350
56
  3
LAYERNOTIFY
350
57
  3
LIGHTINGUNITS
350
58
  3
MARKUPASSISTMODE
350
59
  3
MSLTSCALE
350
5A
  3
SOLIDHIST
350
5B
  3
XCLIPFRAME
350
EFE
  0
DICTIONARY
  5
1C
102
{ACAD_REACTORS
330
1B
102
}
330
1B
100
AcDbDictionary
281
     1
  0
SORTENTSTABLE
  5
EFC
102
{ACAD_REACTORS
330
3
102
}
330
3
100
AcDbSortentsTable
330
2
  0
SORTENTSTABLE
  5
EFA
102
{ACAD_REACTORS
330
37
102
}
330
37
100
AcDbSortentsTable
330
36
  0
SORTENTSTABLE
  5
EFB
102
{ACAD_REACTORS
330
30
102
}
330
30
100
AcDbSortentsTable
330
2F
  0
SORTENTSTABLE
  5
EF9
102
{ACAD_REACTORS
330
84
102
}
330
84
100
AcDbSortentsTable
330
83
  0
LAYOUT
  5
19
102
{ACAD_REACTORS
330
12
102
}
330
12
100
AcDbPlotSettings
  1

  2
None
  4

  6

 40
0.0
 41
0.0
 42
0.0
 43
0.0
 44
0.0
 45
0.0
 46
0.0
 47
0.0
 48
0.0
 49
0.0
140
0.0
141
0.0
142
1.0
143
1.0
 70
   688
 72
     0
 73
     0
 74
     5
  7
acad.ctb
 75
    16
147
1.0
 76
     0
 77
     2
 78
   300
148
0.0
149
0.0
100
AcDbLayout
  1
Layout1
 70
     1
 71
     1
 10
0.0
 20
0.0
 11
12.0
 21
9.0
 12
0.0
 22
0.0
 32
0.0
 14
0.0
 24
0.0
 34
0.0
 15
0.0
 25
0.0
 35
0.0
146
0.0
 13
0.0
 23
0.0
 33
0.0
 16
1.0
 26
0.0
 36
0.0
 17
0.0
 27
1.0
 37
0.0
 76
     0
330
16
  0
LAYOUT
  5
11
102
{ACAD_XDICTIONARY
360
13
102
}
102
{ACAD_REACTORS
330
12
102
}
330
12
100
AcDbPlotSettings
  1

  2
HP LaserJet Professional P1106
  4
Letter
  6

 40
4.857749462127685
 41
4.85772705078125
 42
4.011093139648437
 43
4.857757568359375
 44
215.8999938964844
 45
279.3999938964844
 46
0.0
 47
0.0
 48
91879.27230637805
 49
35955.54609258753
140
108267.192306378
141
47269.62609258754
142
1.0
143
1543.481934188235
 70
  3760
 72
     0
 73
     1
 74
     4
  7
monochrome.ctb
 75
     0
147
0.0006478857820425
 76
     1
 77
     2
 78
   300
148
-2333733.516582003
149
-913270.8707517231
100
AcDbLayout
  1
Model
 70
     1
 71
     0
 10
0.0
 20
0.0
 11
12.0
 21
9.0
 12
0.0
 22
0.0
 32
0.0
 14
0.0
 24
0.0
 34
0.0
 15
0.0
 25
0.0
 35
0.0
146
0.0
 13
0.0
 23
0.0
 33
0.0
 16
1.0
 26
0.0
 36
0.0
 17
0.0
 27
1.0
 37
0.0
 76
     0
330
2
331
26
1001
ACAD_PSEXT
1000
HP LaserJet Professional P1106
1000
HP LaserJet Professional P1106
1000
USB001
1000

1070
     0
  0
MATERIAL
  5
45
102
{ACAD_XDICTIONARY
360
46
102
}
102
{ACAD_REACTORS
330
B
102
}
330
B
100
AcDbMaterial
  1
ByBlock
 94
       63
  0
MATERIAL
  5
42
102
{ACAD_XDICTIONARY
360
43
102
}
102
{ACAD_REACTORS
330
B
102
}
330
B
100
AcDbMaterial
  1
ByLayer
 94
       63
  0
MATERIAL
  5
A
102
{ACAD_XDICTIONARY
360
C
102
}
102
{ACAD_REACTORS
330
B
102
}
330
B
100
AcDbMaterial
  1
Global
 43
0.0208000000566244
 43
0.0
 43
0.0
 43
0.0
 43
0.0
 43
0.0208000000566244
 43
0.0
 43
0.0
 43
0.0
 43
0.0
 43
1.0
 43
0.0
 43
0.0
 43
0.0
 43
0.0
 43
1.0
 49
0.0208000000566244
 49
0.0
 49
0.0
 49
0.0
 49
0.0
 49
0.0208000000566244
 49
0.0
 49
0.0
 49
0.0
 49
0.0
 49
1.0
 49
0.0
 49
0.0
 49
0.0
 49
0.0
 49
1.0
142
0.0208000000566244
142
0.0
142
0.0
142
0.0
142
0.0
142
0.0208000000566244
142
0.0
142
0.0
142
0.0
142
0.0
142
1.0
142
0.0
142
0.0
142
0.0
142
0.0
142
1.0
144
0.0208000000566244
144
0.0
144
0.0
144
0.0
144
0.0
144
0.0208000000566244
144
0.0
144
0.0
144
0.0
144
0.0
144
1.0
144
0.0
144
0.0
144
0.0
144
0.0
144
1.0
 94
       63
1001
ACAD
1070
    -1
1070
     3
1070
     0
1000

1071
        0
1070
     0
  0
MLINESTYLE
  5
5C
102
{ACAD_REACTORS
330
40
102
}
330
40
100
AcDbMlineStyle
  2
STANDARD
 70
     0
  3

 62
   256
 51
90.0
 52
90.0
 71
     2
 49
0.5
 62
   256
  6
BYLAYER
 49
-0.5
 62
   256
  6
BYLAYER
  0
ACDBPLACEHOLDER
  5
89
102
{ACAD_REACTORS
330
8
102
}
330
8
  0
ACDBPLACEHOLDER
  5
7
102
{ACAD_REACTORS
330
8
102
}
330
8
  0
SCALE
  5
61
102
{ACAD_REACTORS
330
49
102
}
330
49
100
AcDbScale
 70
     0
300
1:1
140
1.0
141
1.0
290
     1
  0
SCALE
  5
62
102
{ACAD_REACTORS
330
49
102
}
330
49
100
AcDbScale
 70
     0
300
1:2
140
1.0
141
2.0
290
     0
  0
SCALE
  5
63
102
{ACAD_REACTORS
330
49
102
}
330
49
100
AcDbScale
 70
     0
300
1:4
140
1.0
141
4.0
290
     0
  0
SCALE
  5
64
102
{ACAD_REACTORS
330
49
102
}
330
49
100
AcDbScale
 70
     0
300
1:5
140
1.0
141
5.0
290
     0
  0
SCALE
  5
65
102
{ACAD_REACTORS
330
49
102
}
330
49
100
AcDbScale
 70
     0
300
1:8
140
1.0
141
8.0
290
     0
  0
SCALE
  5
66
102
{ACAD_REACTORS
330
49
102
}
330
49
100
AcDbScale
 70
     0
300
1:10
140
1.0
141
10.0
290
     0
  0
SCALE
  5
67
102
{ACAD_REACTORS
330
49
102
}
330
49
100
AcDbScale
 70
     0
300
1:16
140
1.0
141
16.0
290
     0
  0
SCALE
  5
68
102
{ACAD_REACTORS
330
49
102
}
330
49
100
AcDbScale
 70
     0
300
1:20
140
1.0
141
20.0
290
     0
  0
SCALE
  5
69
102
{ACAD_REACTORS
330
49
102
}
330
49
100
AcDbScale
 70
     0
300
1:30
140
1.0
141
30.0
290
     0
  0
SCALE
  5
6A
102
{ACAD_REACTORS
330
49
102
}
330
49
100
AcDbScale
 70
     0
300
1:40
140
1.0
141
40.0
290
     0
  0
SCALE
  5
6B
102
{ACAD_REACTORS
330
49
102
}
330
49
100
AcDbScale
 70
     0
300
1:50
140
1.0
141
50.0
290
     0
  0
SCALE
  5
6C
102
{ACAD_REACTORS
330
49
102
}
330
49
100
AcDbScale
 70
     0
300
1:100
140
1.0
141
100.0
290
     0
  0
SCALE
  5
6D
102
{ACAD_REACTORS
330
49
102
}
330
49
100
AcDbScale
 70
     0
300
2:1
140
2.0
141
1.0
290
     0
  0
SCALE
  5
6E
102
{ACAD_REACTORS
330
49
102
}
330
49
100
AcDbScale
 70
     0
300
4:1
140
4.0
141
1.0
290
     0
  0
SCALE
  5
6F
102
{ACAD_REACTORS
330
49
102
}
330
49
100
AcDbScale
 70
     0
300
8:1
140
8.0
141
1.0
290
     0
  0
SCALE
  5
70
102
{ACAD_REACTORS
330
49
102
}
330
49
100
AcDbScale
 70
     0
300
10:1
140
10.0
141
1.0
290
     0
  0
SCALE
  5
71
102
{ACAD_REACTORS
330
49
102
}
330
49
100
AcDbScale
 70
     0
300
100:1
140
100.0
141
1.0
290
     0
  0
SCALE
  5
72
102
{ACAD_REACTORS
330
49
102
}
330
49
100
AcDbScale
 70
     0
300
1/128" = 1'-0"
140
0.0078125
141
12.0
290
     0
  0
SCALE
  5
73
102
{ACAD_REACTORS
330
49
102
}
330
49
100
AcDbScale
 70
     0
300
1/64" = 1'-0"
140
0.015625
141
12.0
290
     0
  0
SCALE
  5
74
102
{ACAD_REACTORS
330
49
102
}
330
49
100
AcDbScale
 70
     0
300
1/32" = 1'-0"
140
0.03125
141
12.0
290
     0
  0
SCALE
  5
75
102
{ACAD_REACTORS
330
49
102
}
330
49
100
AcDbScale
 70
     0
300
1/16" = 1'-0"
140
0.0625
141
12.0
290
     0
  0
SCALE
  5
76
102
{ACAD_REACTORS
330
49
102
}
330
49
100
AcDbScale
 70
     0
300
3/32" = 1'-0"
140
0.09375
141
12.0
290
     0
  0
SCALE
  5
77
102
{ACAD_REACTORS
330
49
102
}
330
49
100
AcDbScale
 70
     0
300
1/8" = 1'-0"
140
0.125
141
12.0
290
     0
  0
SCALE
  5
78
102
{ACAD_REACTORS
330
49
102
}
330
49
100
AcDbScale
 70
     0
300
3/16" = 1'-0"
140
0.1875
141
12.0
290
     0
  0
SCALE
  5
79
102
{ACAD_REACTORS
330
49
102
}
330
49
100
AcDbScale
 70
     0
300
1/4" = 1'-0"
140
0.25
141
12.0
290
     0
  0
SCALE
  5
7A
102
{ACAD_REACTORS
330
49
102
}
330
49
100
AcDbScale
 70
     0
300
3/8" = 1'-0"
140
0.375
141
12.0
290
     0
  0
SCALE
  5
7B
102
{ACAD_REACTORS
330
49
102
}
330
49
100
AcDbScale
 70
     0
300
1/2" = 1'-0"
140
0.5
141
12.0
290
     0
  0
SCALE
  5
7C
102
{ACAD_REACTORS
330
49
102
}
330
49
100
AcDbScale
 70
     0
300
3/4" = 1'-0"
140
0.75
141
12.0
290
     0
  0
SCALE
  5
7D
102
{ACAD_REACTORS
330
49
102
}
330
49
100
AcDbScale
 70
     0
300
1" = 1'-0"
140
1.0
141
12.0
290
     0
  0
SCALE
  5
7E
102
{ACAD_REACTORS
330
49
102
}
330
49
100
AcDbScale
 70
     0
300
1-1/2" = 1'-0"
140
1.5
141
12.0
290
     0
  0
SCALE
  5
7F
102
{ACAD_REACTORS
330
49
102
}
330
49
100
AcDbScale
 70
     0
300
3" = 1'-0"
140
3.0
141
12.0
290
     0
  0
SCALE
  5
80
102
{ACAD_REACTORS
330
49
102
}
330
49
100
AcDbScale
 70
     0
300
6" = 1'-0"
140
6.0
141
12.0
290
     0
  0
SCALE
  5
81
102
{ACAD_REACTORS
330
49
102
}
330
49
100
AcDbScale
 70
     0
300
1'-0" = 1'-0"
140
12.0
141
12.0
290
     0
  0
TABLESTYLE
  5
5D
102
{ACAD_XDICTIONARY
360
5E
102
}
102
{ACAD_REACTORS
330
4A
102
}
330
4A
100
AcDbTableStyle
  3
Standard
 70
     0
 71
     0
 40
0.06
 41
0.06
280
     0
281
     0
  7
Standard
140
0.18
170
     2
 62
     0
 63
     7
283
     0
 90
      512
 91
        0
  1

274
    -2
284
     1
 64
     0
275
    -2
285
     1
 65
     0
276
    -2
286
     1
 66
     0
277
    -2
287
     1
 67
     0
278
    -2
288
     1
 68
     0
279
    -2
289
     1
 69
     0
  7
Standard
140
0.25
170
     5
 62
     0
 63
     7
283
     0
 90
      512
 91
        0
  1

274
    -2
284
     1
 64
     0
275
    -2
285
     1
 65
     0
276
    -2
286
     1
 66
     0
277
    -2
287
     1
 67
     0
278
    -2
288
     1
 68
     0
279
    -2
289
     1
 69
     0
  7
Standard
140
0.18
170
     5
 62
     0
 63
     7
283
     0
 90
      512
 91
        0
  1

274
    -2
284
     1
 64
     0
275
    -2
285
     1
 65
     0
276
    -2
286
     1
 66
     0
277
    -2
287
     1
 67
     0
278
    -2
288
     1
 68
     0
279
    -2
289
     1
 69
     0
  0
VISUALSTYLE
  5
27
102
{ACAD_XDICTIONARY
360
F03
102
}
102
{ACAD_REACTORS
330
28
102
}
330
28
100
AcDbVisualStyle
  2
2dWireframe
 70
     4
 71
     0
 72
     2
 73
     1
 90
        0
 40
-0.6
 41
-30.0
 62
     5
 63
     7
421
 16777215
 74
     1
 91
        4
 64
     7
 65
   257
 75
     1
175
     1
 42
1.0
 92
        0
 66
   257
 43
1.0
 76
     1
 77
     6
 78
     2
 67
     7
 79
     5
170
     0
171
     0
290
     0
174
     0
 93
        1
 44
0.0
173
     0
291
     0
 45
0.0
1001
ACAD
1000
AcDbSavedByObjectVersion
1070
     0
  0
VISUALSTYLE
  5
5F
102
{ACAD_XDICTIONARY
360
F05
102
}
102
{ACAD_REACTORS
330
28
102
}
330
28
100
AcDbVisualStyle
  2
Realistic
 70
     8
 71
     2
 72
     2
 73
     0
 90
        2
 40
-0.6
 41
30.0
 62
     5
 63
     7
421
 16777215
 74
     0
 91
        0
 64
     7
 65
   257
 75
     1
175
     1
 42
1.0
 92
        8
 66
   257
 43
1.0
 76
     1
 77
     6
 78
     2
 67
     7
 79
     3
170
     0
171
     0
290
     0
174
     0
 93
       13
 44
0.0
173
     0
291
     0
 45
0.0
1001
ACAD
1000
AcDbSavedByObjectVersion
1070
     0
  0
VISUALSTYLE
  5
60
102
{ACAD_XDICTIONARY
360
F07
102
}
102
{ACAD_REACTORS
330
28
102
}
330
28
100
AcDbVisualStyle
  2
Wireframe
 70
     5
 71
     0
 72
     2
 73
     0
 90
        0
 40
-0.6
 41
-30.0
 62
     5
 63
     7
421
 16777215
 74
     1
 91
        4
 64
     7
 65
   257
 75
     1
175
     1
 42
1.0
 92
        0
 66
   257
 43
1.0
 76
     1
 77
     6
 78
     2
 67
     7
 79
     3
170
     0
171
     0
290
     0
174
     0
 93
        1
 44
0.0
173
     0
291
     0
 45
0.0
1001
ACAD
1000
AcDbSavedByObjectVersion
1070
     0
  0
DICTIONARYVAR
  5
4D
102
{ACAD_REACTORS
330
4C
102
}
330
4C
100
DictionaryVariables
280
     0
  1
1:1
  0
DICTIONARYVAR
  5
4E
102
{ACAD_REACTORS
330
4C
102
}
330
4C
100
DictionaryVariables
280
     0
  1
STANDARD
  0
DICTIONARYVAR
  5
4F
102
{ACAD_REACTORS
330
4C
102
}
330
4C
100
DictionaryVariables
280
     0
  1
STANDARD
  0
DICTIONARYVAR
  5
50
102
{ACAD_REACTORS
330
4C
102
}
330
4C
100
DictionaryVariables
280
     0
  1

  0
DICTIONARYVAR
  5
51
102
{ACAD_REACTORS
330
4C
102
}
330
4C
100
DictionaryVariables
280
     0
  1

  0
DICTIONARYVAR
  5
52
102
{ACAD_REACTORS
330
4C
102
}
330
4C
100
DictionaryVariables
280
     0
  1
2
  0
DICTIONARYVAR
  5
53
102
{ACAD_REACTORS
330
4C
102
}
330
4C
100
DictionaryVariables
280
     0
  1
1
  0
DICTIONARYVAR
  5
54
102
{ACAD_REACTORS
330
4C
102
}
330
4C
100
DictionaryVariables
280
     0
  1
253
  0
DICTIONARYVAR
  5
55
102
{ACAD_REACTORS
330
4C
102
}
330
4C
100
DictionaryVariables
280
     0
  1
ByLayer
  0
DICTIONARYVAR
  5
56
102
{ACAD_REACTORS
330
4C
102
}
330
4C
100
DictionaryVariables
280
     0
  1
0
  0
DICTIONARYVAR
  5
57
102
{ACAD_REACTORS
330
4C
102
}
330
4C
100
DictionaryVariables
280
     0
  1
0
  0
DICTIONARYVAR
  5
58
102
{ACAD_REACTORS
330
4C
102
}
330
4C
100
DictionaryVariables
280
     0
  1
2
  0
DICTIONARYVAR
  5
59
102
{ACAD_REACTORS
330
4C
102
}
330
4C
100
DictionaryVariables
280
     0
  1
0
  0
DICTIONARYVAR
  5
5A
102
{ACAD_REACTORS
330
4C
102
}
330
4C
100
DictionaryVariables
280
     0
  1
1
  0
DICTIONARYVAR
  5
5B
102
{ACAD_REACTORS
330
4C
102
}
330
4C
100
DictionaryVariables
280
     0
  1
1
  0
DICTIONARYVAR
  5
EFE
102
{ACAD_REACTORS
330
4C
102
}
330
4C
100
DictionaryVariables
280
     0
  1
2
  0
DICTIONARY
  5
13
330
11
100
AcDbDictionary
280
     1
281
     1
  3
ADSK_XREC_LAYOUTTHUMBNAIL
360
14
  0
DICTIONARY
  5
46
330
45
100
AcDbDictionary
280
     1
281
     1
  3
FBXASSET
360
47
  0
DICTIONARY
  5
43
330
42
100
AcDbDictionary
280
     1
281
     1
  3
FBXASSET
360
44
  0
DICTIONARY
  5
C
330
A
100
AcDbDictionary
280
     1
281
     1
  3
FBXASSET
360
D
  0
DICTIONARY
  5
5E
330
5D
100
AcDbDictionary
280
     1
281
     1
  3
ACAD_ROUNDTRIP_2008_TABLESTYLE_CELLSTYLEMAP
360
EFF
  0
DICTIONARY
  5
F03
330
27
100
AcDbDictionary
280
     1
281
     1
  3
ACAD_XREC_ROUNDTRIP
360
F04
  0
DICTIONARY
  5
F05
330
5F
100
AcDbDictionary
280
     1
281
     1
  3
ACAD_XREC_ROUNDTRIP
360
F06
  0
DICTIONARY
  5
F07
330
60
100
AcDbDictionary
280
     1
281
     1
  3
ACAD_XREC_ROUNDTRIP
360
F08
  0
XRECORD
  5
14
102
{ACAD_REACTORS
330
13
102
}
330
13
100
AcDbXrecord
280
     1
310
28000000000100006D0000000100080000000000006D00000000000000000000000000000000000030282100FFFFFF00302821000000000000000000000000000000000000000000000000000000000000000000330000006600000099000000CC000000FF00000000330000333300006633000099330000CC330000FF3300
310
0000660000336600006666000099660000CC660000FF66000000990000339900006699000099990000CC990000FF99000000CC000033CC000066CC000099CC0000CCCC0000FFCC000000FF000033FF000066FF000099FF0000CCFF0000FFFF000000003300330033006600330099003300CC003300FF003300003333003333
310
33006633330099333300CC333300FF33330000663300336633006666330099663300CC663300FF66330000993300339933006699330099993300CC993300FF99330000CC330033CC330066CC330099CC3300CCCC3300FFCC330000FF330033FF330066FF330099FF3300CCFF3300FFFF330000006600330066006600660099
310
006600CC006600FF00660000336600333366006633660099336600CC336600FF33660000666600336666006666660099666600CC666600FF66660000996600339966006699660099996600CC996600FF99660000CC660033CC660066CC660099CC6600CCCC6600FFCC660000FF660033FF660066FF660099FF6600CCFF6600
310
FFFF660000009900330099006600990099009900CC009900FF00990000339900333399006633990099339900CC339900FF33990000669900336699006666990099669900CC669900FF66990000999900339999006699990099999900CC999900FF99990000CC990033CC990066CC990099CC9900CCCC9900FFCC990000FF99
310
0033FF990066FF990099FF9900CCFF9900FFFF99000000CC003300CC006600CC009900CC00CC00CC00FF00CC000033CC003333CC006633CC009933CC00CC33CC00FF33CC000066CC003366CC006666CC009966CC00CC66CC00FF66CC000099CC003399CC006699CC009999CC00CC99CC00FF99CC0000CCCC0033CCCC0066CC
310
CC0099CCCC00CCCCCC00FFCCCC0000FFCC0033FFCC0066FFCC0099FFCC00CCFFCC00FFFFCC000000FF003300FF006600FF009900FF00CC00FF00FF00FF000033FF003333FF006633FF009933FF00CC33FF00FF33FF000066FF003366FF006666FF009966FF00CC66FF00FF66FF000099FF003399FF006699FF009999FF00CC
310
99FF00FF99FF0000CCFF0033CCFF0066CCFF0099CCFF00CCCCFF00FFCCFF0000FFFF0033FFFF0066FFFF0099FFFF00CCFFFF00FFFFFF00000000000D0D0D001A1A1A00282828003535350043434300505050005D5D5D006B6B6B00787878008686860093939300A1A1A100AEAEAE00BBBBBB00C9C9C900D6D6D600E4E4E400
310
F1F1F100FFFFFF000000000000000000000000000000000000000000000000000000000000000000000000000000000000000000000000000000000000000000000000000000000000000000000000000000000000000000000000000000000000000000000000000000000000000000000000000000000000000000000000
310
00000000000000000000000000000000000000000000000000000000000000000000000000000000000000000000000000000000000000000000000000000000000000000000000000000000000000000000000000000000000000000000000000000000000000000000000000000000000000000000000000000000000000
310
00000000000000000000000000000000000000000000000000000000000000000000000000000000000000000000000000000000000000000000000000000000000000000000000000000000000000000000000000000000000000000000000000000000000000000000000000000000000000000000000000000000000000
310
00000000000000000000000000000000000000000000000000000000000000000000000000000000000000000000000000000000000000000000000000000000000000000000000000000000000000000000000000000000000000000000000000000000000000000000000000000000000000000000000000000000000000
310
00000000000000000000000000000000000000000000000000000000000000000000000000000000000000000000000000000000000000000000000000000000000000000000000000000000000000000000000000000000000000000000000000000000000000000000000000000000000000000000000000000000000000
310
00000000000000000000000000000000000000000000000000000000000000000000000000000000000000000000000000000000000000000000000000000000000000000000000000000000000000000000000000000000000000000000000000000000000000000000000000000000000000000000000000000000000000
310
00000000000000000000000000000000000000000000000000000000000000000000000000000000000000000000000000000000000000000000000000000000000000000000000000000000000000000000000000000000000000000000000000000000000000000000000000000000000000000000000000000000000000
310
00000000000000000000000000000000000000000000000000000000000000000000000000000000000000000000000000000000000000000000000000000000000000000000000000000000000000000000000000000000000000000000000000000000000000000000000000000000000000000000000000000000000000
310
00000000000000000000000000000000000000000000000000000000000000000000000000000000000000000000000000000000000000000000000000000000000000000000000000000000000000000000000000000000000000000000000000000000000000000000000000000000000000000000000000000000000000
310
00000000000000000000000000000000000000000000000000000000000000000000000000000000000000000000000000000000000000000000000000000000000000000000000000000000000000000000000000000000000000000000000000000000000000000000000000000000000000000000000000000000000000
310
00000000000000000000000000000000000000000000000000000000000000000000000000000000000000000000000000000000000000000000000000000000000000000000000000000000000000000000000000000000000000000000000000000000000000000000000000000000000000000000000000000000000000
310
00000000000000000000000000000000000000000000000000000000000000000000000000000000000000000000000000000000000000000000000000000000000000000000000000000000000000000000000000000000000000000000000000000000000000000000000000000000000000000000000000000000000000
310
00000000000000000000000000000000000000000000000000000000000000000000000000000000000000000000000000000000000000000000000000000000000000000000000000000000000000000000000000000000000000000000000000000000000000000000000000000000000000000000000000000000000000
310
00000000000000000000000000000000000000000000000000000000000000000000000000000000000000000000000000000000000000000000000000000000000000000000000000000000000000000000000000000000000000000000000000000000000000000000000000000000000000000000000000000000000000
310
00000000000000000000000000000000000000000000000000000000000000000000000000000000000000000000000000000000000000000000000000000000000000000000000000000000000000000000000000000000000000000000000000000000000000000000000000000000000000000000000000000000000000
310
00000000000000000000000000000000000000000000000000000000000000000000000000000000000000000000000000000000000000000000000000000000000000000000000000000000000000000000000000000000000000000000000000000000000000000000000000000000000000000000000000000000000000
310
00000000000000000000000000000000000000000000000000000000000000000000000000000000000000000000000000000000000000000000000000000000000000000000000000000000000000000000000000000000000000000000000000000000000000000000000000000000000000000000000000000000000000
310
00000000000000000000000000000000000000000000000000000000000000000000000000000000000000000000000000000000000000000000000000000000000000000000000000000000000000000000000000000000000000000000000000000000000000000000000000000000000000000000000000000000000000
310
00000000000000000000000000000000000000000000000000000000000000000000000000000000000000000000000000000000000000000000000000000000000000000000000000000000000000000000000000000000000000000000000000000000000000000000000000000000000000000000000000000000000000
310
00000000000000000000000000000000000000000000000000000000000000000000000000000000000000000000000000000000000000000000000000000000000000000000000000000000000000000000000000000000000000000000000000000000000000000000000000000000000000000000000000000000000000
310
00000000000000000000000000000000000000000000000000000000000000000000000000000000000000000000000000000000000000000000000000000000000000000000000000000000000000000000000000000000000000000000000000000000000000000000000000000000000000000000000000000000000000
310
00000000000000000000000000000000000000000000000000000000000000000000000000000000000000000000000000000000000000000000000000000000000000000000000000000000000000000000000000000000000000000000000000000000000000000000000000000000000000000000000000000000000000
310
00000000000000000000000000000000000000000000000000000000000000000000000000000000000000000000000000000000000000000000000000000000000000000000000000000000000000000000000000000000000000000000000000000000000000000000000000000000000000000000000000000000000000
310
00000000000000000000000000000000000000000000000000000000000000000000000000000000000000000000000000000000000000000000000000000000000000000000000000000000000000000000000000000000000000000000000000000000000000000000000000000000000000000000000000000000000000
310
00000000000000000000000000000000000000000000000000000000000000000000000000000000000000000000000000000000000000000000000000000000000000000000000000000000000000000000000000000000000000000000000000000000000000000000000000000000000000000000000000000000000000
310
00000000000000000000000000000000000000000000000000000000000000000000000000000000000000000000000000000000000000000000000000000000000000000000000000000000000000000000000000000000000000000000000000000000000000000000000000000000000000000000000000000000000000
310
00000000000000000000000000000000000000000000000000000000000000000000000000000000000000000000000000000000000000000000000000000000000000000000000000000000000000000000000000000000000000000000000000000000000000000000000000000000000000000000000000000000000000
310
00000000000000000000000000000000000000000000000000000000000000000000000000000000000000000000000000000000000000000000000000000000000000000000000000000000000000000000000000000000000000000000000000000000000000000000000000000000000000000000000000000000000000
310
00000000000000000000000000000000000000000000000000000000000000000000000000000000000000000000000000000000000000000000000000000000000000000000000000000000000000000000000000000000000000000000000000000000000000000000000000000000000000000000000000000000000000
310
00000000000000000000000000000000000000000000000000000000000000000000000000000000000000000000000000000000000000000000000000000000000000000000000000000000000000000000000000000000000000000000000000000000000000000000000000000000000000000000000000000000000000
310
00000000000000000000000000000000000000000000000000000000000000000000000000000000000000000000000000000000000000000000000000000000000000000000000000000000000000000000000000000000000000000000000000000000000000000000000000000000000000000000000000000000000000
310
00000000000000000000000000000000000000000000000000000000000000000000000000000000000000000000000000000000000000000000000000000000000000000000000000000000000000000000000000000000000000000000000000000000000000000000000000000000000000000000000000000000000000
310
00000000000000000000000000000000000000000000000000000000000000000000000000000000000000000000000000000000000000000000000000000000000000000000000000000000000000000000000000000000000000000000000000000000000000000000000000000000000000000000000000000000000000
310
00000000000000000000000000000000000000000000000000000000000000000000000000000000000000000000000000000000000000000000000000000000000000000000000000000000000000000000000000000000000000000000000000000000000000000000000000000000000000000000000000000000000000
310
00000000000000000000000000000000000000000000000000000000000000000000000000000000000000000000000000000000000000000000000000000000000000000000000000000000000000000000000000000000000000000000000000000000000000000000000000000000000000000000000000000000000000
310
00000000000000000000000000000000000000000000000000000000000000000000000000000000000000000000000000000000000000000000000000000000000000000000000000000000000000000000000000000000000000000000000000000000000000000000000000000000000000000000000000000000000000
310
00000000000000000000000000000000000000000000000000000000000000000000000000000000000000000000000000000000000000000000000000000000000000000000000000000000000000000000000000000000000000000000000000000000000000000000000000000000000000000000000000000000000000
310
00000000000000000000000000000000000000000000000000000000000000000000000000000000000000000000000000000000000000000000000000000000000000000000000000000000000000000000000000000000000000000000000000000000000000000000000000000000000000000000000000000000000000
310
00000000000000000000000000000000000000000000000000000000000000000000000000000000000000000000000000000000000000000000000000000000000000000000000000000000000000000000000000000000000000000000000000000000000000000000000000000000000000000000000000000000000000
310
00000000000000000000000000000000000000000000000000000000000000000000000000000000000000000000000000000000000000000000000000000000000000000000000000000000000000000000000000000000000000000000000000000000000000000000000000000000000000000000000000000000000000
310
00000000000000000000000000000000000000000000000000000000000000000000000000000000000000000000000000000000000000000000000000000000000000000000000000000000000000000000000000000000000000000000000000000000000000000000000000000000000000000000000000000000000000
310
00000000000000000000000000000000000000000000000000000000000000000000000000000000000000000000000000000000000000000000000000000000000000000000000000000000000000000000000000000000000000000000000000000000000000000000000000000000000000000000000000000000000000
310
00000000000000000000000000000000000000000000000000000000000000000000000000000000000000000000000000000000000000000000000000000000000000000000000000000000000000000000000000000000000000000000000000000000000000000000000000000000000000000000000000000000000000
310
00000000000000000000000000000000000000000000000000000000000000000000000000000000000000000000000000000000000000000000000000000000000000000000000000000000000000000000000000000000000000000000000000000000000000000000000000000000000000000000000000000000000000
310
00000000000000000000000000000000000000000000000000000000000000000000000000000000000000000000000000000000000000000000000000000000000000000000000000000000000000000000000000000000000000000000000000000000000000000000000000000000000000000000000000000000000000
310
00000000000000000000000000000000000000000000000000000000000000000000000000000000000000000000000000000000000000000000000000000000000000000000000000000000000000000000000000000000000000000000000000000000000000000000000000000000000000000000000000000000000000
310
00000000000000000000000000000000000000000000000000000000000000000000000000000000000000000000000000000000000000000000000000000000000000000000000000000000000000000000000000000000000000000000000000000000000000000000000000000000000000000000000000000000000000
310
00000000000000000000000000000000000000000000000000000000000000000000000000000000000000000000000000000000000000000000000000000000000000000000000000000000000000000000000000000000000000000000000000000000000000000000000000000000000000000000000000000000000000
310
00000000000000000000000000000000000000000000000000000000000000000000000000000000000000000000000000000000000000000000000000000000000000000000000000000000000000000000000000000000000000000000000000000000000000000000000000000000000000000000000000000000000000
310
00000000000000000000000000000000000000000000000000000000000000000000000000000000000000000000000000000000000000000000000000000000000000000000000000000000000000000000000000000000000000000000000000000000000000000000000000000000000000000000000000000000000000
310
00000000000000000000000000000000000000000000000000000000000000000000000000000000000000000000000000000000000000000000000000000000000000000000000000000000000000000000000000000000000000000000000000000000000000000000000000000000000000000000000000000000000000
310
00000000000000000000000000000000000000000000000000000000000000000000000000000000000000000000000000000000000000000000000000000000000000000000000000000000000000000000000000000000000000000000000000000000000000000000000000000000000000000000000000000000000000
310
00000000000000000000000000000000000000000000000000000000000000000000000000000000000000000000000000000000000000000000000000000000000000000000000000000000000000000000000000000000000000000000000000000000000000000000000000000000000000000000000000000000000000
310
00000000000000000000000000000000000000000000000000000000000000000000000000000000000000000000000000000000000000000000000000000000000000000000000000000000000000000000000000000000000000000000000000000000000000000000000000000000000000000000000000000000000000
310
00000000000000000000000000000000000000000000000000000000000000000000000000000000000000000000000000000000000000000000000000000000000000000000000000000000000000000000000000000000000000000000000000000000000000000000000000000000000000000000000000000000000000
310
00000000000000000000000000000000000000000000000000000000000000000000000000000000000000000000000000000000000000000000000000000000000000000000000000000000000000000000000000000000000000000000000000000000000000000000000000000000000000000000000000000000000000
310
00000000000000000000000000000000000000000000000000000000000000000000000000000000000000000000000000000000000000000000000000000000000000000000000000000000000000000000000000000000000000000000000000000000000000000000000000000000000000000000000000000000000000
310
00000000000000000000000000000000000000000000000000000000000000000000000000000000000000000000000000000000000000000000000000000000000000000000000000000000000000000000000000000000000000000000000000000000000000000000000000000000000000000000000000000000000000
310
00000000000000000000000000000000000000000000000000000000000000000000000000000000000000000000000000000000000000000000000000000000000000000000000000000000000000000000000000000000000000000000000000000000000000000000000000000000000000000000000000000000000000
310
00000000000000000000000000000000000000000000000000000000000000000000000000000000000000000000000000000000000000000000000000000000000000000000000000000000000000000000000000000000000000000000000000000000000000000000000000000000000000000000000000000000000000
310
00000000000000000000000000000000000000000000000000000000000000000000000000000000000000000000000000000000000000000000000000000000000000000000000000000000000000000000000000000000000000000000000000000000000000000000000000000000000000000000000000000000000000
310
00000000000000000000000000000000000000000000000000000000000000000000000000000000000000000000000000000000000000000000000000000000000000000000000000000000000000000000000000000000000000000000000000000000000000000000000000000000000000000000000000000000000000
310
00000000000000000000000000000000000000000000000000000000000000000000000000000000000000000000000000000000000000000000000000000000000000000000000000000000000000000000000000000000000000000000000000000000000000000000000000000000000000000000000000000000000000
310
00000000000000000000000000000000000000000000000000000000000000000000000000000000000000000000000000000000000000000000000000000000000000000000000000000000000000000000000000000000000000000000000000000000000000000000000000000000000000000000000000000000000000
310
00000000000000000000000000000000000000000000000000000000000000000000000000000000000000000000000000000000000000000000000000000000000000000000000000000000000000000000000000000000000000000000000000000000000000000000000000000000000000000000000000000000000000
310
00000000000000000000000000000000000000000000000000000000000000000000000000000000000000000000000000000000000000000000E2E2E2E2E2E2E2E2E2000000000000000000000000000000000000000000000000000000000000000000000000000000000000E2E2E2E2E2E2E2E2E2000000000000000000
310
00000000000000000000000000000000000000000000000000000000000000000000E2E2E2E2E2E2E2E2E2000000000000000000000000000000000000000000000000000000000000000000000000000000000000000000000000000000000000000000000000000000000000000000000000000000000000000000000000
310
000000000000000000000000000000000000000000000000000000000000000000000000000000000000000000000000000000000000000000000000E2E2E2E2E2E2E2E2E2000000000000000000000000000000000000000000000000000000000000000000000000000000000000E2E2E2E2E2E2E2E2E200000000000000
310
000000000000000000000000000000000000000000000000000000000000000000000000E2E2E2E2E2E2E2E2E200000000000000000000000000000000000000000000000000000000000000000000000000000000000000000000000000000000000000000000000000000000000000000000000000000000000000000000
310
0000000000000000000000000000000000000000000000000000000000000000000000000000000000000000000000000000000000000000000000000000E2E2E2E2E2E2E2E2E2000000000000000000000000000000000000000000000000000000000000000000000000000000000000E2E2E2E2E2E2E2E2E20000000000
310
0000000000000000000000000000000000000000000000000000000000000000000000000000E2E2E2E2E2E2E2E2E20000000000000000000000000000000000000000000000000000000000000000000000000000000000000000000000000000000000000000000000000000000000000000000000000000000000000000
310
0000000000000000000000000000000000000000000000000000000000000000000000000000000000000000000000000000000000000000000000000000000000000000000000000000000000000000000000000000000000000000000000000000000000000000000000000000BE00000000000000000000000000000000
310
00000000000000000000000000000000000000000000000000000000000000000000000000BE0000000000000000000000000000000000000000000000000000000000000000000000000000000000000000000000000000000000000000000000000000000000000000000000000000000000000000000000000000000000
310
000000000000000000000000000000000000000000000000000000000000000000000000000000000000000000000000000000000000000000000000BE000000000000000000000000000000000000000000000000000000000000000000000000000000000000000000000000000000BE0000000000000000000000000000
310
000000000000000000000000000000000000000000000000000000000000000000000000000000BE000000000000000000000000000000000000000000000000000000000000000000000000000000000000000000000000000000000000000000000000000000000000000000000000000000000000000000000000000000
310
0000000000000000000000000000000000000000000000000000000000000000000000000000000000000000000000000000000000000000000000000000BEBE000000000000000000000000000000000000000000000000000000000000000000000000000000000000000000000000BEBEBEBEBE000000EDF5F5F5F5F5F5
310
F5F5F5F5F5F5F5F5F5F5F5F5F5F5F5F5F5F5F5F5F5F5F5F5F5F5F5F5F5F5F50000000000000000BEBEEDBEBEF5F5F5F5F5F5F5F5F5F5F5F5F5F5F5F5F5F5ED00000000000000000000000000000000000000000000000000000000000000000000000000000000000000000000000000000000000000000000000000000000
310
0000000000000000000000000000000000000000000000000000000000000000000000000000000000000000000000000000000000000000000000000000BEBEBEBEBE000000000000000000F5F5F5000000F5F5F5000000F5F5F5000000F5F5F500F5F500F5ED000000000000000000000000BEBE0000000000F500F5F5F5
310
F5F5F5F5F5F5F5F5F5F5F5F5F5F5F5F5F5F5F5F5F5F5F5F5F5F5F5F5F5F5F500F5000000000000000000BEBE0000F500F5000000000000000000000000000000F50000000000000000000000000000000000000000000000000000000000000000000000000000000000000000000000000000000000000000000000000000
310
0000000000000000000000000000000000000000000000000000000000000000000000000000000000000000000000000000000000000000000000000000000000BEBE000000000000F5F5F5F5F5F5F5F5F5F5F5F5F5F5F5F5F5F5F5F5F5F5F5F5F5F5F5F5F5F5F5F5F5F5F5F5F50000000000000000BE0000000000F500F5
310
F5F5F5F5F5F5F5F5F5F5F5F5F5F5F5F5F5F5F5F5F5F5F5F5F5F5F5F5F5F5F5F5F500F500000000000000000000BE0000F500F5F5F5F5F5F5F5F5F5F5F5F5F5F5F5F5F5F50000000000000000000000000000000000000000000000000000000000000000000000000000000000000000000000000000000000000000000000
310
0000000000000000000000000000000000000000000000000000000000000000000000000000000000000000000000000000000000000000000000000000000000000000BE000000000000F50000000000000000000000000000000000000000000000000000000000000000000000F50000000000000000BE0000000000F5
310
00F5F5F5F5F5F5000000F5F5F500000000F5F5F5000000F5F5F5F5F5F5F5F5F50000F500F500000000000000000000BE00F5F500F5F5F5F5F5F5F5F5F5F5F5F5F5F5F5F5F500000000000000000000000000000000000000000000000000000000000000000000000000000000000000000000000000000000000000000000
310
00000000000000000000000000000000000000000000000000000000000000000000000000000000000000000000000000000000000000000000000000000000000000000000BE000000000000F5F5F5F5F5F5F5F5F5F5F5F5F5F5F5F5F5F5F5F5F5F5F5F5F5F5F5F5F5F5F5F5F5F5F5F5F50000000000000000BE00000000
310
00F500F5F500F5F5F5F50000F5F5F5F50000F5F5F5F50000F5F5F5F5F5F5F5F5F5F50000F500F500000000000000000000BE00EDF500F5F50000000000000000000000000000F50000000000000000000000000000000000000000000000000000000000000000000000000000000000000000000000000000000000000000
310
000000000000000000000000000000000000000000000000000000000000000000000000000000000000000000000000000000000000000000000000000000000000000000000000BE000000000000F5F5F5F5F5F5F5F5F5F5F5F5F5F5F5F5F5F5F5F5F5F5F5F5F5F5F5F5F5F5F5F5F5F5F5F5F50000000000000000BE0000
310
000000F500F50000F5F5F5F50000F5F5F5F50000F5F5F5F50000F5F5F5F5F5F5F5F5F5F50000F500F500000000000000000000BE00F5F500F5F50000000000000000000000000000F5000000000000000000000000000000000000000000000000000000000000000000000000000000000000000000000000000000000000
310
0000000000000000000000000000000000000000000000000000000000000000000000000000000000000000000000000000000000000000000000000000000000000000000000000000BE000000000000F5F5F5F5F5F5F5F5F5F5F5F5F5F5F5F5F5F5F5F5F5F5F5F5F5F5F5F5F5F5F5F5F5F5F5F5F50000000000000000BE
310
0000000000F500F5000000F5F500000000F5F500000000F5F500000000F5F500F5F500F5F5000000F500F500000000000000000000BE0000F500F5F50000000000000000000000000000F500000000000000000000000000000000000000000000000000000000000000000000000000000000000000000000000000000000
310
00000000000000000000000000000000000000000000000000000000000000000000000000000000000000000000000000000000000000000000000000000000000000000000000000000000BE000000000000F5F5F5F5F5F5F5F5F5F5F5F5F5F5F5F5F5F5F5F5F5F5F5F5F5F5F5F5F5F5F5F5F5F5F5F5F500000000000000
310
00BE0000000000F5F5F5F5F5F5F5F5F5F5F5F5F5F5F5F5F5F5F5F5F5F5F5F5F5F5F5F5F5F5F5F5F5F5F5F5F5F500000000000000000000BE0000F500F5F5000000000000000000000000000000F500000000000000000000000000000000000000000000000000000000000000000000000000000000000000000000000000
310
000000000000000000000000000000000000000000000000000000000000000000000000000000000000000000000000000000000000000000000000000000000000000000000000000000000000BE000000000000F5F5F5F5F5F5F5F5F5F5F5F5F5F5F5F5F5F5F5F5F5F5F5F5F5F5F5F5F5F5F5F5F5F5F5F5F50000000000
310
000000BE0000000000F5F5F5F5F5F5F5F5F5F5F5F5F5F5F5F5F5F5F5F5F5F5F5F5F5F5F5F5F5F5F5F5F5F5F5F5F5F500000000000000000000BE0000F500F5F5000000000000000000000000000000F50000000000000000000000000000000000000000000000000000000000000000000000000000000000000000000000
310
0000000000000000000000000000000000000000000000000000000000000000000000000000000000000000000000000000000000000000000000000000000000000000000000000000000000000000BE000000000000F5F5F5F5F5F5F5F5F5F5F5F5F5F5F5F5F5F5F5F5F5F5F5F5F5F5F5F5F5F5F5F5F5F5F5F5F5000000
310
0000000000BE0000000000F5F5F5F5F5F5F5F5F5F5F5F5F5F5F5F5F5F5F5F5F5F5F5F5F5F5F5F5F5F5F5F5F5F5F5F5F5F5F5000000000000000000BE0000F5F5F5F5F5F5F5F5F5F5F5F5F5F5F5F5F5F5F5F5F5F5F5000000000000000000000000000000000000000000000000000000000000000000000000000000000000
310
00000000000000000000000000000000000000000000000000000000000000000000000000000000000000000000000000000000000000000000000000000000000000000000000000000000000000000000BE000000000000F5F5F5F5F5F5F5F5F5F5F5F5F5F5F5F5F5F5F5F5F5F5F5F5F5F5F5F5F5F5F5F5F5F5F5F5F500
310
00000000000000BE0000000000F5F5F5F5F5F5F5F5F5F5F5F5F5F5F5F5F5F5F5F5F5F5F5F5F5F5F5F5F5F5F5F5F5F5F5F5F5F5F5000000000000000000BE0000000000000000F5F5F5F5F5F500F5F5F5F5F5F5F5F5F5F500000000000000000000000000000000000000000000000000000000000000000000000000000000
310
000000000000000000000000000000000000000000000000000000000000000000000000000000000000000000000000000000000000000000000000000000000000000000000000000000000000000000000000BE000000000000F5F5F5F5F5F5F5F5F5F5F5F5F5F5F5F5F5F5F5F5F5F5F5F5F5F5F5F5F5F5F5F5F5F5F5F5
310
F5F5F5000000000000BE000000F5F5F50000F5F5F5F5F5F5F5F5F5F5F5F5F5F5F5F5F5F5F5F5F5F5F5F5F5F5F5F5F5F5F5F5F5F5F500F50000000000000000BE000000000000000000F5F500F500F5F5F500F5F50000000000F5F5000000000000000000000000000000000000000000000000000000000000000000000000
310
00000000000000000000000000000000000000000000000000000000000000000000000000000000000000000000000000000000000000000000000000000000000000000000000000000000000000000000DCDCDC00BE000000000000F5F5F5F5F5F5F5F5F5F5F5F5F5F5F5F5F5F5F5F5F5F5F5F5F5F5F5F5F5F5F5F5F5F5
310
F5F5F5F500F50000000000BE00EDF5F5F5F5F5F5F50000F5F5000000F5000000F5000000F5000000F5F50000F5F50000F5F5F500F5F5F500F50000000000000000BE0000000000000000000000F5F50000F500F5F5F50000000000F5F5ED000000000000000000000000000000000000000000000000000000000000000000
310
000000000000000000000000000000000000000000000000000000000000000000000000000000000000000000000000000000000000000000000000000000000000000000000000000000000000000000000000DCDCDC00BE00EDF5F5F5F5F5F5F5F5F5F5F5F5F5F5F5F5F5F5F5F5F5F5F5F5F5F5F5F5F5F5F5F5F5F5F5F5
310
F5F5F5F5F5F500F500DCDCDC00BE00F5F5F5F5F5F500F5F5F5F5F5F5F5F5F5F5F5F5F5F5F5F5F5F5F5F5F5F5F5F5F5F5F5F5F5F5F5F5F5F5F500F500000000DCDCDC00BE0000000000000000000000F5F50000F5F500F500000000000000F5F500000000000000000000000000000000000000000000000000000000000000
310
0000000000000000000000000000000000000000000000000000000000000000000000000000000000000000000000000000000000000000000000000000000000000000000000000000000000000000000000000000DCDCDC00BE00F5F5F5F5F5F5F5F5F5F5F5F5F5F5F5F5F5F5F5F5F5F5F5F5F5F5F5F5F5F5F5F5F5F5F5
310
F5F5F5F5F5F5F5F500F500DCDCDC00BE0000F500F5F5F5F5F5F5F5F5F5F5F5F5F5F5F5F5F5F5F5F5F5F5F5F5F5F5F5F5F5F5F5F5F5F5F5F5F5F5F5F5F5F5ED0000DCDCDC00BE00000000000000000000000000F5F5F5F5F500F5F5000000000000F50000000000000000000000000000000000000000000000000000000000
310
00000000000000000000000000000000000000000000000000000000000000000000000000000000000000000000000000000000000000000000000000000000000000000000000000000000000000000000000000000000DCDCDC00BE000000F500F5F5F5F5F5F5F5F5F5F5F5F5F5F5F5F5F5F5F5F5F5F5F5F5F5F5F5F5F5
310
F5F5F5F5F5F5F5F5F5F5F50000DCDCDC00BE000000F5F5F5F5F5F5F5F5F5F5F5F5F5F5F5F5F5F5F5F5F5F5F5F5F5F5F5F5F5F5F5F5F5F5F5F5F5F5F5F5000000000000DCDCDC00BE000000000000000000000000000000F500F5F5F500F5F5000000F500000000000000000000000000000000000000000000000000000000
310
00000000000000000000000000000000000000000000000000000000000000000000000000000000000000000000000000000000000000000000000000000000000000000000000000000000000000000000000000000000000000000000BE000000F500F5F5F5F5F5F5F5F5F5F5F5F5F5F5F5F5F5F5F5F5F5F5F5F5F5F5F5
310
F5F5F5F5F5F5F5F5F5F5F5F5F5F5EDDCDCDC00BE000000F5F5F5F5F5F5F5F5F5F5F5F5F5F5F5F5F5F5F5F5F5F5F5F5F5F5F5F5F5F5F5F5F5F5F5F5F5F5F5F5000000000000DCDCDC00BE0000000000000000000000000000000000000000F500F5000000F50000000000000000000000000000000000000000000000000000
310
000000000000000000000000000000000000000000000000000000000000000000000000000000000000000000000000000000000000000000000000000000000000000000000000000000000000000000000000000000000000000000000000BE000000F500F5F5F5F5F5F5F5F5F5F5F5F5F5F5F5F5F5F5F5F5F5F5F5F5F5
310
F5F5F5F5F5F5F5F5F5F5F5F5F500000000DCDCDC00BE0000000000F5F5F5F5F5F5F5F5F5F5F5F5F5F5F5F5F5F5F5F5F5F5F5F5F5F5F5F5F5F5F5F5F5F5F5F5F5F5000000000000DCDCDC00BE0000000000000000000000000000000000000000F5F500000000F5000000000000000000000000000000000000000000000000
310
0000000000000000000000000000000000000000000000000000000000000000000000000000000000000000000000000000000000000000000000000000000000000000000000000000000000000000000000000000000000000000000000000000BE00000000F5F5F5F5F5F5F5F5F5F5F5F5F5F5F5F5F5F5F5F5F5F5F5F5
310
F5F5F5F5F5F5F5F5F5F5F5F5F5F5F50000000000000000BE0000000000F5F5F5F5F5F5F5F5F5F5F5F5F5F5F5F5F5F5F5F5F5F5F5F5F5F5F5F5F5F5F5F5F5F5F5F5F5F500000000000000000000BE00000000000000000000000000000000000000F5F5F5000000F50000000000000000000000000000000000000000000000
310
00000000000000000000000000000000000000000000000000000000000000000000000000000000000000000000000000000000000000000000000000000000000000000000000000000000000000000000000000000000000000000000000000000000BE00000000F5F5F5F5F5F5F5F5F5F5F5F5F5F5F5F5F5F5F5F5F5F5
310
F5F5F5F5F5F5F5F5F5F5F5F5F5F5F5F5F50000000000000000BE0000000000F50000000000000000000000000000000000000000000000000000000000000000000000F5F500000000000000000000BE0000000000000000000000000000000000F5F5F5F500000000F5000000000000000000000000000000000000000000
310
000000000000000000000000000000000000000000000000000000000000000000000000000000000000000000000000000000000000000000000000000000000000000000000000000000000000000000000000000000000000000000000000000000000000BE0000000000F5000000000000000000000000000000000000
310
000000000000000000000000000000000000F50000000000000000BE0000000000F50000000000000000000000000000000000000000000000000000000000000000000000F5F500000000000000000000BE0000000000000000000000000000000000F5000000000000F50000000000000000000000000000000000000000
310
0000000000000000000000000000000000000000000000000000000000000000000000000000000000000000000000000000000000000000000000000000000000000000000000000000000000000000000000000000000000000000000000000000000000000000BE0000000000F500000000000000000000000000000000
310
0000000000000000000000000000000000000000F50000000000000000BE0000000000F50000000000000000000000000000000000000000000000000000000000000000000000F5F500000000000000000000BE0000000000000000000000000000000000F5000000000000F5000000000000000000000000000000000000
310
00000000000000000000000000000000000000000000000000000000000000000000000000000000000000000000000000000000000000000000000000000000000000000000000000000000000000000000000000000000000000000000000000000000000000000000BE0000000000F50000000000000000000000000000
310
0000F5F5F5F5F5000000000000000000000000000000F50000000000000000BE0000000000F50000000000000000000000000000000000000000000000000000000000000000000000F5F500000000000000000000BE0000000000000000000000000000000000F50000000000F5F500000000000000000000000000000000
310
000000000000000000000000000000000000000000000000000000000000000000000000000000000000000000000000000000000000000000000000000000000000000000000000000000000000000000000000000000000000000000000000000000000000000000000000BE0000000000F5000000000000000000000000
310
00000000F5F5F5F5F5000000000000000000000000000000F50000000000000000BE0000000000F50000000000000000000000000000000000000000000000000000000000000000000000F5F500000000000000000000BE0000000000000000000000000000000000F50000000000F5000000000000000000000000000000
310
0000000000000000000000000000000000000000000000000000000000000000000000000000000000000000000000000000000000000000000000000000000000000000000000000000000000000000000000000000000000000000000000000000000000000000000000000000BE0000000000F500000000000000000000
310
000000000000F5F5F5F500000000000000000000000000000000F50000000000000000BE0000000000F50000000000000000000000000000000000000000000000000000000000000000000000F5F500000000000000000000BE0000000000000000000000000000000000F500000000F5F500000000000000000000000000
310
00000000000000000000000000000000000000000000000000000000000000000000000000000000000000000000000000000000000000000000000000000000000000000000000000000000000000000000000000000000000000000000000000000000000000000000000000000000BE0000000000F5F500000000000000
310
00000000000000000000000000000000000000000000000000000000F50000000000000000BE0000000000F50000000000000000000000000000000000000000000000000000000000000000000000F5F500000000000000000000BE0000000000000000000000000000000000F5000000F5F5000000000000000000000000
310
000000000000000000000000000000000000000000000000000000000000000000000000000000000000000000000000000000000000000000000000000000000000000000000000000000000000000000000000000000000000000000000000000000000000000000000000000000000000BEBE00000000F500F500000000
310
0000000000000000000000000000000000000000000000000000000000F5F5F500000000000000BE0000000000F50000000000000000000000000000000000000000000000000000000000000000000000F5F500000000000000000000BE0000000000000000000000000000000000F50000F5F50000000000000000000000
310
000000000000000000000000000000000000000000000000000000000000000000000000000000000000000000000000000000000000000000000000000000000000000000000000000000000000000000000000000000000000000000000000000000000000000000000000000000000000BEBEEDBEBE00000000F5F5F5F5
310
F5F5F5F5F5F5F5F5F5F5F5F5F5F5F5F5F5F5F5F5F5F5F5F5F5F5F5EDF5F5F5F5F50000000000000000BE0000000000F5F5F5F5F5F5F5F5F5F5F5F5F5F5F5F5F5F5F5F5F5F5F5F5F5F5F5F5F5F5F5F5F5F5F5F5F5F500000000000000000000BE0000000000000000000000000000000000F5F5F5F5F5000000000000000000
310
00000000000000000000000000000000000000000000000000000000000000000000000000000000000000000000000000000000000000000000000000000000000000000000000000000000000000000000000000000000000000000000000000000000000000000000000000000000000000000000BE00BE000000000000
310
0000000000000000000000000000000000000000000000000000000000000000000000000000BE00000000BE0000000000F5F5F5F5F5F5F5F5F5F5F5F5F5F5F5F5F5F5F5F5F5F5F5F5F5F5F5F5F5F5F5F5F5F5F5F5F5F500000000000000000000BE0000000000000000000000000000000000F500F5F50000000000000000
310
0000000000000000000000000000000000000000000000000000000000000000000000000000000000000000000000000000000000000000000000000000000000000000000000000000000000000000000000000000000000000000000000000000000000000000000000000000000000000000000000000000BE00000000
310
00000000000000000000000000000000000000000000000000000000000000000000000000000000BE00000000BE0000000000F5F5000000000000000000000000000000000000000000000000000000000000000000F5F50000000000000000000000BE000000000000000000000000000000000000F5F500000000000000
310
000000000000000000000000000000000000000000000000000000000000000000000000000000000000000000000000000000000000000000000000000000000000000000000000000000000000000000000000000000000000000000000000000000000000000000000000000000000000000000000000000000BEBEBEBE
310
BEBEBEBEBEBEBEBEBEBEBEBEBEBEBEBEBEBEBEBEBEBEBEBEBEBEBEBEBEBEBEBEBEBEBEBEBEBEBEBEBEBEEDBEBE0000BEBE00000000F5F5F5F5F5F5F5F5F5F5F5F5F5F5F5F5F5F5F5F5F5F5F5F5F5F5F5F5F5F5F5F5F5F5F5F5F5000000000000000000BEBEBEBEBE000000000000000000000000000000F5EDF50000000000
310
000000000000000000000000000000000000000000000000000000000000000000000000000000000000000000000000000000000000000000000000000000000000000000000000000000000000000000000000000000000000000000000000000000000000000000000000000000000000000000000000000000000000BE
310
BE000000000000000000000000000000000000DCDCDCDCDCDC00000000000000000000000000000000000000BEBE00BEBEEDBEBE000000EDF5F5F5F5F5F5F5F5F5F5F5F5F5F5F5F5F5F5F5F5F5F5F5F5F5F5F5F5F5F5F5F5F5F5F5F500000000000000000000BEBE000000000000000000000000000000000000F500000000
310
00000000000000000000000000000000000000000000000000000000000000000000000000000000000000000000000000000000000000000000000000000000000000000000000000000000000000000000000000000000000000000000000000000000000000000000000000000000000000000000000000000000000000
310
00BE00000000000000000000000000000000000000DCDCDCDCDCDC00000000000000000000000000000000000000BE000000BEBE00BE0000000000000000000000000000000000000000000000000000000000000000000000000000000000000000BE000000000000BE00BE00000000000000000000000000000000000000
310
000000000000BE000000000000000000000000000000000000000000000000000000000000000000000000000000000000000000000000000000000000000000000000000000000000000000000000000000000000000000000000000000000000000000000000000000000000000000000000000000000000000000000000
310
0000000000000000000000000000000000000000000000DCDCDCDCDCDC000000000000000000000000000000000000000000000000BEBEBE00000000000000000000000000000000000000000000000000000000000000000000000000000000000000BEBE00000000000000BEBE0000000000000000000000000000000000
310
00000000000000BEBE00000000000000000000000000000000000000000000000000000000000000000000000000000000000000000000000000000000000000000000000000000000000000000000000000000000000000000000000000000000000000000000000000000000000000000000000000000000000000000000
310
00000000000000000000000000000000000000000000000000000000000000000000000000000000000000000000000000000000000000BEBEBEBEBEBEBEBEBEBEBEBEBEBEBEBEBEBEBEBEBEBEBEBEBEBEBEBEBEBEBEBEBEBEBEBEBEBEBEBEBEBEBEBEBEBEBEEDBEBE00000000BEBEBEBEBEBEBEBEBEBEBEBEBEBEBEBEBEBE
310
BEBEBEBEBEBEBEBEBEBEEDBE00000000000000000000000000000000000000000000000000000000000000000000000000000000000000000000000000000000000000000000000000000000000000000000000000000000000000000000000000000000000000000000000000000000000000000000000000000000000000
310
0000000000000000000000000000000000000000000000000000000000000000000000000000000000000000000000000000000000000000000000BE000000000000000000000000000000000000DCDCDCDCDCDC0000000000000000000000000000000000000000BEBE00000000000000BEBE0000000000000000DCDCDCDC
310
DC0000000000000000000000BE000000000000000000000000000000000000000000000000000000000000000000000000000000000000000000000000000000000000000000000000000000000000000000000000000000000000000000000000000000000000000000000000000000000000000000000000000000000000
310
00000000000000000000000000000000000000000000000000000000000000000000000000000000000000000000000000000000000000000000000000BE000000000000000000000000000000000000DCDCDCDCDCDC0000000000000000000000000000000000000000BE0000000000000000BE000000000000000000DCDC
310
DCDCDC0000000000000000000000BE00000000000000000000000000000000000000000000000000000000000000000000000000000000000000000000000000000000000000000000000000000000000000000000000000000000000000000000000000000000000000000000000000000000000000000000000000000000
310
00000000000000000000000000000000000000000000000000000000000000000000000000000000000000000000000000000000000000000000000000000000000000000000000000000000000000000000DCDCDCDCDCDC000000000000000000000000000000000000000000000000000000000000000000000000000000
310
DCDCDCDCDC0000000000000000000000000000000000000000000000000000000000000000000000000000000000000000000000000000000000000000000000000000000000000000000000000000000000000000000000000000000000000000000000000000000000000000000000000000000000000000000000000000
310
00000000000000000000000000000000000000000000000000000000000000000000000000000000000000000000000000000000000000000000000000000000000000000000000000000000000000000000000000000000000000000000000000000000000000000000000000000000000000000000000000000000000000
310
00000000000000000000000000000000000000000000000000000000000000000000000000000000000000000000000000000000000000000000000000000000000000000000000000000000000000000000000000000000000000000000000000000000000000000000000000000000000000000000000000000000000000
310
00000000000000000000000000000000000000000000000000000000000000000000000000000000000000000000000000000000000000000000000000000000000000000000000000000000000000000000000000000000000000000000000000000000000000000000000000000000000000000000000000000000000000
310
00000000000000000000000000000000000000000000000000000000000000000000000000000000000000000000000000000000000000000000000000000000000000000000000000000000000000000000000000000000000000000000000000000000000000000000000000000000000000000000000000000000000000
310
00000000000000000000000000000000000000000000000000000000000000000000000000000000000000000000000000000000000000000000000000000000000000000000000000000000000000000000000000000000000000000000000000000000000000000000000000000000000000000000000000000000000000
310
00000000000000000000000000000000000000000000000000000000000000000000000000000000000000000000000000000000000000000000000000000000000000000000000000000000000000000000000000000000000000000000000000000000000000000000000000000000000000000000000000000000000000
310
00000000000000000000000000000000000000000000000000000000000000000000000000000000000000000000000000000000000000000000000000000000000000000000000000000000000000000000000000000000000000000000000000000000000000000000000000000000000000000000000000000000000000
310
00000000000000000000000000000000000000000000000000000000000000000000000000000000000000000000000000000000000000000000000000000000000000000000000000000000000000000000000000000000000000000000000000000000000000000000000000000000000000000000000000000000000000
310
00000000000000000000000000000000000000000000000000000000000000000000000000000000000000000000000000000000000000000000000000000000000000000000000000000000000000000000000000000000000000000000000000000000000000000000000000000000000000000000000000000000000000
310
00000000000000000000000000000000000000000000000000000000000000000000000000000000000000000000000000000000000000000000000000000000000000000000000000000000000000000000000000000000000000000000000000000000000000000000000000000000000000000000000000000000000000
310
00000000000000000000000000000000000000000000000000000000000000000000000000000000000000000000000000000000000000000000000000000000000000000000000000000000000000000000000000000000000000000000000000000000000000000000000000000000000000000000000000000000000000
310
00000000000000000000000000000000000000000000000000000000000000000000000000000000000000000000000000000000000000000000000000000000000000000000000000000000000000000000000000000000000000000000000000000000000000000000000000000000000000000000000000000000000000
310
00000000000000000000000000000000000000000000000000000000000000000000000000000000000000000000000000000000000000000000000000000000000000000000000000000000000000000000000000000000000000000000000000000000000000000000000000000000000000000000000000000000000000
310
00000000000000000000000000000000000000000000000000000000000000000000000000000000000000000000000000000000000000000000000000000000000000000000000000000000000000000000000000000000000000000000000000000000000000000000000000000000000000000000000000000000000000
310
00000000000000000000000000000000000000000000000000000000000000000000000000000000000000000000000000000000000000000000000000000000000000000000000000000000000000000000000000000000000000000000000000000000000000000000000000000000000000000000000000000000000000
310
00000000000000000000000000000000000000000000000000000000000000000000000000000000000000000000000000000000000000000000000000000000000000000000000000000000000000000000000000000000000000000000000000000000000000000000000000000000000000000000000000000000000000
310
00000000000000000000000000000000000000000000000000000000000000000000000000000000000000000000000000000000000000000000000000000000000000000000000000000000000000000000000000000000000000000000000000000000000000000000000000000000000000000000000000000000000000
310
00000000000000000000000000000000000000000000000000000000000000000000000000000000000000000000000000000000000000000000000000000000000000000000000000000000000000000000000000000000000000000000000000000000000000000000000000000000000000000000000000000000000000
310
00000000000000000000000000000000000000000000000000000000000000000000000000000000000000000000000000000000000000000000000000000000000000000000000000000000000000000000000000000000000000000000000000000000000000000000000000000000000000000000000000000000000000
310
00000000000000000000000000000000000000000000000000000000000000000000000000000000000000000000000000000000000000000000000000000000000000000000000000000000000000000000000000000000000000000000000000000000000000000000000000000000000000000000000000000000000000
310
00000000000000000000000000000000000000000000000000000000000000000000000000000000000000000000000000000000000000000000000000000000000000000000000000000000000000000000000000000000000000000000000000000000000000000000000000000000000000000000000000000000000000
310
00000000000000000000000000000000000000000000000000000000000000000000000000000000000000000000000000000000000000000000000000000000000000000000000000000000000000000000000000000000000000000000000000000000000000000000000000000000000000000000000000000000000000
310
00000000000000000000000000000000000000000000000000000000000000000000000000000000000000000000000000000000000000000000000000000000000000000000000000000000000000000000000000000000000000000000000000000000000000000000000000000000000000000000000000000000000000
310
00000000000000000000000000000000000000000000000000000000000000000000000000000000000000000000000000000000000000000000000000000000000000000000000000000000000000000000000000000000000000000000000000000000000000000000000000000000000000000000000000000000000000
310
00000000000000000000000000000000000000000000000000000000000000000000000000000000000000000000000000000000000000000000000000000000000000000000000000000000000000000000000000000000000000000000000000000000000000000000000000000000000000000000000000000000000000
310
00000000000000000000000000000000000000000000000000000000000000000000000000000000000000000000000000000000000000000000000000000000000000000000000000000000000000000000000000000000000000000000000000000000000000000000000000000000000000000000000000000000000000
310
00000000000000000000000000000000000000000000000000000000000000000000000000000000000000000000000000000000000000000000000000000000000000000000000000000000000000000000000000000000000000000000000000000000000000000000000000000000000000000000000000000000000000
310
00000000000000000000000000000000000000000000000000000000000000000000000000000000000000000000000000000000000000000000000000000000000000000000000000000000000000000000000000000000000000000000000000000000000000000000000000000000000000000000000000000000000000
310
00000000000000000000000000000000000000000000000000000000000000000000000000000000000000000000000000000000000000000000000000000000000000000000000000000000000000000000000000000000000000000000000000000000000000000000000000000000000000000000000000000000000000
310
00000000000000000000000000000000000000000000000000000000000000000000000000000000000000000000000000000000000000000000000000000000000000000000000000000000000000000000000000000000000000000000000000000000000000000000000000000000000000000000000000000000000000
310
00000000000000000000000000000000000000000000000000000000000000000000000000000000000000000000000000000000000000000000000000000000000000000000000000000000000000000000000000000000000000000000000000000000000000000000000000000000000000000000000000000000000000
310
00000000000000000000000000000000000000000000000000000000000000000000000000000000000000000000000000000000000000000000000000000000000000000000000000000000000000000000000000000000000000000000000000000000000000000000000000000000000000000000000000000000000000
310
00000000000000000000000000000000000000000000000000000000000000000000000000000000000000000000000000000000000000000000000000000000000000000000000000000000000000000000000000000000000000000000000000000000000000000000000000000000000000000000000000000000000000
310
00000000000000000000000000000000000000000000000000000000000000000000000000000000000000000000000000000000000000000000000000000000000000000000000000000000000000000000000000000000000000000000000000000000000000000000000000000000000000000000000000000000000000
310
00000000000000000000000000000000000000000000000000000000000000000000000000000000000000000000000000000000000000000000000000000000000000000000000000000000000000000000000000000000000000000000000000000000000000000000000000000000000000000000000000000000000000
310
00000000000000000000000000000000000000000000000000000000000000000000000000000000000000000000000000000000000000000000000000000000000000000000000000000000000000000000000000000000000000000000000000000000000000000000000000000000000000000000000000000000000000
310
00000000000000000000000000000000000000000000000000000000000000000000000000000000000000000000000000000000000000000000000000000000000000000000000000000000000000000000000000000000000000000000000000000000000000000000000000000000000000000000000000000000000000
310
00000000000000000000000000000000000000000000000000000000000000000000000000000000000000000000000000000000000000000000000000000000000000000000000000000000000000000000000000000000000000000000000000000000000000000000000000000000000000000000000000000000000000
310
00000000000000000000000000000000000000000000000000000000000000000000000000000000000000000000000000000000000000000000000000000000000000000000000000000000000000000000000000000000000000000000000000000000000000000000000000000000000000000000000000000000000000
310
00000000000000000000000000000000000000000000000000000000000000000000000000000000000000000000000000000000000000000000000000000000000000000000000000000000000000000000000000000000000000000000000000000000000000000000000000000000000000000000000000000000000000
310
00000000000000000000000000000000000000000000000000000000000000000000000000000000000000000000000000000000000000000000000000000000000000000000000000000000000000000000000000000000000000000000000000000000000000000000000000000000000000000000000000000000000000
310
00000000000000000000000000000000000000000000000000000000000000000000000000000000000000000000000000000000000000000000000000000000000000000000000000000000000000000000000000000000000000000000000000000000000000000000000000000000000000000000000000000000000000
310
00000000000000000000000000000000000000000000000000000000000000000000000000000000000000000000000000000000000000000000000000000000000000000000000000000000000000000000000000000000000000000000000000000000000000000000000000000000000000000000000000000000000000
310
00000000000000000000000000000000000000000000000000000000000000000000000000000000000000000000000000000000000000000000000000000000000000000000000000000000000000000000000000000000000000000000000000000000000000000000000000000000000000000000000000000000000000
310
00000000000000000000000000000000000000000000000000000000000000000000000000000000000000000000000000000000000000000000000000000000000000000000000000000000000000000000000000000000000000000000000000000000000000000000000000000000000000000000000000000000000000
310
00000000000000000000000000000000000000000000000000000000000000000000000000000000000000000000000000000000000000000000000000000000000000000000000000000000000000000000000000000000000000000000000000000000000000000000000000000000000000000000000000000000000000
310
00000000000000000000000000000000000000000000000000000000000000000000000000000000000000000000000000000000000000000000000000000000000000000000000000000000000000000000000000000000000000000000000000000000000000000000000000000000000000000000000000000000000000
310
00000000000000000000000000000000000000000000000000000000000000000000000000000000000000000000000000000000000000000000000000000000000000000000000000000000000000000000000000000000000000000000000000000000000000000000000000000000000000000000000000000000000000
310
00000000000000000000000000000000000000000000000000000000000000000000000000000000000000000000000000000000000000000000000000000000000000000000000000000000000000000000000000000000000000000000000000000000000000000000000000000000000000000000000000000000000000
310
00000000000000000000000000000000000000000000000000000000000000000000000000000000000000000000000000000000000000000000000000000000000000000000000000000000000000000000000000000000000000000000000000000000000000000000000000000000000000000000000000000000000000
310
00000000000000000000000000000000000000000000000000000000000000000000000000000000000000000000000000000000000000000000000000000000000000000000000000000000000000000000000000000000000000000000000000000000000000000000000000000000000000000000000000000000000000
310
00000000000000000000000000000000000000000000000000000000000000000000000000000000000000000000000000000000000000000000000000000000000000000000000000000000000000000000000000000000000000000000000000000000000000000000000000000000000000000000000000000000000000
310
00000000000000000000000000000000000000000000000000000000000000000000000000000000000000000000000000000000000000000000000000000000000000000000000000000000000000000000000000000000000000000000000000000000000000000000000000000000000000000000000000000000000000
310
00000000000000000000000000000000000000000000000000000000000000000000000000000000000000000000000000000000000000000000000000000000000000000000000000000000000000000000000000000000000000000000000000000000000000000000000000000000000000000000000000000000000000
310
00000000000000000000000000000000000000000000000000000000000000000000000000000000000000000000000000000000000000000000000000000000000000000000000000000000000000000000000000000000000000000000000000000000000000000000000000000000000000000000000000000000000000
310
00000000000000000000000000000000000000000000000000000000000000000000000000000000000000000000000000000000000000000000000000000000000000000000000000000000000000000000000000000000000000000000000000000000000000000000000000000000000000000000000000000000000000
310
00000000000000000000000000000000000000000000000000000000000000000000000000000000000000000000000000000000000000000000000000000000000000000000000000000000000000000000000000000000000000000000000000000000000000000000000000000000000000000000000000000000000000
310
00000000000000000000000000000000000000000000000000000000000000000000000000000000000000000000000000000000000000000000000000000000000000000000000000000000000000000000000000000000000000000000000000000000000000000000000000000000000000000000000000000000000000
310
00000000000000000000000000000000000000000000000000000000000000000000000000000000000000000000000000000000000000000000000000000000000000000000000000000000000000000000000000000000000000000000000000000000000000000000000000000000000000000000000000000000000000
310
00000000000000000000000000000000000000000000000000000000000000000000000000000000000000000000000000000000000000000000000000000000000000000000000000000000000000000000000000000000000000000000000000000000000000000000000000000000000000000000000000000000000000
310
00000000000000000000000000000000000000000000000000000000000000000000000000000000000000000000000000000000000000000000000000000000000000000000000000000000000000000000000000000000000000000000000000000000000000000000000000000000000000000000000000000000000000
310
00000000000000000000000000000000000000000000000000000000000000000000000000000000000000000000000000000000000000000000000000000000000000000000000000000000000000000000000000000000000000000000000000000000000000000000000000000000000000000000000000000000000000
310
00000000000000000000000000000000000000000000000000000000000000000000000000000000000000000000000000000000000000000000000000000000000000000000000000000000000000000000000000000000000000000000000000000000000000000000000000000000000000000000000000000000000000
310
00000000000000000000000000000000000000000000000000000000000000000000000000000000000000000000000000000000000000000000000000000000000000000000000000000000000000000000000000000000000000000000000000000000000000000000000000000000000000000000000000000000000000
310
00000000000000000000000000000000000000000000000000000000000000000000000000000000000000000000000000000000000000000000000000000000000000000000000000000000000000000000000000000000000000000000000000000000000000000000000000000000000000000000000000000000000000
310
00000000000000000000000000000000000000000000000000000000000000000000000000000000000000000000000000000000000000000000000000000000000000000000000000000000000000000000000000000000000000000000000000000000000000000000000000000000000000000000000000000000000000
310
00000000000000000000000000000000000000000000000000000000000000000000000000000000000000000000000000000000000000000000000000000000000000000000000000000000000000000000000000000000000000000000000000000000000000000000000000000000000000000000000000000000000000
310
00000000000000000000000000000000000000000000000000000000000000000000000000000000000000000000000000000000000000000000000000000000000000000000000000000000000000000000000000000000000000000000000000000000000000000000000000000000000000000000000000000000000000
310
000000000000000000000000
  0
XRECORD
  5
47
102
{ACAD_REACTORS
330
46
102
}
330
46
100
AcDbXrecord
280
     1
 70
     1
 90
429727718
  1
508B35C9-AEE7-456F-BE74-D52651303AC6
310
504B03040A0000080000B670623B3DEE336E79000000790000001B0000006175746F6465736B2D64657369676E2D7061636B6167652E786D6C3C3F786D6C2076657273696F6E3D22312E302220656E636F64696E673D227574662D3822203F3E3C666F726D6174733E3C666F726D61743E687474703A2F2F736368656D612E
310
6175746F6465736B2E636F6D2F64657369676E2D7061636B6167652F323030393C2F666F726D61743E3C2F666F726D6174733E504B0304140006080800B670623BD486FD9CA0000000F4000000130000005B436F6E74656E745F54797065735D2E786D6C7D8EC10E82300C865F65E91D8A1E8C310C0EEA1BF002731658846E
310
D98AC1B77784ABF1D8FE5FBFBF75BBCE937A534CCEB38643598122B6FEE978D0B0485F9C41B54DDD7D022595594E1A469170414C76A4D9A4D207E29CF43ECE46F218070CC6BECC4078ACAA135ACF422C856C0E68EA1BF5669944DDD7BCDE7B1F8E415D77AECB980613C2E4AC91FC167A2B244592486606FC29C8FD7F045B9A
310
EF7053A7E60B504B0304140006080800B670623B28ED286BEB0000007C01000008000000636F72652E786D6C8D90416EC3201045AF82665B6183218D6D61A254764FD00B204C5C94182C03558F5F9C3852BBEB6A467FFE9B197D71FA9E6FE8CBACC17AD7012D0820E3B41FAD9B3A48F1826B40272956EFE32F1B20A766D3C1
310
268314D3EAD3B24BDABB685CCCAAF3A3D94515828980F42D371D04FD696655A814B3235C8B45E9AB9A4C419F5D8653B2237A1CB163DE672FD6AC209BF3C08E0D1B30EB19C3FC9D72FCC6EB231EFA33EDE96BDD341517E5064B11EDFCBCAF57A3A2194156843498524CAA0FCA5B7268F9E185D42D21A2DCEC7FA0B48CFF8492
310
759155FBBB0F2C80A4F991FB408A72CB22977B50B96EB9C91F504B0304140006080800B670623B55019EA25F0000007C00000007000000636E782E786D6C4DCB3B0E80201045D1AD90E915ED2CF8AC45050C11660C8261F98AB1B07AC9C97D42D718D865D3E909258CFD00CCE24AC6E326A164D74DC0B4128928FF32603847
310
2BA13128B1252AC747C6BAB984FC68F0B87FE8960A5C09FE86CFB69FBA01504B0304140006080800B670623B7BC41AC871010000D40300000C0000006662782F636F72652E786D6CC553ED6E8320147D15C2DF4501B56B6D90A64BBB27D80B50A5CE54C120983EFEAE1F4DD7A56BBA5FF3879273EEE59E7310BE393735EA95
310
ED2AA333CC428A91D2B9292A5D66D8BB63B0C26823B835C67D2BC348CB46657880B1E0A535BE9DA1DC68A7B403549B42CDA0EC3AE530CA6B5864B8CB3F552343E91D5474A7B095F949962A6421D0502778E72C0840D390E18DC5F170E664C205F7BE2A66B62A605A75AC94C522DDEEE3651AEF837817C741F2CE92E02D592D
310
83FD6ECB76EC7595A651C2C9D02CB8AB9A8BBADC2AE954814544691A3016D0E883256BBA58278B17BA5A53CAC9507ED3E4DBE2C9265F691747B3DCA9ADC382819091F8E1162272A8933DE82182932144F88C09DF060D8140C84E1EEA8B8F1340BDCA9DB1093085F157AA97B557309586747CD0EF0B4EA64E983A6E0EAEEFCE
310
889E9EF17847386AA94B30211D2C0FDE0D3AF9A4610EAD5536E8DD1969631B593F67E381C33F5157F17725E5A636F6BF1491F980C8FC7B90E13E8A2F504B0304140006080800B670623B70102A487D0000009D0000000B0000006662782F636E782E786D6C4DCCD10A83201886E15B91FFDC95A5C30335ACCDFB886521330D
310
A76397BF1A1DECE883878F57749FD5A3B74D2F17830472A901D9F088930B8B849267CC01754AA418F3DF0D5018572BE160506249B16C274D761E8BCFBB7A179E27F65CB39A0F14D396184C9921B81F34C3ACA1B4B99ABB6E6F062A25AA5F69DF23ACBE504B0304140006080800B670623B3610CA3329010000120200003100
310
00006662782F42384135303843342D343331462D343546312D424341352D3532343432364645413344462F636F72652E786D6C8D515B6EC32010BC0AE22B55850D0E446E848992B43E412FE000495162B07854397EA176A4F62F3F2C9A9D991D58BEBB8F37F0AD7D30CE76905418026DA553C65E3A98E219B510EC04F7CEC5
310
3F3408EC30EA0E16180A7EF12E4D0B249D8DDAC68C5AA7F4020E21E80881BCE54B0783FCD2E3500D296646B856D320AFC34557A4CAEDCC133C449F0380794839A138B47B86DB2345744D7A44594FD0E1B867883594369BFE63BF7EEF793D0B054FC9A8456E548E63CE46FB674D8A58F068C6477CE9F510B582A2C1F80D1182
310
70F349E816B32D65AFB8DD62CCEB42FF274A937A52948C8DEB66893BCB021484D7734370E5D2E9F608A3EF93F3119479ABA0E50B14B8C298119A43CCC4FCFCECB8A18B6388CEE7EF5D5D4F994BD86CBBA182D76543B9FCAE2FD7B24DF103504B0304140006080800B670623B1B8617914E0100003303000030000000666278
310
2F42384135303843342D343331462D343546312D424341352D3532343432364645413344462F636E782E786D6CD593C16EC32010447F0571AD6CE3D489D20813A9877E410FBD62D82434182CC055F3F75D1292E692438FBD206B7698593D61BEFD1E2DF982108D773D6D6B460938E5B571FB9ECE6957AD29D90A1EBC4F7736
310
4A9C1CA1A759A682EF839FA72269D8C9D92654AD71C72206887E0E0A22CAF926B15E498B01E0AA19451807D01A34B919F16B070157417138917400F2F6FA41FCF0092A45DEE414C19BDC21783E4BD39D891265658C3D8DEA00A3ACE59CBC8678ACB54CB26EEB6BD7839D7E9348BE70AD9C8321B9BCA7F9A4A26C542347DEE0
310
50F09802D22BA6749A800A394DD62899107273365E3C82CFC6A55557BC06C10774B7ABE7AEC3B0F34CF06446280E154026D0542C187BA9DAB6628BF7B6DBB0E5A65B3EB1F58631DE64BBE083F7B65CC218087E22CABB042E51D1F2268F1FE12B3EA24D40D63E9CFE00120194D60B9D5BC67FE6D39CDF37E20AF817881F504B
310
0304140006080800B670623BBFEF2E3B690500003C100000340000006662782F42384135303843342D343331462D343546312D424341352D3532343432364645413344462F6F626A656374732E786D6CAD575D739B3814FD2B0CFB0C98D84E931D4227B6938EA793B6534F3BFB90198F0099B001899144EAECAFDF231018B0
310
D37A3FFC609090EEE7B94757C1FB7D915B2F54C88CB31BDB7727B64559CC938CA53776A576CE956DBD0F03C1B9EA2DB32D460A7A63EB693B0C52C1ABD24C257447AA5C8D66EF177F5832A68CDA569C13296F6C193FD182B8A4523CA1F2D94D88226EBADBBBBEDB2C1C8A4D05299F46424B222853B014F30C52ACC6287F389C
310
D85E1878FA7B18E87FB36AFAF62AAFF667A83F635211161F291B8999FAB3D5DDC5FCDA99CF6653677679E13B8BFBC5CAF1DF4D27CBCBE5F2FAF6EE1A8AA51290642C117467871F101B91C581D77CEA2C36869F3229E68CD1B8F61F1ED6361B89092D294B90C78C4A68EB793D190E7D1D9BDEE7A91E1B95FDE9F3BCEAEFE809
310
6A6D6F9F7D4B79F4275C90E7A04248AA51D5C4C738DAE06F72885AC4796EBE65D22A88A22223B995679120E2D50EB1542F098381188D4EA111AE3DB043FF20AF6F2B4AE3D7D83D65E5AECA730D4D3BAC91BD05FEA992B565D95F549CD6069B90AB2A63EACA38A45E4B6A87D781574F86817E4C2FCCC72690D62E2729520E37
310
9BAF234797BAF6D62B3BFC781FED37BA1E4F2B2F052FA9501A3E80569BB8F6A9A364D4FA67654E6F803383981F82F21591FF84F23D9882BC896C3FDBCF8C162508933B2E0AE4C69DD43F6BD2BE38DDDBF10BF86CB4FA784D37F3AF16075E67EC9030DECA1FC0A55373F5DFF3378C591FA9BDF485C10B0A8C8BA909E5262639
310
A8E72163488806A595734C81CB77D1DE0ED7604A303B76913CEC0272F412782FF88EFF4636D8AA56DF7B322474C4B767303F625997056C7B032C473C592B36CEBD15F3F9FF5233B7ABCDC74D257624A60F8658567497B14CE1EC3C80B76FD02011038F9EE9EB0F2E12387A9C844D3F09855125116D1D731DF8B43D2CF4E0A0
310
79A020C6BE946BCE0B7EA1E1219331CD73C228AF5A2DDD31A4B1DA918CE91350854D40A71723140BFA92E94E62B0626016CEFA5864A50E5977E8753CEDBEE1CBB7F52780D20E17AF0BA0F5F9B02A3AD07DCC732EB6D1EBB661421BE0C39E21BABF0FE16D22EA6929407C8DE596724C88B749B6DB5512BC7B228ADFD7CB7EA6
310
3A22397E690BA8D5D8D4E40CEC8CDA23C2C0B7D5898640101CEC9C6D331CE328CB93CAFBBAC70A642DF70DF95155945B52F08AA973C23469FD69ADEF84F7BB18F983A8F8C90E37F5D35980B2139A1C523540813E824EF83448CF7C72B598CE97D7CEEDDDDD3B6736BFBC771677EF66CE6A7E7139F7A793E9EDF2B2B3A8B624
310
0CDA13AA5F8388264EC4A0129909F3B7F5A16CEDF08128E97D680ACA4B9BE7B7B58BB638F0B00700EF36AE8B32A705658A68F83EE897FC2B41573190D1CCAF0B92D233A47CFEB019D9809933F67DD1A5467F8CF69AD9A5AE859342D45355448C64F968A371DC2D596ADC6E43D93D1B466F877A64E2893E54F23C4B40388995
310
525E5005DA3983ED45412510D3EFCA13737B3863F74BD30F2A12E5B4B5E489A025CE25500DB855B11ACE5BBFA185D35DD48D8DC3CE7DC69F2944DB42AA6F6CF09BCA622ADD08C7A36E7C6AE18000BAB08E040135C2D21C9D75B3A91B77BB746C403F38018DFE6EC939DD92F16B40BC05294B9CDA035AAD6D330AE27FE4786B
310
8E45145EA34A75BE1C263A676A35A8ACC6297337400BF16C54EF515F3F77CB77EB3583889C754FFA29081AA98E2222ADEF05DA3E63D2EDEA8B8756C05A7FB6CABC4A91CBF325398202CC952E70A008A830324BA200D5E5EF8F5F04C75DB4B0EE3340E071C98B823333B83577596BF3849B69F2085AA0FAFA212F26BEFF5877
310
FDE622B28D88A42E49E43326DA82D31E8CB006401E1DA726059ECEC168F97A6599036306A135688F9AD2E61A6EA178F4CD51974A9F2CCB9F36FE5EBD14601068D9C3BF01504B0304140006080000B670623B000000000000000000000000350000006662782F42384135303843342D343331462D343546312D424341352D35
310
32343432364645413344462F76657274696365732E62696E504B0304140006080800B670623BF270F1330600000004000000360000006662782F42384135303843342D343331462D343546312D424341352D3532343432364645413344462F747269616E676C65732E62696E636660600000504B0304140006080000B67062
310
3B000000000000000000000000370000006662782F42384135303843342D343331462D343546312D424341352D3532343432364645413344462F617474726962757465732E62696E504B0304140006080800B670623B08DA0BD19000000041010000360000006662782F42384135303843342D343331462D343546312D4243
310
41352D3532343432364645413344462F6469726563746F72792E786D6C858F410AC3201045AF22B36F53E9A60B35CBEEBAE80D244E44489C6234F4F835464A48035D0DF398FF9F8AF63D0E6CC63039F212F8F9020C7D47C6792B21C5FE7403D62A1188E2E60C98D7234A5830286103A55745067B9D86B8A3CF9C7F90C11DE6
310
07FB144396D7B6A82D282E9A152AD114D5EF2CB866EEE831B8EEA07A7BB5A8D7D61A2BAAEB7FD5F70921FF497D00504B0304140006080800B670623B3B4606F3FE000000A00100003B0000006662782F42384135303843342D343331462D343546312D424341352D3532343432364645413344462F7265736F75726365732F
310
636F72652E786D6C8D504B6E833010BD0A9A6D65B08134808CA354A427E8052C332156828DFCA97AFC9A40A576D7CDCCE87D344F8F9FBEE647F689CE6B6B7A6039850C8DB2A336530F315C4903D94970676DF82583CCC8197B5861107C72362E3BA4AC096842428D1D7107A5F71820538F74F4E0D50D6799CB1892C2DFF345
310
AABB9C306779A2934E701F5C0A906D4FD609C2A1B7D129F4BCD858C163D4E3AED163FAA9AF1A1D88F67CA98E6D35906AA82A52BFB39ABCD5CD915C86331BD86BD3B665CD8BD52C78D0F34F46E550061C419494B6843142CB0F5677F4D0D58717DA7494F26295FF31C565FCA7296A13AA728FBBD93C0896823C09C18BB5AFB4
310
9E65A6BD762BBE01504B010214000A0000080000B670623B3DEE336E79000000790000001B00000000000000000000000000000000006175746F6465736B2D64657369676E2D7061636B6167652E786D6C504B01021400140006080800B670623BD486FD9CA0000000F40000001300000000000000000000000000B2000000
310
5B436F6E74656E745F54797065735D2E786D6C504B01021400140006080800B670623B28ED286BEB0000007C010000080000000000000000000000000083010000636F72652E786D6C504B01021400140006080800B670623B55019EA25F0000007C000000070000000000000000000000000094020000636E782E786D6C50
310
4B01021400140006080800B670623B7BC41AC871010000D40300000C00000000000000000000000000180300006662782F636F72652E786D6C504B01021400140006080800B670623B70102A487D0000009D0000000B00000000000000000000000000B30400006662782F636E782E786D6C504B01021400140006080800B6
310
70623B3610CA3329010000120200003100000000000000000000000000590500006662782F42384135303843342D343331462D343546312D424341352D3532343432364645413344462F636F72652E786D6C504B01021400140006080800B670623B1B8617914E010000330300003000000000000000000000000000D10600
310
006662782F42384135303843342D343331462D343546312D424341352D3532343432364645413344462F636E782E786D6C504B01021400140006080800B670623BBFEF2E3B690500003C10000034000000000000000000000000006D0800006662782F42384135303843342D343331462D343546312D424341352D35323434
310
32364645413344462F6F626A656374732E786D6C504B01021400140006080000B670623B0000000000000000000000003500000000000000000000000000280E00006662782F42384135303843342D343331462D343546312D424341352D3532343432364645413344462F76657274696365732E62696E504B010214001400
310
06080800B670623BF270F133060000000400000036000000000000000000000000007B0E00006662782F42384135303843342D343331462D343546312D424341352D3532343432364645413344462F747269616E676C65732E62696E504B01021400140006080000B670623B00000000000000000000000037000000000000
310
00000000000000D50E00006662782F42384135303843342D343331462D343546312D424341352D3532343432364645413344462F617474726962757465732E62696E504B01021400140006080800B670623B08DA0BD1900000004101000036000000000000000000000000002A0F00006662782F42384135303843342D3433
310
31462D343546312D424341352D3532343432364645413344462F6469726563746F72792E786D6C504B01021400140006080800B670623B3B4606F3FE000000A00100003B000000000000000000000000000E1000006662782F42384135303843342D343331462D343546312D424341352D3532343432364645413344462F72
310
65736F75726365732F636F72652E786D6C504B0506000000000E000E0080040000651100000000
  0
XRECORD
  5
44
102
{ACAD_REACTORS
330
43
102
}
330
43
100
AcDbXrecord
280
     1
 70
     1
 90
429727718
  1
887D55A9-D0DD-414E-B741-A7DCD4DA2B4C
310
504B03040A0000080000B670623B3DEE336E79000000790000001B0000006175746F6465736B2D64657369676E2D7061636B6167652E786D6C3C3F786D6C2076657273696F6E3D22312E302220656E636F64696E673D227574662D3822203F3E3C666F726D6174733E3C666F726D61743E687474703A2F2F736368656D612E
310
6175746F6465736B2E636F6D2F64657369676E2D7061636B6167652F323030393C2F666F726D61743E3C2F666F726D6174733E504B0304140006080800B670623BD486FD9CA0000000F4000000130000005B436F6E74656E745F54797065735D2E786D6C7D8EC10E82300C865F65E91D8A1E8C310C0EEA1BF002731658846E
310
D98AC1B77784ABF1D8FE5FBFBF75BBCE937A534CCEB38643598122B6FEE978D0B0485F9C41B54DDD7D022595594E1A469170414C76A4D9A4D207E29CF43ECE46F218070CC6BECC4078ACAA135ACF422C856C0E68EA1BF5669944DDD7BCDE7B1F8E415D77AECB980613C2E4AC91FC167A2B244592486606FC29C8FD7F045B9A
310
EF7053A7E60B504B0304140006080800B670623BBC1638F5EC0000007C01000008000000636F72652E786D6C8D90416EC3201045AF82665B61836BE2D8C24471DB9CA01740401C94182C03558F5F9C3852BBEB6A467FFE9B197D7EF89E6EE8CB2CC17AD7032D0820E394D7D68D3DA478C67B4007C117EFE32F1B202727D3C3
310
2A83E0E3E2D3BC49CABB685CCCAAF3DA6CA20CC14440EA969B1E82BA98491632C5EC08D76296EA2A4753D06797E194AC468F2356E77DF66CCD02825543D50CACC62D39ED70FDC68EB8FD68F6F8787A6784342D1DDA1D2F5758F068A7E77DB518198D065111D2624A31A93E69DD11D6D5EC85EC3B4278B9DAFF4069D6FF8492
310
75F1B5DADE7D600104CD8FDC0782976B16B9DC83CA75CD4DFC00504B0304140006080800B670623B55019EA25F0000007C00000007000000636E782E786D6C4DCB3B0E80201045D1AD90E915ED2CF8AC45050C11660C8261F98AB1B07AC9C97D42D718D865D3E909258CFD00CCE24AC6E326A164D74DC0B4128928FF326038
310
472BA13128B1252AC747C6BAB984FC68F0B87FE8960A5C09FE86CFB69FBA01504B0304140006080800B670623B3586FFB671010000D40300000C0000006662782F636F72652E786D6CC553ED6E8320147D15C2DF4541A76D6D90A6DDD627D80B50A4CE54C120983EFEAE1F4DD7A55BBA5FF3879273EEE59E7310B6393735EA
310
95ED2AA3731C851423A5A5292A5DE6D8BB63B0C268C39935C67D29C3488B46E578803167A535BE9D2169B453DA01AA4DA16650749D7218C91A1639EEE4876A4428BC838AEE14B6429E44A9C228041AEA38EB9C0501681A32BC313F1ECE8C4C3867DE57C5CC56054CAB8E95B298A7F12E5EEED224C8E87E11242FE936C8DE96
310
AB60BB7F4D295D66D12E5B30323473E6AAE6A24E5A259C2A308F29CD82280A68FC1E256B9AAE93F489AED694323294DF34F9B678B0C957DA3DC7B3DCA9ADC33C022123F1CD2D44E450277AD04338234388F01913BE0D1A0281909D38D4171F27807A259DB1093085F157AA17B557309586747CD0CF0B46A64E983A6E0EAEEF
310
CE881F9EF1FB8E70D44297604238581EBC1B74B249C31C5AAB6CD0BB33D2C636A27ECCC62F0EFF445DC5DF95244D6DEC7F2922F30191F9F720C37DE49F504B0304140006080800B670623B4220A0FF7D0000009D0000000B0000006662782F636E782E786D6C4DCCD10A83201886E15B91FFDCE542CB0335D0EC3E6259C84A
310
C3E9D8E5AF46073BFAE0E1E315DD675BD1DBA5978F41C2FD4600B9F088930F8B849267CC01754AA418F3DF0D50183727E164506249B1EC174D6E1ECB9A0F5D7D785E68DB8151CD286E5A5363CA6B8A39E90D36D40E96B086F55A43A544F52B1D7B86D517504B0304140006080800B670623B2FA3FEDE290100001202000031
310
0000006662782F45374635344235342D363743322D343832342D383044432D4334454645303536354442422F636F72652E786D6C8D515B6EC32010BC0AE22B55850D2E386E848994D7097A0117488A1283C5A3CAF10BB523B57FF961D1ECCCECC0F2ED7DBC816FED8371B687A4C210682B9D32F6D2C314CFA883602BB8772E
310
FEA141608751F7B0C050F08B77695A20E96CD43666D43AA5177008414708E42D5F7A18E4971E876A483133C2B59A06791D2EBA22556E679EE021FA1C00CC43CA09C5717D6274C7286AD7FB06D1AEA1A8C3873DDAD3E3E98859CB0EBB1DAF67A1E02919B5C88DCA71CCD968FFAC49110B1ECDF8882FBD1EA256503418BF2342
310
106E3E08DD60B6A1EC15771B8C795DE8FF4469524F8A92B1F1AD59E2CEB20005E1F5DC105CB9F4797B84D1F7C9F908CABC55D0F2050A5C61CC1AD2F27A26E6E767C7962E8E213A9FBF7775FDCC5CC266DB960A5E970DE5F2BBBE5CCB36C50F504B0304140006080800B670623B1B8617914E01000033030000300000006662
310
782F45374635344235342D363743322D343832342D383044432D4334454645303536354442422F636E782E786D6CD593C16EC32010447F0571AD6CE3D489D20813A9877E410FBD62D82434182CC055F3F75D1292E692438FBD206B7698593D61BEFD1E2DF982108D773D6D6B460938E5B571FB9ECE6957AD29D90A1EBC4F77
310
364A9C1CA1A759A682EF839FA72269D8C9D92654AD71C72206887E0E0A22CAF926B15E498B01E0AA19451807D01A34B919F16B070157417138917400F2F6FA41FCF0092A45DEE414C19BDC21783E4BD39D891265658C3D8DEA00A3ACE59CBC8678ACB54CB26EEB6BD7839D7E9348BE70AD9C8321B9BCA7F9A4A26C542347DE
310
E050F09802D22BA6749A800A394DD62899107273365E3C82CFC6A55557BC06C10774B7ABE7AEC3B0F34CF06446280E154026D0542C187BA9DAB6628BF7B6DBB0E5A65B3EB1F58631DE64BBE083F7B65CC218087E22CABB042E51D1F2268F1FE12B3EA24D40D63E9CFE00120194D60B9D5BC67FE6D39CDF37E20AF817881F50
310
4B0304140006080800B670623B29652116630500003C100000340000006662782F45374635344235342D363743322D343832342D383044432D4334454645303536354442422F6F626A656374732E786D6CAD575D739B3814FD2B0CFB0C989834C90EA1639B24E3E9A6EDD4D3CE3E64C623834CD8006224913AFDF57B040203
310
B65BEF871F0C12D2FD3CF7E8CA7FBFCB33E3957291B2E2D674ED8969D02262715A24B76625B7D6B569BC0F7CCE98EC2D338D82E4F4D654D366E0279C55A59E8AE99654991CCDDECFFF3444440B6A1A514684B83545F44C7362934AB2988A173B2692D8C97667BB76B3702836E1A47C1E092D09A78584A5982F20C5688C7287
310
C389E904BEA3BE07BEFAD7ABA6A75739B53F43FD69212429A20365233153D70BEF2E2E6FAC4BCF9B5ADEBB0BD79ADFCF43CBBD9A4E16EF168B9BD9DD0D140BC921495BC2E9D60C1E101B9E46BED37CEA2CD6861F3329624541A3DA7F7858DBAC25C6B4A4458C3CA654405BCFEBC970E8AAD8F43E4FD558ABEC4F9FE7557F47
310
4F506B7BFBEC5BCA367FC105710E2AB8A00A554D7CB4A30DFE26FBA86D18CBF4B75418399194A72433B274C3097F33032C554B027F2046A1932B842B0FCCC0DDCBEBDB8AD2F835768F59B9ADB24C41D30C6A64AF817F2A456D59FA83F2E3DA60137255A585BCD60EC9B7929AC18DEFD49381AF1ED30BFDB109A4B1CD488294
310
C3CDE6EBC8D185AABD6568061FEE37BB95AAC7E3CA4BCE4ACAA5820FA0D526AE7DAA2869B5EE5999531BE0CC20E6FBA07C41E43FA27CF7A6206F3CDD793B4F6B919C1462CB788EDCD893FA674CDA17AB7B3B7C019F8D561FAEE966FED562DFE98C1D12C6A9FC015C2A35D7FF3D7FC398F591DA4B5FE0BFA2C0189FEA50AE22
310
92817A1ED3020951A03432862970F976B33383259812CC8E5D240BBA801CBCF8CE2BBEE3BF910DB6AAD5F79E05123AE2DB33981FB1ACCB02B69D00CB014FD68AB573A7627EF9BFD4CC2C5C7D58557C4B22FAA88925A4DBB44825CECE3D78FB060D1231F0E885BE7D673C86A3874958F593906B5502D1563157814FDAC3420D
310
F69A070A22EC4B98E23CFF171A1E5311D12C23056555ABA53B8614563B92D17D02AAB009E8F46284624E5F53D5490C560CCCC2591FF1B45421EB0EBD8EA7ED13BE7C5D7E0428CD60FEF60779EB13E6664FF711CB185F6FDED60D139A001FF60CD1FD6D086F1D51474901E26B2CB794A343BC8ED3EDB612E0DD2351FCB65CF4
310
33D511C9E14B5B40ADC6A6263DB0336A8F700DDF56271A024E70B0B3629DE21847591E55DED73D56206AB927E46FAABC5C939C55853C274C93D69FD6FA4E78BF8B11DF898C9ECD60553FAD39283BA6F18984AA23E8884F83F45C5F5F859797B31B2B9C84A1E5B9DE9D35BFF25C6B76152E422F9C5DCC3D847F5801ED09D5AF
310
41441327A25FF15487F9EB725FB666F048A4701E9A827292E6F97569A32DF61DEC01C0BB8DCBBCCC684E0B49147C1FD54BF685A0AB18C868E6973949E819523E3DAC463660E68C7D9F55A9D1EFA3BD7A76A16AE1A810F95CE59B82A4D968A376DC2E8B44BBDD86B27B368CDE0ED548C7137DA860591A83706223A12CA712B4
310
7306DBF39C0A20A6DF95C7FAF670C6EED7A61F946493D1D6926782963813403548A78AE470DEF80D2D9CEAA26E4D1C76F60BFE74219A06527D6B82DF641A51616F703CAAC6A7160E08A00BEB4810A0274592A1B36E3675E36E978A0DE80727A0D6DF2D39A75BD27E0D8837276589537B40ABB56D5A41F48F1C6FCD3188C4EB
310
A6929D2FFB89CE995A4D00AE813BDD032DC48B56BD437DFDDC2DD7AED70C2272D63DE9A72068A45A92F0A4BE17A8A06B9366E16707AD80B1FC649459952097E74BB23805982B55E0401150A165964402AA8BDF9F3E7386BB686EDCA780C0D382E5392BF460A6EFB2C6EA1937D3F809B440D5F5435C4C5CF7A9EEFAF54564BD
310
2182DA24162F98680B4E7930C21A0079709CEAEB99A372305ABE0C0D7D6078105A83F6A0296DAEE1068A47DD1C55A9F4C9B2FC69E3EFD44B81028E963DF81B504B0304140006080000B670623B000000000000000000000000350000006662782F45374635344235342D363743322D343832342D383044432D433445464530
310
3536354442422F76657274696365732E62696E504B0304140006080800B670623BF270F1330600000004000000360000006662782F45374635344235342D363743322D343832342D383044432D4334454645303536354442422F747269616E676C65732E62696E636660600000504B0304140006080000B670623B00000000
310
0000000000000000370000006662782F45374635344235342D363743322D343832342D383044432D4334454645303536354442422F617474726962757465732E62696E504B0304140006080800B670623B08DA0BD19000000041010000360000006662782F45374635344235342D363743322D343832342D383044432D4334
310
454645303536354442422F6469726563746F72792E786D6C858F410AC3201045AF22B36F53E9A60B35CBEEBAE80D244E44489C6234F4F835464A48035D0DF398FF9F8AF63D0E6CC63039F212F8F9020C7D47C6792B21C5FE7403D62A1188E2E60C98D7234A5830286103A55745067B9D86B8A3CF9C7F90C11DE607FB144396
310
D7B6A82D282E9A152AD114D5EF2CB866EEE831B8EEA07A7BB5A8D7D61A2BAAEB7FD5F70921FF497D00504B0304140006080800B670623B6378F24DFF000000A00100003B0000006662782F45374635344235342D363743322D343832342D383044432D4334454645303536354442422F7265736F75726365732F636F72652E
310
786D6C8D504B6E833010BD0A9A6D65B0094E42641C85B639412F6099496225D8C89FAAC7AF09546A77DDCC8CDE47F3F4C4F16B7C149FE88371B603565228D06A37187BED20C50BD9437194C23B177FC9A0B06AC40E6618A4B87A97A615D2CE46B431A3D60DB8822A048C50E8473E3A08FA86A32A558A5911EEE5A4F45D5DB1
310
6465A6B34E8A107D0E502C4FE609D26370C96B0CA25A58295232C3AA3143FE692E063D485EF7F5AEE71BD2D2F39634AFFC44DAF7DD9E9CCE6F9CD25DCBFA762BAAD92C4534E34F46ED51451C40D694B6843142EB0FD61C283F34FC85EE0F948A6A96FF31A569F8A729191B37F51A77B105902C0779125254735F793DCBCC7B
310
EE567E03504B010214000A0000080000B670623B3DEE336E79000000790000001B00000000000000000000000000000000006175746F6465736B2D64657369676E2D7061636B6167652E786D6C504B01021400140006080800B670623BD486FD9CA0000000F40000001300000000000000000000000000B20000005B436F6E
310
74656E745F54797065735D2E786D6C504B01021400140006080800B670623BBC1638F5EC0000007C010000080000000000000000000000000083010000636F72652E786D6C504B01021400140006080800B670623B55019EA25F0000007C000000070000000000000000000000000095020000636E782E786D6C504B010214
310
00140006080800B670623B3586FFB671010000D40300000C00000000000000000000000000190300006662782F636F72652E786D6C504B01021400140006080800B670623B4220A0FF7D0000009D0000000B00000000000000000000000000B40400006662782F636E782E786D6C504B01021400140006080800B670623B2F
310
A3FEDE290100001202000031000000000000000000000000005A0500006662782F45374635344235342D363743322D343832342D383044432D4334454645303536354442422F636F72652E786D6C504B01021400140006080800B670623B1B8617914E010000330300003000000000000000000000000000D2060000666278
310
2F45374635344235342D363743322D343832342D383044432D4334454645303536354442422F636E782E786D6C504B01021400140006080800B670623B29652116630500003C10000034000000000000000000000000006E0800006662782F45374635344235342D363743322D343832342D383044432D4334454645303536
310
354442422F6F626A656374732E786D6C504B01021400140006080000B670623B0000000000000000000000003500000000000000000000000000230E00006662782F45374635344235342D363743322D343832342D383044432D4334454645303536354442422F76657274696365732E62696E504B01021400140006080800
310
B670623BF270F13306000000040000003600000000000000000000000000760E00006662782F45374635344235342D363743322D343832342D383044432D4334454645303536354442422F747269616E676C65732E62696E504B01021400140006080000B670623B0000000000000000000000003700000000000000000000
310
000000D00E00006662782F45374635344235342D363743322D343832342D383044432D4334454645303536354442422F617474726962757465732E62696E504B01021400140006080800B670623B08DA0BD190000000410100003600000000000000000000000000250F00006662782F45374635344235342D363743322D34
310
3832342D383044432D4334454645303536354442422F6469726563746F72792E786D6C504B01021400140006080800B670623B6378F24DFF000000A00100003B00000000000000000000000000091000006662782F45374635344235342D363743322D343832342D383044432D4334454645303536354442422F7265736F75
310
726365732F636F72652E786D6C504B0506000000000E000E0080040000611100000000
  0
XRECORD
  5
D
102
{ACAD_REACTORS
330
C
102
}
330
C
100
AcDbXrecord
280
     1
 70
     0
 90
1778669749
  1
9BF507EE-FAF7-4A99-A33D-4EE51894BC40
310
504B03040A0000080000B670623B3DEE336E79000000790000001B0000006175746F6465736B2D64657369676E2D7061636B6167652E786D6C3C3F786D6C2076657273696F6E3D22312E302220656E636F64696E673D227574662D3822203F3E3C666F726D6174733E3C666F726D61743E687474703A2F2F736368656D612E
310
6175746F6465736B2E636F6D2F64657369676E2D7061636B6167652F323030393C2F666F726D61743E3C2F666F726D6174733E504B0304140006080800B670623BD486FD9CA0000000F4000000130000005B436F6E74656E745F54797065735D2E786D6C7D8EC10E82300C865F65E91D8A1E8C310C0EEA1BF002731658846E
310
D98AC1B77784ABF1D8FE5FBFBF75BBCE937A534CCEB38643598122B6FEE978D0B0485F9C41B54DDD7D022595594E1A469170414C76A4D9A4D207E29CF43ECE46F218070CC6BECC4078ACAA135ACF422C856C0E68EA1BF5669944DDD7BCDE7B1F8E415D77AECB980613C2E4AC91FC167A2B244592486606FC29C8FD7F045B9A
310
EF7053A7E60B504B0304140006080800B670623BCA089DFFEC0000007C01000008000000636F72652E786D6C8D90416E83301045AF62CDB632D8402020E32882F604BD80653BC44AB011B6AB1EBF262152BBEB6A467FFE9B197D76FA9EEFE84BAFDE38DB03CD08206DA553C64E3DC470C1474027CE56E7C22F1B202B66DDC3
310
260367D3EAE2B24BD2D9A06D48AA754AEFA2F05E0740F29E9A1EBCBCEA59642286E4F0B76C11F226269DD15797E0188D42CF2346A57DE662F40ABCAEC77628C6120F654571D50C04B7F5B9C1E3997CD4F550BE3745C3F20DE62C98F9755FAE5A04AD801784B498524C8A4F5A75E4D055873772EC0861F966FF03C545FD138A
310
C686B2D8DF7D621E384D8F3C069CE55B16A93C824A75CB8DFF00504B0304140006080800B670623B55019EA25F0000007C00000007000000636E782E786D6C4DCB3B0E80201045D1AD90E915ED2CF8AC45050C11660C8261F98AB1B07AC9C97D42D718D865D3E909258CFD00CCE24AC6E326A164D74DC0B4128928FF326038
310
472BA13128B1252AC747C6BAB984FC68F0B87FE8960A5C09FE86CFB69FBA01504B0304140006080800B670623B68FC0B7272010000D40300000C0000006662782F636F72652E786D6CC5535B6E833010BC8AE5DF0A6C1E8124328E22D29EA01770C0A128602363A31CBFCB234A53A555FA553EC09AD9F5CE8C31DB5DDA060D
310
D2F4B556190E7C8A9154852E6B5565D8D993B7C668C799D1DA7E29C3488956667884316795D1AE5BA0422B2B950554E9522EA0E87B69312A1A5864B82F3E642B7CE12C54F467BF13C55954D20F7CA0A18EB3DE1A1080E621E31BF3D3F1C2C88C73E65C5D2E6C5DC2B4FA544B8379921C36797888BC3C8A032F4E73EA6D927D
310
EA1DF6F42D49F2E8350D5346C666CE6CDD5ED515460A2B4BCC434A375E1078347C0FE22D5D6DE3D50B5D6F2965642CBF6B725DF96493AB958DC245EEDCD6631E809089F8E61622B2A81703E8219C913144F84C09DF070D8140C8561C9BAB8F3340832CAC363130A576376A108D933095FA747AD0CF0B46E64E983A6D0EAE1F
310
CE089F9EF1FB8E70D44255604258581E9D1D75B259C3125A278D37D80B52DAB4A279CEC62F0EFF44DDC43F9454E8469BFF5244960322CBEF41C6FBC83F01504B0304140006080800B670623B0F71DDB67E0000009D0000000B0000006662782F636E782E786D6C4DCCD10A83201886E15B91FFDCA54DB73F502386BB8F5816
310
32D3703976F9ABD1C18E3E78F87855FB990379BBFCF2296AE02706C4C5471A7C9C349475A408A4352AA7B4FEDD80C47E761A7606A3A69CCA72D0E0C6BE8475D3E0E3F3409428EA6B27A84079A782899AA2EC1A7AE3ECCC2FD858CB2D544655BFD2B67BD87C01504B0304140006080800B670623BE134B4FB28010000120200
310
00310000006662782F38353834323741342D343835462D343034322D383541392D4331303331363839454531452F636F72652E786D6C8D515B6EC32010BC0AE22B55850D0EA424C24451959EA0172086A42831583CAA1CBF503B52FB971F16CDCECC0EACD8DFC71BF836215AEF7A481A0C817183D7D65D7A98D3197108F652
310
04EFD31F1A044E8DA6871586525C82CFD3020DDE25E352419DD76601558C264130DCCAA58771F832A36A544E8511AFCDA486ABBA988634A55D7852C4144A00300FA927949C71DABD1D28A29C7D208A6987383B6CD13BC16BB2E1DBE3911C453B0BA5C8D9EA456E758963CFD684674DAA588A64C747FC2118958C86B2C3788B
310
0841B8FB247487D98EB257CC77188BB6D2FF89F2A49F1465EBD2BA5BE2CEB2082511EDDC9042FB7CBA3DC298FBE4430275DE2A9AE1054ADC60CC08E3A29D89E5F9C5714317C7987C28DFBBBA9E0A97B0D97643A568EB864AF95D5FA9759BF207504B0304140006080800B670623B1B8617914E010000330300003000000066
310
62782F38353834323741342D343835462D343034322D383541392D4331303331363839454531452F636E782E786D6CD593C16EC32010447F0571AD6CE3D489D20813A9877E410FBD62D82434182CC055F3F75D1292E692438FBD206B7698593D61BEFD1E2DF982108D773D6D6B460938E5B571FB9ECE6957AD29D90A1EBC4F
310
77364A9C1CA1A759A682EF839FA72269D8C9D92654AD71C72206887E0E0A22CAF926B15E498B01E0AA19451807D01A34B919F16B070157417138917400F2F6FA41FCF0092A45DEE414C19BDC21783E4BD39D891265658C3D8DEA00A3ACE59CBC8678ACB54CB26EEB6BD7839D7E9348BE70AD9C8321B9BCA7F9A4A26C542347
310
DEE050F09802D22BA6749A800A394DD62899107273365E3C82CFC6A55557BC06C10774B7ABE7AEC3B0F34CF06446280E154026D0542C187BA9DAB6628BF7B6DBB0E5A65B3EB1F58631DE64BBE083F7B65CC218087E22CABB042E51D1F2268F1FE12B3EA24D40D63E9CFE00120194D60B9D5BC67FE6D39CDF37E20AF817881F
310
504B0304140006080800B670623B5933D422630500003B100000340000006662782F38353834323741342D343835462D343034322D383541392D4331303331363839454531452F6F626A656374732E786D6CAD575B6FA33814FE2B887D0642934E9B156594264D158D3A534DD4D13E548A0C38942D60649B4EBABF7E3F8321
310
40924EF6928780CDF1B97EE762EFF32E4B8D37CA45C2F21BD3B547A641F39045491EDF98A5DC5AD7A6F1D9F73863B243661A39C9E88DA9B64DDF8B392B0BBD15D12D295339D85DDEFE618890E6D434C2940871638AF08566C426A5641115AF764424B1E3EDCE76ED9AB0CF36E6A47819302D08A7B984A6D8CFC1C5A89572FB
310
CB91E9F89EA3BEFB9EFAD754E3D3544E654F5F7E920B49F2F040D880CDD89D2CEE2E2EA7D6E56432B6269F2E5CEB7679BBB0DCABF168FE693E9FCEEEA6102C240727AD09A75BD3BF876F78127A4EFDA9D5582B7E4CA590E5390D2BFB6161A5B3E618D182E611E2985001691DAB47FDA5AB7CD3F93C566B2DB2BB7D9E55DD13
310
1D468DEECDB3AB290BFE8409E21C54704115AA6AFF68436BFC8DF65E0B184BF5B74418199194272435D224E084BF9B3E481589EFF5D828747285706581E9BB7B7E5D5D911ABFC6EE312DB7659A2A689A7E85EC0DF04FA5A8344BFEA2FCB834E8845895492EAFB541F2BDA0A63FF59C6AD3F7D4637CA13FD68E34B629891172
310
98597F1D183A57B9B75A98FE9765B05BAB7C3C2EBCE0ACA05C2AF8005A4DE09AA7F29216EB9E15397500C6F47CBE77CA7778FE2BD277AF0AE2C693DD6437D1522427B9D8329E2136F6A8FA19A3E6C56ADF0E5F50CF06D48734EDCEBF22F69C56D97EC138153F804B85E6FABFC7AFEFB32E523BE1F3BD372418E363EDCA7548
310
52949E8724474014288D94610BB57C1BEC4C7F854A89CA8E5324F55B871CBC78CE1BBEE3BFE68D6A5589EF3C730474506FCFA8FCF0659516D0ED04580EEA6425581B77CAE797FF4BCECC16EB2FEB926F49481F746159D06D922712BD730FDEAE42BD40F42C7AA5EF3F198F60E86110D6DD20645A9480B795CF95E3E3A659A8
310
C55E724F408873315335CFFB8584874484344D494E59D94869DB90C26A5B64F49C802CAC1D3ABE18A098D3B7444D123D8A9E5AE8F5214F0AE5B2B6E9B575DA3E61CBD3EA2B4009FA940524DD1305FB6A1FB294F14DF0BEA90BA109ECE1481FDC3FFAE8D60E75141700BE82725371B4873751B2DD960265F788137FACE6DD40
310
B575E4F0A5C99F46629D92131467A41EE11ABD8D4CCC039CA0AFB37C93A08B232B8F0AEFCA1E0A1015DF13FC83322B362463652ECF71D3A8B1A7D1BE65DE1D62C44F22C317D35F574FEB16153BA2D13E543D10A80E74C4A65E78A6B7CBCBD1D5DD9DB59C2DAFACC96C3AB566E3F1C29ADCDD5DBAD7D3C9ED7C822ED74F80A6
310
41755310DE4443F44A9E68373FADF6596BFA0F440AE7BECE2727AE9F4F2B1B53B1E7E00CF0DD1E5C65454A339A4BA2D0FBA05ED2EF0443458F47BDBFCA484CCFE0F2ED7E3DD0013B679C7B5499467F0ECEEADDB9CA85A34CE44B99053949D2C1416DB85DE4B136BB7165FBAC0B7AB3542BED4F8CA182A549847A1319316519
310
95A83A67147B9E5101C47487F2485F1ECE38FD568F839204296D3479219888530154036E6528FBFBC66F98E0D4107563A2D7D9AFF8D389681A08F58D89F22693900A3B407754734FC51C10C010D6D640809EE4718AC1BA3ED4AEDB53CA37283F68805A7E4B72CEB0A4EDEAD5DD8C14059A76AFAA56BA6901E13F32BC51C720
310
12AF41295B5BF61BAD3195181FB506E6B40F4C10AF5AF40EF9F5B159AE5DD1F43C72D635E94310D45C2D49785C5D0B94D3B54AB3C5A38349C0587D338AB48C11CBF339599C02CCA54A70A008A8D03C0B2201D5F9EFCF8F9CE12A9A19CB0410789EB32C63B95ECCF455D658BFE0621A3DA32C5075FB101723D77DAE867E7D0F
310
D90444509B44E2151B4DC2290B065803200FBAA9BE9D392A0603F2D5C2D00D6302A615680F66D2FA166E2079D4C551A54AB758161FCEFD4E450A14704CECFEDF504B0304140006080000B670623B000000000000000000000000350000006662782F38353834323741342D343835462D343034322D383541392D4331303331
310
363839454531452F76657274696365732E62696E504B0304140006080800B670623BF270F1330600000004000000360000006662782F38353834323741342D343835462D343034322D383541392D4331303331363839454531452F747269616E676C65732E62696E636660600000504B0304140006080000B670623B000000
310
000000000000000000370000006662782F38353834323741342D343835462D343034322D383541392D4331303331363839454531452F617474726962757465732E62696E504B0304140006080800B670623B08DA0BD19000000041010000360000006662782F38353834323741342D343835462D343034322D383541392D43
310
31303331363839454531452F6469726563746F72792E786D6C858F410AC3201045AF22B36F53E9A60B35CBEEBAE80D244E44489C6234F4F835464A48035D0DF398FF9F8AF63D0E6CC63039F212F8F9020C7D47C6792B21C5FE7403D62A1188E2E60C98D7234A5830286103A55745067B9D86B8A3CF9C7F90C11DE607FB1443
310
96D7B6A82D282E9A152AD114D5EF2CB866EEE831B8EEA07A7BB5A8D7D61A2BAAEB7FD5F70921FF497D00504B0304140006080800B670623BD9A3B367FE000000A00100003B0000006662782F38353834323741342D343835462D343034322D383541392D4331303331363839454531452F7265736F75726365732F636F7265
310
2E786D6C8D504B6E833010BD0A9A6D65B01D0201194711694FD00B586642AD043BF2A7EAF16B122AB5BB6E6646EFA3797AE2F8B5DC8A4FF4C1383B002B291468B59B8C9D0748F1420E501CA5F0CEC55F3228AC5A708015062966EFD27D83B4B3116DCCA875136EA00A012314FA968F0182FEC045952AC5AC08D7F2AEF455CD
310
58B232D3592745883E07289E4FD609D26370C96B0CA27AB252A464A64D63A6FCD35C0C7A904D73EE467EE664DCD58CD4ED4849D79C5A723ED1B7A61977AF2D6F45B59AA58866F9C9A83DAA8813484E6947182394BFB3BAA7FBBEDEBFD0434FA9A856F91F53BA4FFF342563E38E6F719FB60092E5200F428A6AED2BAF479979
310
AFDDCA6F504B010214000A0000080000B670623B3DEE336E79000000790000001B00000000000000000000000000000000006175746F6465736B2D64657369676E2D7061636B6167652E786D6C504B01021400140006080800B670623BD486FD9CA0000000F40000001300000000000000000000000000B20000005B436F6E
310
74656E745F54797065735D2E786D6C504B01021400140006080800B670623BCA089DFFEC0000007C010000080000000000000000000000000083010000636F72652E786D6C504B01021400140006080800B670623B55019EA25F0000007C000000070000000000000000000000000095020000636E782E786D6C504B010214
310
00140006080800B670623B68FC0B7272010000D40300000C00000000000000000000000000190300006662782F636F72652E786D6C504B01021400140006080800B670623B0F71DDB67E0000009D0000000B00000000000000000000000000B50400006662782F636E782E786D6C504B01021400140006080800B670623BE1
310
34B4FB280100001202000031000000000000000000000000005C0500006662782F38353834323741342D343835462D343034322D383541392D4331303331363839454531452F636F72652E786D6C504B01021400140006080800B670623B1B8617914E010000330300003000000000000000000000000000D3060000666278
310
2F38353834323741342D343835462D343034322D383541392D4331303331363839454531452F636E782E786D6C504B01021400140006080800B670623B5933D422630500003B10000034000000000000000000000000006F0800006662782F38353834323741342D343835462D343034322D383541392D4331303331363839
310
454531452F6F626A656374732E786D6C504B01021400140006080000B670623B0000000000000000000000003500000000000000000000000000240E00006662782F38353834323741342D343835462D343034322D383541392D4331303331363839454531452F76657274696365732E62696E504B01021400140006080800
310
B670623BF270F13306000000040000003600000000000000000000000000770E00006662782F38353834323741342D343835462D343034322D383541392D4331303331363839454531452F747269616E676C65732E62696E504B01021400140006080000B670623B0000000000000000000000003700000000000000000000
310
000000D10E00006662782F38353834323741342D343835462D343034322D383541392D4331303331363839454531452F617474726962757465732E62696E504B01021400140006080800B670623B08DA0BD190000000410100003600000000000000000000000000260F00006662782F38353834323741342D343835462D34
310
3034322D383541392D4331303331363839454531452F6469726563746F72792E786D6C504B01021400140006080800B670623BD9A3B367FE000000A00100003B000000000000000000000000000A1000006662782F38353834323741342D343835462D343034322D383541392D4331303331363839454531452F7265736F75
310
726365732F636F72652E786D6C504B0506000000000E000E0080040000611100000000
  0
CELLSTYLEMAP
  5
EFF
102
{ACAD_REACTORS
330
5E
102
}
330
5E
100
AcDbCellStyleMap
 90
        3
300
CELLSTYLE
  1
TABLEFORMAT_BEGIN
 90
        5
170
     1
 91
        0
 92
    32768
 62
   257
 93
        1
300
CONTENTFORMAT
  1
CONTENTFORMAT_BEGIN
 90
        0
 91
        0
 92
      512
 93
        0
300

 40
0.0
140
1.0
 94
        5
 62
     0
340
1E
144
0.25
309
CONTENTFORMAT_END
171
     1
301
MARGIN
  1
CELLMARGIN_BEGIN
 40
0.06
 40
0.06
 40
0.06
 40
0.06
 40
0.18
 40
0.18
309
CELLMARGIN_END
 94
        6
 95
        1
302
GRIDFORMAT
  1
GRIDFORMAT_BEGIN
 90
        0
 91
        1
 62
     0
 92
       -2
340
0
 93
        0
 40
0.045
309
GRIDFORMAT_END
 95
        2
302
GRIDFORMAT
  1
GRIDFORMAT_BEGIN
 90
        0
 91
        1
 62
     0
 92
       -2
340
0
 93
        0
 40
0.045
309
GRIDFORMAT_END
 95
        4
302
GRIDFORMAT
  1
GRIDFORMAT_BEGIN
 90
        0
 91
        1
 62
     0
 92
       -2
340
0
 93
        0
 40
0.045
309
GRIDFORMAT_END
 95
        8
302
GRIDFORMAT
  1
GRIDFORMAT_BEGIN
 90
        0
 91
        1
 62
     0
 92
       -2
340
0
 93
        0
 40
0.045
309
GRIDFORMAT_END
 95
       16
302
GRIDFORMAT
  1
GRIDFORMAT_BEGIN
 90
        0
 91
        1
 62
     0
 92
       -2
340
0
 93
        0
 40
0.045
309
GRIDFORMAT_END
 95
       32
302
GRIDFORMAT
  1
GRIDFORMAT_BEGIN
 90
        0
 91
        1
 62
     0
 92
       -2
340
0
 93
        0
 40
0.045
309
GRIDFORMAT_END
309
TABLEFORMAT_END
  1
CELLSTYLE_BEGIN
 90
        1
 91
        1
300
_TITLE
309
CELLSTYLE_END
300
CELLSTYLE
  1
TABLEFORMAT_BEGIN
 90
        5
170
     1
 91
        0
 92
        0
 62
   257
 93
        1
300
CONTENTFORMAT
  1
CONTENTFORMAT_BEGIN
 90
        0
 91
        0
 92
      512
 93
        0
300

 40
0.0
140
1.0
 94
        5
 62
     0
340
1E
144
0.18
309
CONTENTFORMAT_END
171
     1
301
MARGIN
  1
CELLMARGIN_BEGIN
 40
0.06
 40
0.06
 40
0.06
 40
0.06
 40
0.18
 40
0.18
309
CELLMARGIN_END
 94
        6
 95
        1
302
GRIDFORMAT
  1
GRIDFORMAT_BEGIN
 90
        0
 91
        1
 62
     0
 92
       -2
340
0
 93
        0
 40
0.045
309
GRIDFORMAT_END
 95
        2
302
GRIDFORMAT
  1
GRIDFORMAT_BEGIN
 90
        0
 91
        1
 62
     0
 92
       -2
340
0
 93
        0
 40
0.045
309
GRIDFORMAT_END
 95
        4
302
GRIDFORMAT
  1
GRIDFORMAT_BEGIN
 90
        0
 91
        1
 62
     0
 92
       -2
340
0
 93
        0
 40
0.045
309
GRIDFORMAT_END
 95
        8
302
GRIDFORMAT
  1
GRIDFORMAT_BEGIN
 90
        0
 91
        1
 62
     0
 92
       -2
340
0
 93
        0
 40
0.045
309
GRIDFORMAT_END
 95
       16
302
GRIDFORMAT
  1
GRIDFORMAT_BEGIN
 90
        0
 91
        1
 62
     0
 92
       -2
340
0
 93
        0
 40
0.045
309
GRIDFORMAT_END
 95
       32
302
GRIDFORMAT
  1
GRIDFORMAT_BEGIN
 90
        0
 91
        1
 62
     0
 92
       -2
340
0
 93
        0
 40
0.045
309
GRIDFORMAT_END
309
TABLEFORMAT_END
  1
CELLSTYLE_BEGIN
 90
        2
 91
        1
300
_HEADER
309
CELLSTYLE_END
300
CELLSTYLE
  1
TABLEFORMAT_BEGIN
 90
        5
170
     1
 91
        0
 92
        0
 62
   257
 93
        1
300
CONTENTFORMAT
  1
CONTENTFORMAT_BEGIN
 90
        0
 91
        0
 92
      512
 93
        0
300

 40
0.0
140
1.0
 94
        2
 62
     0
340
1E
144
0.18
309
CONTENTFORMAT_END
171
     1
301
MARGIN
  1
CELLMARGIN_BEGIN
 40
0.06
 40
0.06
 40
0.06
 40
0.06
 40
0.18
 40
0.18
309
CELLMARGIN_END
 94
        6
 95
        1
302
GRIDFORMAT
  1
GRIDFORMAT_BEGIN
 90
        0
 91
        1
 62
     0
 92
       -2
340
0
 93
        0
 40
0.045
309
GRIDFORMAT_END
 95
        2
302
GRIDFORMAT
  1
GRIDFORMAT_BEGIN
 90
        0
 91
        1
 62
     0
 92
       -2
340
0
 93
        0
 40
0.045
309
GRIDFORMAT_END
 95
        4
302
GRIDFORMAT
  1
GRIDFORMAT_BEGIN
 90
        0
 91
        1
 62
     0
 92
       -2
340
0
 93
        0
 40
0.045
309
GRIDFORMAT_END
 95
        8
302
GRIDFORMAT
  1
GRIDFORMAT_BEGIN
 90
        0
 91
        1
 62
     0
 92
       -2
340
0
 93
        0
 40
0.045
309
GRIDFORMAT_END
 95
       16
302
GRIDFORMAT
  1
GRIDFORMAT_BEGIN
 90
        0
 91
        1
 62
     0
 92
       -2
340
0
 93
        0
 40
0.045
309
GRIDFORMAT_END
 95
       32
302
GRIDFORMAT
  1
GRIDFORMAT_BEGIN
 90
        0
 91
        1
 62
     0
 92
       -2
340
0
 93
        0
 40
0.045
309
GRIDFORMAT_END
309
TABLEFORMAT_END
  1
CELLSTYLE_BEGIN
 90
        3
 91
        2
300
_DATA
309
CELLSTYLE_END
  0
XRECORD
  5
F04
102
{ACAD_REACTORS
330
F03
102
}
330
F03
100
AcDbXrecord
280
     1
102
RTVSPost2010Prop28
280
     1
102
RTVSPost2010PropOp28
 70
     1
102
RTVSPost2010Prop29
280
     1
102
RTVSPost2010PropOp29
 70
     1
102
RTVSPost2010Prop30
280
     0
102
RTVSPost2010PropOp30
 70
     1
102
RTVSPost2010Prop31
280
     0
102
RTVSPost2010PropOp31
 70
     1
102
RTVSPost2010Prop32
280
     0
102
RTVSPost2010PropOp32
 70
     1
102
RTVSPost2010Prop33
280
     0
102
RTVSPost2010PropOp33
 70
     1
102
RTVSPost2010Prop34
280
     0
102
RTVSPost2010PropOp34
 70
     1
102
RTVSPost2010Prop35
280
     0
102
RTVSPost2010PropOp35
 70
     1
102
RTVSPost2010Prop36
280
     0
102
RTVSPost2010PropOp36
 70
     1
102
RTVSPost2010Prop37
 90
       50
102
RTVSPost2010PropOp37
 70
     1
102
RTVSPost2010Prop38
140
0.0
102
RTVSPost2010PropOp38
 70
     1
102
RTVSPost2010Prop39
140
1.0
102
RTVSPost2010PropOp39
 70
     1
102
RTVSPost2010Prop40
 90
        0
102
RTVSPost2010PropOp40
 70
     1
102
RTVSPost2010Prop41ColorIndex
 90
       18
102
RTVSPost2010Prop41ColorRGB
 90
        0
102
RTVSPost2010PropOp41
 70
     1
102
RTVSPost2010Prop42
 90
       50
102
RTVSPost2010PropOp42
 70
     1
102
RTVSPost2010Prop43
 90
        3
102
RTVSPost2010PropOp43
 70
     1
102
RTVSPost2010Prop44ColorIndex
 90
        5
102
RTVSPost2010Prop44ColorRGB
 90
      255
102
RTVSPost2010PropOp44
 70
     1
102
RTVSPost2010Prop45
280
     0
102
RTVSPost2010PropOp45
 70
     1
102
RTVSPost2010Prop46
 90
       50
102
RTVSPost2010PropOp46
 70
     1
102
RTVSPost2010Prop47
 90
       50
102
RTVSPost2010PropOp47
 70
     1
102
RTVSPost2010Prop48
 90
       50
102
RTVSPost2010PropOp48
 70
     1
102
RTVSPost2010Prop49
280
     0
102
RTVSPost2010PropOp49
 70
     1
102
RTVSPost2010Prop50
 90
       50
102
RTVSPost2010PropOp50
 70
     1
102
RTVSPost2010Prop51ColorIndex
 90
      256
102
RTVSPost2010Prop51ColorRGB
 90
-16777216
102
RTVSPost2010PropOp51
 70
     0
102
RTVSPost2010Prop52
140
1.0
102
RTVSPost2010PropOp52
 70
     0
102
RTVSPost2010Prop53
 90
        2
102
RTVSPost2010PropOp53
 70
     1
102
RTVSPost2010Prop54
  1
strokes_ogs.tif
102
RTVSPost2010PropOp54
 70
     1
102
RTVSPost2010Prop55
280
     0
102
RTVSPost2010PropOp55
 70
     1
102
RTVSPost2010Prop56
140
1.0
102
RTVSPost2010PropOp56
 70
     1
102
RTVSPost2010Prop57
140
1.0
102
RTVSPost2010PropOp57
 70
     1
102
RTVSPropertyOp0
 70
     1
102
RTVSPropertyOp1
 70
     1
102
RTVSPropertyOp2
 70
     1
102
RTVSPropertyOp3
 70
     1
102
RTVSPropertyOp4
 70
     1
102
RTVSPropertyOp5
 70
     1
102
RTVSPropertyOp6
 70
     1
102
RTVSPropertyOp7
 70
     1
102
RTVSPropertyOp8
 70
     1
102
RTVSPropertyOp9
 70
     1
102
RTVSPropertyOp10
 70
     1
102
RTVSPropertyOp11
 70
     1
102
RTVSPropertyOp12
 70
     1
102
RTVSPropertyOp13
 70
     1
102
RTVSPropertyOp14
 70
     1
102
RTVSPropertyOp15
 70
     1
102
RTVSPropertyOp16
 70
     1
102
RTVSPropertyOp17
 70
     1
102
RTVSPropertyOp18
 70
     1
102
RTVSPropertyOp19
 70
     1
102
RTVSPropertyOp20
 70
     1
102
RTVSPropertyOp21
 70
     1
102
RTVSPropertyOp22
 70
     1
102
RTVSPropertyOp23
 70
     1
102
RTVSPropertyOp24
 70
     1
102
RTVSPropertyOp25
 70
     1
102
RTVSPropertyOp26
 70
     1
102
RTVSPropertyOp27
 70
     1
102
RTVSPropertyOp28
 70
     1
102
RTVSPropertyOp29
 70
     1
102
RTVSPropertyOp30
 70
     1
102
RTVSPropertyOp31
 70
     1
102
RTVSPropertyOp32
 70
     1
102
RTVSPropertyOp33
 70
     1
102
RTVSPropertyOp34
 70
     1
102
RTVSPropertyOp35
 70
     1
102
RTVSPropertyOp36
 70
     1
102
RTVSPropertyOp37
 70
     1
102
RTVSPropertyOp38
 70
     1
102
RTVSPropertyOp39
 70
     1
102
RTVSPropertyOp40
 70
     1
102
RTVSPropertyOp41
 70
     1
102
RTVSPropertyOp42
 70
     1
102
RTVSPropertyOp43
 70
     1
102
RTVSPropertyOp44
 70
     1
102
RTVSPropertyOp45
 70
     1
102
RTVSPropertyOp46
 70
     1
102
RTVSPropertyOp47
 70
     1
102
RTVSPropertyOp48
 70
     1
102
RTVSPropertyOp49
 70
     1
102
RTVSPropertyOp50
 70
     1
102
RTVSPropertyOp51
 70
     0
102
RTVSPropertyOp52
 70
     0
102
RTVSPropertyOp53
 70
     1
102
RTVSPropertyOp54
 70
     1
102
RTVSPropertyOp55
 70
     1
102
RTVSPropertyOp56
 70
     1
102
RTVSPropertyOp57
 70
     1
102
RTVSPropertyOp58
 70
     1
102
RTVSPropertyOp59
 70
     1
102
RTVSPropertyOp60
 70
     1
102
RTVSPropertyOp61
 70
     1
102
RTVSPropertyOp62
 70
     1
  0
XRECORD
  5
F06
102
{ACAD_REACTORS
330
F05
102
}
330
F05
100
AcDbXrecord
280
     1
102
RTVSPost2010Prop28
280
     0
102
RTVSPost2010PropOp28
 70
     1
102
RTVSPost2010Prop29
280
     1
102
RTVSPost2010PropOp29
 70
     1
102
RTVSPost2010Prop30
280
     1
102
RTVSPost2010PropOp30
 70
     1
102
RTVSPost2010Prop31
280
     0
102
RTVSPost2010PropOp31
 70
     1
102
RTVSPost2010Prop32
280
     0
102
RTVSPost2010PropOp32
 70
     1
102
RTVSPost2010Prop33
280
     0
102
RTVSPost2010PropOp33
 70
     1
102
RTVSPost2010Prop34
280
     0
102
RTVSPost2010PropOp34
 70
     1
102
RTVSPost2010Prop35
280
     0
102
RTVSPost2010PropOp35
 70
     1
102
RTVSPost2010Prop36
280
     0
102
RTVSPost2010PropOp36
 70
     1
102
RTVSPost2010Prop37
 90
       50
102
RTVSPost2010PropOp37
 70
     1
102
RTVSPost2010Prop38
140
0.0
102
RTVSPost2010PropOp38
 70
     1
102
RTVSPost2010Prop39
140
1.0
102
RTVSPost2010PropOp39
 70
     1
102
RTVSPost2010Prop40
 90
        0
102
RTVSPost2010PropOp40
 70
     1
102
RTVSPost2010Prop41ColorIndex
 90
       18
102
RTVSPost2010Prop41ColorRGB
 90
        0
102
RTVSPost2010PropOp41
 70
     1
102
RTVSPost2010Prop42
 90
       50
102
RTVSPost2010PropOp42
 70
     1
102
RTVSPost2010Prop43
 90
        3
102
RTVSPost2010PropOp43
 70
     1
102
RTVSPost2010Prop44ColorIndex
 90
        5
102
RTVSPost2010Prop44ColorRGB
 90
      255
102
RTVSPost2010PropOp44
 70
     1
102
RTVSPost2010Prop45
280
     0
102
RTVSPost2010PropOp45
 70
     1
102
RTVSPost2010Prop46
 90
       50
102
RTVSPost2010PropOp46
 70
     1
102
RTVSPost2010Prop47
 90
       50
102
RTVSPost2010PropOp47
 70
     1
102
RTVSPost2010Prop48
 90
       50
102
RTVSPost2010PropOp48
 70
     1
102
RTVSPost2010Prop49
280
     0
102
RTVSPost2010PropOp49
 70
     1
102
RTVSPost2010Prop50
 90
       50
102
RTVSPost2010PropOp50
 70
     1
102
RTVSPost2010Prop51ColorIndex
 90
      256
102
RTVSPost2010Prop51ColorRGB
 90
-16777216
102
RTVSPost2010PropOp51
 70
     0
102
RTVSPost2010Prop52
140
1.0
102
RTVSPost2010PropOp52
 70
     0
102
RTVSPost2010Prop53
 90
        2
102
RTVSPost2010PropOp53
 70
     1
102
RTVSPost2010Prop54
  1
strokes_ogs.tif
102
RTVSPost2010PropOp54
 70
     1
102
RTVSPost2010Prop55
280
     0
102
RTVSPost2010PropOp55
 70
     1
102
RTVSPost2010Prop56
140
1.0
102
RTVSPost2010PropOp56
 70
     1
102
RTVSPost2010Prop57
140
1.0
102
RTVSPost2010PropOp57
 70
     1
102
RTVSPropertyOp0
 70
     1
102
RTVSPropertyOp1
 70
     1
102
RTVSPropertyOp2
 70
     1
102
RTVSPropertyOp3
 70
     1
102
RTVSPropertyOp4
 70
     1
102
RTVSPropertyOp5
 70
     1
102
RTVSPropertyOp6
 70
     1
102
RTVSPropertyOp7
 70
     1
102
RTVSPropertyOp8
 70
     1
102
RTVSPropertyOp9
 70
     1
102
RTVSPropertyOp10
 70
     1
102
RTVSPropertyOp11
 70
     1
102
RTVSPropertyOp12
 70
     1
102
RTVSPropertyOp13
 70
     1
102
RTVSPropertyOp14
 70
     1
102
RTVSPropertyOp15
 70
     1
102
RTVSPropertyOp16
 70
     1
102
RTVSPropertyOp17
 70
     1
102
RTVSPropertyOp18
 70
     1
102
RTVSPropertyOp19
 70
     1
102
RTVSPropertyOp20
 70
     1
102
RTVSPropertyOp21
 70
     1
102
RTVSPropertyOp22
 70
     1
102
RTVSPropertyOp23
 70
     1
102
RTVSPropertyOp24
 70
     1
102
RTVSPropertyOp25
 70
     1
102
RTVSPropertyOp26
 70
     1
102
RTVSPropertyOp27
 70
     1
102
RTVSPropertyOp28
 70
     1
102
RTVSPropertyOp29
 70
     1
102
RTVSPropertyOp30
 70
     1
102
RTVSPropertyOp31
 70
     1
102
RTVSPropertyOp32
 70
     1
102
RTVSPropertyOp33
 70
     1
102
RTVSPropertyOp34
 70
     1
102
RTVSPropertyOp35
 70
     1
102
RTVSPropertyOp36
 70
     1
102
RTVSPropertyOp37
 70
     1
102
RTVSPropertyOp38
 70
     1
102
RTVSPropertyOp39
 70
     1
102
RTVSPropertyOp40
 70
     1
102
RTVSPropertyOp41
 70
     1
102
RTVSPropertyOp42
 70
     1
102
RTVSPropertyOp43
 70
     1
102
RTVSPropertyOp44
 70
     1
102
RTVSPropertyOp45
 70
     1
102
RTVSPropertyOp46
 70
     1
102
RTVSPropertyOp47
 70
     1
102
RTVSPropertyOp48
 70
     1
102
RTVSPropertyOp49
 70
     1
102
RTVSPropertyOp50
 70
     1
102
RTVSPropertyOp51
 70
     0
102
RTVSPropertyOp52
 70
     0
102
RTVSPropertyOp53
 70
     1
102
RTVSPropertyOp54
 70
     1
102
RTVSPropertyOp55
 70
     1
102
RTVSPropertyOp56
 70
     1
102
RTVSPropertyOp57
 70
     1
102
RTVSPropertyOp58
 70
     1
102
RTVSPropertyOp59
 70
     1
102
RTVSPropertyOp60
 70
     1
102
RTVSPropertyOp61
 70
     1
102
RTVSPropertyOp62
 70
     1
  0
XRECORD
  5
F08
102
{ACAD_REACTORS
330
F07
102
}
330
F07
100
AcDbXrecord
280
     1
102
RTVSPost2010Prop28
280
     0
102
RTVSPost2010PropOp28
 70
     1
102
RTVSPost2010Prop29
280
     1
102
RTVSPost2010PropOp29
 70
     1
102
RTVSPost2010Prop30
280
     1
102
RTVSPost2010PropOp30
 70
     1
102
RTVSPost2010Prop31
280
     0
102
RTVSPost2010PropOp31
 70
     1
102
RTVSPost2010Prop32
280
     0
102
RTVSPost2010PropOp32
 70
     1
102
RTVSPost2010Prop33
280
     0
102
RTVSPost2010PropOp33
 70
     1
102
RTVSPost2010Prop34
280
     0
102
RTVSPost2010PropOp34
 70
     1
102
RTVSPost2010Prop35
280
     0
102
RTVSPost2010PropOp35
 70
     1
102
RTVSPost2010Prop36
280
     0
102
RTVSPost2010PropOp36
 70
     1
102
RTVSPost2010Prop37
 90
       50
102
RTVSPost2010PropOp37
 70
     1
102
RTVSPost2010Prop38
140
0.0
102
RTVSPost2010PropOp38
 70
     1
102
RTVSPost2010Prop39
140
1.0
102
RTVSPost2010PropOp39
 70
     1
102
RTVSPost2010Prop40
 90
        0
102
RTVSPost2010PropOp40
 70
     1
102
RTVSPost2010Prop41ColorIndex
 90
       18
102
RTVSPost2010Prop41ColorRGB
 90
        0
102
RTVSPost2010PropOp41
 70
     1
102
RTVSPost2010Prop42
 90
       50
102
RTVSPost2010PropOp42
 70
     1
102
RTVSPost2010Prop43
 90
        3
102
RTVSPost2010PropOp43
 70
     1
102
RTVSPost2010Prop44ColorIndex
 90
        5
102
RTVSPost2010Prop44ColorRGB
 90
      255
102
RTVSPost2010PropOp44
 70
     1
102
RTVSPost2010Prop45
280
     0
102
RTVSPost2010PropOp45
 70
     1
102
RTVSPost2010Prop46
 90
       50
102
RTVSPost2010PropOp46
 70
     1
102
RTVSPost2010Prop47
 90
       50
102
RTVSPost2010PropOp47
 70
     1
102
RTVSPost2010Prop48
 90
       50
102
RTVSPost2010PropOp48
 70
     1
102
RTVSPost2010Prop49
280
     0
102
RTVSPost2010PropOp49
 70
     1
102
RTVSPost2010Prop50
 90
       50
102
RTVSPost2010PropOp50
 70
     1
102
RTVSPost2010Prop51ColorIndex
 90
      256
102
RTVSPost2010Prop51ColorRGB
 90
-16777216
102
RTVSPost2010PropOp51
 70
     0
102
RTVSPost2010Prop52
140
1.0
102
RTVSPost2010PropOp52
 70
     0
102
RTVSPost2010Prop53
 90
        2
102
RTVSPost2010PropOp53
 70
     1
102
RTVSPost2010Prop54
  1
strokes_ogs.tif
102
RTVSPost2010PropOp54
 70
     1
102
RTVSPost2010Prop55
280
     0
102
RTVSPost2010PropOp55
 70
     1
102
RTVSPost2010Prop56
140
1.0
102
RTVSPost2010PropOp56
 70
     1
102
RTVSPost2010Prop57
140
1.0
102
RTVSPost2010PropOp57
 70
     1
102
RTVSPropertyOp0
 70
     1
102
RTVSPropertyOp1
 70
     1
102
RTVSPropertyOp2
 70
     1
102
RTVSPropertyOp3
 70
     1
102
RTVSPropertyOp4
 70
     1
102
RTVSPropertyOp5
 70
     1
102
RTVSPropertyOp6
 70
     1
102
RTVSPropertyOp7
 70
     1
102
RTVSPropertyOp8
 70
     1
102
RTVSPropertyOp9
 70
     1
102
RTVSPropertyOp10
 70
     1
102
RTVSPropertyOp11
 70
     1
102
RTVSPropertyOp12
 70
     1
102
RTVSPropertyOp13
 70
     1
102
RTVSPropertyOp14
 70
     1
102
RTVSPropertyOp15
 70
     1
102
RTVSPropertyOp16
 70
     1
102
RTVSPropertyOp17
 70
     1
102
RTVSPropertyOp18
 70
     1
102
RTVSPropertyOp19
 70
     1
102
RTVSPropertyOp20
 70
     1
102
RTVSPropertyOp21
 70
     1
102
RTVSPropertyOp22
 70
     1
102
RTVSPropertyOp23
 70
     1
102
RTVSPropertyOp24
 70
     1
102
RTVSPropertyOp25
 70
     1
102
RTVSPropertyOp26
 70
     1
102
RTVSPropertyOp27
 70
     1
102
RTVSPropertyOp28
 70
     1
102
RTVSPropertyOp29
 70
     1
102
RTVSPropertyOp30
 70
     1
102
RTVSPropertyOp31
 70
     1
102
RTVSPropertyOp32
 70
     1
102
RTVSPropertyOp33
 70
     1
102
RTVSPropertyOp34
 70
     1
102
RTVSPropertyOp35
 70
     1
102
RTVSPropertyOp36
 70
     1
102
RTVSPropertyOp37
 70
     1
102
RTVSPropertyOp38
 70
     1
102
RTVSPropertyOp39
 70
     1
102
RTVSPropertyOp40
 70
     1
102
RTVSPropertyOp41
 70
     1
102
RTVSPropertyOp42
 70
     1
102
RTVSPropertyOp43
 70
     1
102
RTVSPropertyOp44
 70
     1
102
RTVSPropertyOp45
 70
     1
102
RTVSPropertyOp46
 70
     1
102
RTVSPropertyOp47
 70
     1
102
RTVSPropertyOp48
 70
     1
102
RTVSPropertyOp49
 70
     1
102
RTVSPropertyOp50
 70
     1
102
RTVSPropertyOp51
 70
     0
102
RTVSPropertyOp52
 70
     0
102
RTVSPropertyOp53
 70
     1
102
RTVSPropertyOp54
 70
     1
102
RTVSPropertyOp55
 70
     1
102
RTVSPropertyOp56
 70
     1
102
RTVSPropertyOp57
 70
     1
102
RTVSPropertyOp58
 70
     1
102
RTVSPropertyOp59
 70
     1
102
RTVSPropertyOp60
 70
     1
102
RTVSPropertyOp61
 70
     1
102
RTVSPropertyOp62
 70
     1
  0
ENDSEC
  0
EOF
