  0
SECTION
  2
HEADER
  9
$ACADVER
  1
AC1021
  9
$ACADMAINTVER
 70
    50
  9
$DWGCODEPAGE
  3
ANSI_936
  9
$INSBASE
 10
2493.706527430741
 20
327.6971456489603
 30
0.0
  9
$EXTMIN
 10
0.0
 20
216.9778151585378
 30
0.0
  9
$EXTMAX
 10
3055.09986432178
 20
1164.068008445203
 30
0.0
  9
$LIMMIN
 10
0.0
 20
0.0
  9
$LIMMAX
 10
12.0
 20
9.0
  9
$ORTHOMODE
 70
     1
  9
$REGENMODE
 70
     1
  9
$FILLMODE
 70
     1
  9
$QTEXTMODE
 70
     0
  9
$MIRRTEXT
 70
     0
  9
$LTSCALE
 40
1.0
  9
$ATTMODE
 70
     1
  9
$TEXTSIZE
 40
100.0
  9
$TRACEWID
 40
0.05
  9
$TEXTSTYLE
  7
ZB_宋体
  9
$CLAYER
  8
0
  9
$CELTYPE
  6
ByLayer
  9
$CECOLOR
 62
   253
  9
$CELTSCALE
 40
1.0
  9
$DISPSILH
 70
     0
  9
$DIMSCALE
 40
1.0
  9
$DIMASZ
 40
30.0
  9
$DIMEXO
 40
20.0
  9
$DIMDLI
 40
3.75
  9
$DIMRND
 40
0.0
  9
$DIMDLE
 40
40.0
  9
$DIMEXE
 40
40.0
  9
$DIMTP
 40
0.0
  9
$DIMTM
 40
0.0
  9
$DIMTXT
 40
50.0
  9
$DIMCEN
 40
2.5
  9
$DIMTSZ
 40
0.0
  9
$DIMTOL
 70
     0
  9
$DIMLIM
 70
     0
  9
$DIMTIH
 70
     0
  9
$DIMTOH
 70
     0
  9
$DIMSE1
 70
     0
  9
$DIMSE2
 70
     0
  9
$DIMTAD
 70
     1
  9
$DIMZIN
 70
     8
  9
$DIMBLK
  1
ArchTick
  9
$DIMASO
 70
     1
  9
$DIMSHO
 70
     1
  9
$DIMPOST
  1
\X
  9
$DIMAPOST
  1

  9
$DIMALT
 70
     0
  9
$DIMALTD
 70
     0
  9
$DIMALTF
 40
0.03937007874016
  9
$DIMLFAC
 40
1.0
  9
$DIMTOFL
 70
     1
  9
$DIMTVP
 40
0.0
  9
$DIMTIX
 70
     1
  9
$DIMSOXD
 70
     0
  9
$DIMSAH
 70
     0
  9
$DIMBLK1
  1

  9
$DIMBLK2
  1

  9
$DIMSTYLE
  2
zbom_厨柜
  9
$DIMCLRD
 70
     1
  9
$DIMCLRE
 70
     1
  9
$DIMCLRT
 70
     2
  9
$DIMTFAC
 40
1.0
  9
$DIMGAP
 40
30.0
  9
$DIMJUST
 70
     0
  9
$DIMSD1
 70
     0
  9
$DIMSD2
 70
     0
  9
$DIMTOLJ
 70
     0
  9
$DIMTZIN
 70
     8
  9
$DIMALTZ
 70
     0
  9
$DIMALTTZ
 70
     0
  9
$DIMUPT
 70
     0
  9
$DIMDEC
 70
     0
  9
$DIMTDEC
 70
     0
  9
$DIMALTU
 70
     2
  9
$DIMALTTD
 70
     0
  9
$DIMTXSTY
  7
ZB_宋体
  9
$DIMAUNIT
 70
     0
  9
$DIMADEC
 70
     0
  9
$DIMALTRND
 40
0.0
  9
$DIMAZIN
 70
     0
  9
$DIMDSEP
 70
    46
  9
$DIMATFIT
 70
     3
  9
$DIMFRAC
 70
     0
  9
$DIMLDRBLK
  1
Dot
  9
$DIMLUNIT
 70
     2
  9
$DIMLWD
 70
    -2
  9
$DIMLWE
 70
    -2
  9
$DIMTMOVE
 70
     2
  9
$DIMFXL
 40
50.0
  9
$DIMFXLON
 70
     1
  9
$DIMJOGANG
 40
1.570796326794896
  9
$DIMTFILL
 70
     0
  9
$DIMTFILLCLR
 70
     0
  9
$DIMARCSYM
 70
     1
  9
$DIMLTYPE
  6

  9
$DIMLTEX1
  6

  9
$DIMLTEX2
  6

  9
$LUNITS
 70
     2
  9
$LUPREC
 70
     4
  9
$SKETCHINC
 40
0.1
  9
$FILLETRAD
 40
0.0
  9
$AUNITS
 70
     0
  9
$AUPREC
 70
     0
  9
$MENU
  1
.
  9
$ELEVATION
 40
0.0
  9
$PELEVATION
 40
0.0
  9
$THICKNESS
 40
0.0
  9
$LIMCHECK
 70
     0
  9
$CHAMFERA
 40
0.0
  9
$CHAMFERB
 40
0.0
  9
$CHAMFERC
 40
0.0
  9
$CHAMFERD
 40
0.0
  9
$SKPOLY
 70
     0
  9
$TDCREATE
 40
2457866.611608797
  9
$TDUCREATE
 40
2457866.278279305
  9
$TDUPDATE
 40
2461262.480243056
  9
$TDUUPDATE
 40
2461262.146909722
  9
$TDINDWG
 40
7.9219314468
  9
$TDUSRTIMER
 40
7.9219311806
  9
$USRTIMER
 70
     1
  9
$ANGBASE
 50
0.0
  9
$ANGDIR
 70
     0
  9
$PDMODE
 70
     0
  9
$PDSIZE
 40
0.0
  9
$PLINEWID
 40
0.0
  9
$SPLFRAME
 70
     0
  9
$SPLINETYPE
 70
     6
  9
$SPLINESEGS
 70
     8
  9
$HANDSEED
  5
367
  9
$SURFTAB1
 70
     6
  9
$SURFTAB2
 70
     6
  9
$SURFTYPE
 70
     6
  9
$SURFU
 70
     6
  9
$SURFV
 70
     6
  9
$UCSBASE
  2

  9
$UCSNAME
  2

  9
$UCSORG
 10
0.0
 20
0.0
 30
0.0
  9
$UCSXDIR
 10
1.0
 20
0.0
 30
0.0
  9
$UCSYDIR
 10
0.0
 20
1.0
 30
0.0
  9
$UCSORTHOREF
  2

  9
$UCSORTHOVIEW
 70
     0
  9
$UCSORGTOP
 10
0.0
 20
0.0
 30
0.0
  9
$UCSORGBOTTOM
 10
0.0
 20
0.0
 30
0.0
  9
$UCSORGLEFT
 10
0.0
 20
0.0
 30
0.0
  9
$UCSORGRIGHT
 10
0.0
 20
0.0
 30
0.0
  9
$UCSORGFRONT
 10
0.0
 20
0.0
 30
0.0
  9
$UCSORGBACK
 10
0.0
 20
0.0
 30
0.0
  9
$PUCSBASE
  2

  9
$PUCSNAME
  2

  9
$PUCSORG
 10
0.0
 20
0.0
 30
0.0
  9
$PUCSXDIR
 10
1.0
 20
0.0
 30
0.0
  9
$PUCSYDIR
 10
0.0
 20
1.0
 30
0.0
  9
$PUCSORTHOREF
  2

  9
$PUCSORTHOVIEW
 70
     0
  9
$PUCSORGTOP
 10
0.0
 20
0.0
 30
0.0
  9
$PUCSORGBOTTOM
 10
0.0
 20
0.0
 30
0.0
  9
$PUCSORGLEFT
 10
0.0
 20
0.0
 30
0.0
  9
$PUCSORGRIGHT
 10
0.0
 20
0.0
 30
0.0
  9
$PUCSORGFRONT
 10
0.0
 20
0.0
 30
0.0
  9
$PUCSORGBACK
 10
0.0
 20
0.0
 30
0.0
  9
$USERI1
 70
     0
  9
$USERI2
 70
     0
  9
$USERI3
 70
     0
  9
$USERI4
 70
     0
  9
$USERI5
 70
     0
  9
$USERR1
 40
0.0
  9
$USERR2
 40
0.0
  9
$USERR3
 40
0.0
  9
$USERR4
 40
0.0
  9
$USERR5
 40
0.0
  9
$WORLDVIEW
 70
     1
  9
$SHADEDGE
 70
     3
  9
$SHADEDIF
 70
    70
  9
$TILEMODE
 70
     1
  9
$MAXACTVP
 70
    64
  9
$PINSBASE
 10
0.0
 20
0.0
 30
0.0
  9
$PLIMCHECK
 70
     0
  9
$PEXTMIN
 10
0.0
 20
0.0
 30
0.0
  9
$PEXTMAX
 10
0.0
 20
0.0
 30
0.0
  9
$PLIMMIN
 10
0.0
 20
0.0
  9
$PLIMMAX
 10
12.0
 20
9.0
  9
$UNITMODE
 70
     0
  9
$VISRETAIN
 70
     1
  9
$PLINEGEN
 70
     0
  9
$PSLTSCALE
 70
     1
  9
$TREEDEPTH
 70
  3020
  9
$CMLSTYLE
  2
Standard
  9
$CMLJUST
 70
     0
  9
$CMLSCALE
 40
1.0
  9
$PROXYGRAPHICS
 70
     1
  9
$MEASUREMENT
 70
     0
  9
$CELWEIGHT
370
    -1
  9
$ENDCAPS
280
     0
  9
$JOINSTYLE
280
     0
  9
$LWDISPLAY
290
     0
  9
$INSUNITS
 70
     4
  9
$HYPERLINKBASE
  1

  9
$STYLESHEET
  1

  9
$XEDIT
290
     1
  9
$CEPSNTYPE
380
     0
  9
$PSTYLEMODE
290
     1
  9
$FINGERPRINTGUID
  2
{71489A48-394D-BB4E-B399-A9230DAFC144}
  9
$VERSIONGUID
  2
{EFA766F8-58FB-0D42-88C6-189DA3D5839B}
  9
$EXTNAMES
290
     1
  9
$PSVPSCALE
 40
0.0
  9
$OLESTARTUP
290
     0
  9
$SORTENTS
280
   127
  9
$INDEXCTL
280
     0
  9
$HIDETEXT
280
     1
  9
$XCLIPFRAME
290
     0
  9
$HALOGAP
280
     0
  9
$OBSCOLOR
 70
   257
  9
$OBSLTYPE
280
     0
  9
$INTERSECTIONDISPLAY
280
     0
  9
$INTERSECTIONCOLOR
 70
   257
  9
$DIMASSOC
280
     2
  9
$PROJECTNAME
  1

  9
$CAMERADISPLAY
290
     0
  9
$LENSLENGTH
 40
50.0
  9
$CAMERAHEIGHT
 40
0.0
  9
$STEPSPERSEC
 40
2.0
  9
$STEPSIZE
 40
6.0
  9
$3DDWFPREC
 40
2.0
  9
$PSOLWIDTH
 40
0.25
  9
$PSOLHEIGHT
 40
4.0
  9
$LOFTANG1
 40
1.570796326794896
  9
$LOFTANG2
 40
1.570796326794896
  9
$LOFTMAG1
 40
0.0
  9
$LOFTMAG2
 40
0.0
  9
$LOFTPARAM
 70
     7
  9
$LOFTNORMALS
280
     1
  9
$LATITUDE
 40
37.795
  9
$LONGITUDE
 40
-122.394
  9
$NORTHDIRECTION
 40
0.0
  9
$TIMEZONE
 70
 -8000
  9
$LIGHTGLYPHDISPLAY
280
     1
  9
$TILEMODELIGHTSYNCH
280
     1
  9
$CMATERIAL
347
42
  9
$SOLIDHIST
280
     0
  9
$SHOWHIST
280
     1
  9
$DWFFRAME
280
     2
  9
$DGNFRAME
280
     2
  9
$REALWORLDSCALE
290
     1
  9
$INTERFERECOLOR
 62
   256
  9
$INTERFEREOBJVS
345
5F
  9
$INTERFEREVPVS
346
60
  9
$CSHADOW
280
     0
  9
$SHADOWPLANELOCATION
 40
0.0
  0
ENDSEC
  0
SECTION
  2
CLASSES
  0
CLASS
  1
ACDBDICTIONARYWDFLT
  2
AcDbDictionaryWithDefault
  3
ObjectDBX Classes
 90
        0
 91
        1
280
     0
281
     0
  0
CLASS
  1
DICTIONARYVAR
  2
AcDbDictionaryVar
  3
ObjectDBX Classes
 90
        0
 91
       16
280
     0
281
     0
  0
CLASS
  1
TABLESTYLE
  2
AcDbTableStyle
  3
ObjectDBX Classes
 90
     4095
 91
        1
280
     0
281
     0
  0
CLASS
  1
MATERIAL
  2
AcDbMaterial
  3
ObjectDBX Classes
 90
     1153
 91
        3
280
     0
281
     0
  0
CLASS
  1
VISUALSTYLE
  2
AcDbVisualStyle
  3
ObjectDBX Classes
 90
     4095
 91
        3
280
     0
281
     0
  0
CLASS
  1
SCALE
  2
AcDbScale
  3
ObjectDBX Classes
 90
     1153
 91
       33
280
     0
281
     0
  0
CLASS
  1
MLEADERSTYLE
  2
AcDbMLeaderStyle
  3
ACDB_MLEADERSTYLE_CLASS
 90
     4095
 91
        0
280
     0
281
     0
  0
CLASS
  1
CELLSTYLEMAP
  2
AcDbCellStyleMap
  3
ObjectDBX Classes
 90
     1152
 91
        1
280
     0
281
     0
  0
CLASS
  1
EXACXREFPANELOBJECT
  2
ExAcXREFPanelObject
  3
EXAC_ESW
 90
     1025
 91
        0
280
     1
281
     0
  0
CLASS
  1
NPOCOLLECTION
  2
AcDbImpNonPersistentObjectsCollection
  3
ObjectDBX Classes
 90
     1153
 91
        0
280
     0
281
     0
  0
CLASS
  1
LAYER_INDEX
  2
AcDbLayerIndex
  3
ObjectDBX Classes
 90
        0
 91
        0
280
     0
281
     0
  0
CLASS
  1
SPATIAL_INDEX
  2
AcDbSpatialIndex
  3
ObjectDBX Classes
 90
        0
 91
        0
280
     0
281
     0
  0
CLASS
  1
IDBUFFER
  2
AcDbIdBuffer
  3
ObjectDBX Classes
 90
        0
 91
        0
280
     0
281
     0
  0
CLASS
  1
ACDBSECTIONVIEWSTYLE
  2
AcDbSectionViewStyle
  3
ObjectDBX Classes
 90
     1025
 91
        0
280
     0
281
     0
  0
CLASS
  1
ACDBDETAILVIEWSTYLE
  2
AcDbDetailViewStyle
  3
ObjectDBX Classes
 90
     1025
 91
        0
280
     0
281
     0
  0
CLASS
  1
SORTENTSTABLE
  2
AcDbSortentsTable
  3
ObjectDBX Classes
 90
        0
 91
        8
280
     0
281
     0
  0
CLASS
  1
FIELD
  2
AcDbField
  3
ObjectDBX Classes
 90
     1152
 91
        0
280
     0
281
     0
  0
CLASS
  1
DIMASSOC
  2
AcDbDimAssoc
  3
"AcDbDimAssoc|Product Desc:     AcDim ARX App For Dimension|Company:          Autodesk, Inc.|WEB Address:      www.autodesk.com"
 90
        0
 91
        0
280
     0
281
     0
  0
CLASS
  1
FIELDLIST
  2
AcDbFieldList
  3
ObjectDBX Classes
 90
     1152
 91
        1
280
     0
281
     0
  0
CLASS
  1
ACDB_HATCHVIEWCONTEXTDATA_CLASS
  2
AcDbHatchViewContextData
  3
ObjectDBX Classes
 90
     1153
 91
        0
280
     0
281
     0
  0
CLASS
  1
ACDB_HATCHSCALECONTEXTDATA_CLASS
  2
AcDbHatchScaleContextData
  3
ObjectDBX Classes
 90
     1153
 91
        0
280
     0
281
     0
  0
CLASS
  1
ACAD_EVALUATION_GRAPH
  2
AcDbEvalGraph
  3
ObjectDBX Classes
 90
     1153
 91
        0
280
     0
281
     0
  0
CLASS
  1
ACAECUSTOBJ
  2
AcAeEditorObj
  3
AcAeEditorObj
 90
     1024
 91
        0
280
     0
281
     0
  0
CLASS
  1
ACDB_DYNAMICBLOCKPURGEPREVENTER_VERSION
  2
AcDbDynamicBlockPurgePreventer
  3
ObjectDBX Classes
 90
     1153
 91
        0
280
     0
281
     0
  0
CLASS
  1
IMAGEDEF
  2
AcDbRasterImageDef
  3
ISM
 90
        0
 91
        0
280
     0
281
     0
  0
CLASS
  1
RASTERVARIABLES
  2
AcDbRasterVariables
  3
ISM
 90
        0
 91
        0
280
     0
281
     0
  0
CLASS
  1
IMAGEDEF_REACTOR
  2
AcDbRasterImageDefReactor
  3
ISM
 90
        1
 91
        0
280
     0
281
     0
  0
CLASS
  1
IMAGE
  2
AcDbRasterImage
  3
ISM
 90
     2175
 91
        0
280
     0
281
     1
  0
CLASS
  1
SOLID_BACKGROUND
  2
AcDbSolidBackground
  3
SCENEOE
 90
     4095
 91
        0
280
     0
281
     0
  0
CLASS
  1
GROUND_PLANE_BACKGROUND
  2
AcDbGroundPlaneBackground
  3
SCENEOE
 90
     4095
 91
        0
280
     0
281
     0
  0
CLASS
  1
ACARRAYJIGENTITY
  2
AcArrayJigEntity
  3
ACAD_ARRAY
 90
      129
 91
        0
280
     1
281
     1
  0
CLASS
  1
ACDBASSOCNETWORK
  2
AcDbAssocNetwork
  3
ObjectDBX Classes
 90
     1025
 91
        0
280
     0
281
     0
  0
CLASS
  1
ACDBASSOCACTION
  2
AcDbAssocAction
  3
ObjectDBX Classes
 90
     1025
 91
        0
280
     0
281
     0
  0
CLASS
  1
ACDBASSOCARRAYACTIONBODY
  2
AcDbAssocArrayActionBody
  3
ObjectDBX Classes
 90
     1025
 91
        0
280
     0
281
     0
  0
CLASS
  1
ACDBASSOCVERTEXACTIONPARAM
  2
AcDbAssocVertexActionParam
  3
ObjectDBX Classes
 90
     1025
 91
        0
280
     0
281
     0
  0
CLASS
  1
ACDBASSOCDEPENDENCY
  2
AcDbAssocDependency
  3
ObjectDBX Classes
 90
     1025
 91
        0
280
     0
281
     0
  0
CLASS
  1
ACDBASSOCARRAYRECTANGULARPARAMETERS
  2
AcDbAssocArrayRectangularParameters
  3
ObjectDBX Classes
 90
     1025
 91
        0
280
     0
281
     0
  0
CLASS
  1
WIPEOUT
  2
AcDbWipeout
  3
WipeOut|Product Desc: Object Enabler for WipeOut entity | Company: Autodesk, Inc. | WEB Address: www.autodesk.com
 90
     2175
 91
        0
280
     0
281
     1
  0
CLASS
  1
WIPEOUTVARIABLES
  2
AcDbWipeoutVariables
  3
"WipeOut|Product Desc:     WipeOut Dbx Application|Company:          Autodesk, Inc.|WEB Address:      www.autodesk.com"
 90
        0
 91
        0
280
     0
281
     0
  0
CLASS
  1
SUN
  2
AcDbSun
  3
SCENEOE
 90
     1153
 91
        1
280
     0
281
     0
  0
ENDSEC
  0
SECTION
  2
TABLES
  0
TABLE
  2
VPORT
  5
25
330
0
100
AcDbSymbolTable
 70
     1
  0
VPORT
  5
26
330
25
100
AcDbSymbolTableRecord
100
AcDbViewportTableRecord
  2
*Active
 70
     0
 10
0.0
 20
0.0
 11
1.0
 21
1.0
 12
-340190.5622217452
 22
286287.2880187016
 13
0.0
 23
0.0
 14
0.5
 24
0.5
 15
0.5
 25
0.5
 16
0.0
 26
-58.09883581683971
 36
3328.480074737596
 17
342020.0057619313
 27
-285751.5503017905
 37
-5.644764616879001
 40
1193.878330271633
 41
2.845007451564828
 42
50.0
 43
0.0
 44
0.0
 50
0.0
 51
0.0
 71
     0
 72
  1000
 73
     1
 74
     3
 75
     0
 76
     0
 77
     0
 78
     2
281
     0
 65
     1
110
0.0
120
0.0
130
0.0
111
1.0
121
0.0
131
0.0
112
0.0
122
1.0
132
0.0
 79
     0
146
0.0
348
27
 60
     3
 61
     5
292
     1
282
     1
141
0.0
142
0.0
361
29
1001
ACAD_NAV_VCDISPLAY
1070
     3
  0
ENDTAB
  0
TABLE
  2
LTYPE
  5
20
330
0
100
AcDbSymbolTable
 70
     1
  0
LTYPE
  5
21
330
20
100
AcDbSymbolTableRecord
100
AcDbLinetypeTableRecord
  2
ByBlock
 70
     0
  3

 72
    65
 73
     0
 40
0.0
  0
LTYPE
  5
22
330
20
100
AcDbSymbolTableRecord
100
AcDbLinetypeTableRecord
  2
ByLayer
 70
     0
  3

 72
    65
 73
     0
 40
0.0
  0
LTYPE
  5
F
330
20
100
AcDbSymbolTableRecord
100
AcDbLinetypeTableRecord
  2
Continuous
 70
     0
  3
Solid line
 72
    65
 73
     0
 40
0.0
  0
ENDTAB
  0
TABLE
  2
LAYER
  5
1A
102
{ACAD_XDICTIONARY
360
1B
102
}
330
0
100
AcDbSymbolTable
 70
     2
  0
LAYER
  5
6
330
1A
100
AcDbSymbolTableRecord
100
AcDbLayerTableRecord
  2
0
 70
     0
 62
     7
  6
Continuous
370
    -3
390
7
347
A
  0
LAYER
  5
88
330
1A
100
AcDbSymbolTableRecord
100
AcDbLayerTableRecord
  2
Edges
 70
     0
 62
     7
  6
Continuous
370
    -3
390
89
347
A
  0
ENDTAB
  0
TABLE
  2
STYLE
  5
1D
330
0
100
AcDbSymbolTable
 70
     2
  0
STYLE
  5
1E
330
1D
100
AcDbSymbolTableRecord
100
AcDbTextStyleTableRecord
  2
Standard
 70
     0
 40
0.0
 41
1.0
 50
0.0
 71
     0
 42
0.2
  3
arial.ttf
  4

1001
ACAD
1000
Arial
1071
       34
  0
STYLE
  5
2E
330
1D
100
AcDbSymbolTableRecord
100
AcDbTextStyleTableRecord
  2
ZB_宋体
 70
     0
 40
0.0
 41
1.0
 50
0.0
 71
     0
 42
100.0
  3
SimSun.ttf
  4

1001
ACAD
1000
SimSun
1071
    34306
  0
ENDTAB
  0
TABLE
  2
VIEW
  5
23
330
0
100
AcDbSymbolTable
 70
     0
  0
ENDTAB
  0
TABLE
  2
UCS
  5
24
330
0
100
AcDbSymbolTable
 70
     0
  0
ENDTAB
  0
TABLE
  2
APPID
  5
2B
330
0
100
AcDbSymbolTable
 70
     5
  0
APPID
  5
E
330
2B
100
AcDbSymbolTableRecord
100
AcDbRegAppTableRecord
  2
ACAD
 70
     0
  0
APPID
  5
3C
330
2B
100
AcDbSymbolTableRecord
100
AcDbRegAppTableRecord
  2
ACAD_DSTYLE_DIMJAG
 70
     0
  0
APPID
  5
3D
330
2B
100
AcDbSymbolTableRecord
100
AcDbRegAppTableRecord
  2
ACAD_DSTYLE_DIMTALN
 70
     0
  0
APPID
  5
2A
330
2B
100
AcDbSymbolTableRecord
100
AcDbRegAppTableRecord
  2
ACAD_NAV_VCDISPLAY
 70
     0
  0
APPID
  5
15
330
2B
100
AcDbSymbolTableRecord
100
AcDbRegAppTableRecord
  2
ACAD_PSEXT
 70
     0
  0
ENDTAB
  0
TABLE
  2
DIMSTYLE
  5
2C
330
0
100
AcDbSymbolTable
 70
     1
100
AcDbDimStyleTable
 71
     1
340
2D
  0
DIMSTYLE
105
2D
330
2C
100
AcDbSymbolTableRecord
100
AcDbDimStyleTableRecord
  2
zbom_厨柜
 70
     0
  3
\X
 41
30.0
 42
20.0
 43
3.75
 44
40.0
 46
40.0
 49
200.0
 73
     0
 74
     0
 77
     1
 78
     8
140
100.0
141
2.5
143
0.03937007874016
147
30.0
171
     0
172
     1
174
     1
176
     1
177
     1
178
     2
271
     0
272
     0
274
     0
279
     2
283
     0
284
     8
290
     1
340
2E
341
2F
342
36
1001
ACAD_DSTYLE_DIMJAG
1070
   388
1040
1.5
1001
ACAD_DSTYLE_DIMTALN
1070
   392
1070
     0
  0
ENDTAB
  0
TABLE
  2
BLOCK_RECORD
  5
1
330
0
100
AcDbSymbolTable
 70
     3
  0
BLOCK_RECORD
  5
2
102
{ACAD_XDICTIONARY
360
3
102
}
330
1
100
AcDbSymbolTableRecord
100
AcDbBlockTableRecord
  2
*Model_Space
340
11
 70
     0
280
     1
281
     0
  0
BLOCK_RECORD
  5
16
330
1
100
AcDbSymbolTableRecord
100
AcDbBlockTableRecord
  2
*Paper_Space
340
19
 70
     0
280
     1
281
     0
  0
BLOCK_RECORD
  5
36
102
{ACAD_XDICTIONARY
360
37
102
}
330
1
100
AcDbSymbolTableRecord
100
AcDbBlockTableRecord
  2
_ArchTick
340
0
 70
     0
280
     1
281
     0
  0
BLOCK_RECORD
  5
2F
102
{ACAD_XDICTIONARY
360
30
102
}
330
1
100
AcDbSymbolTableRecord
100
AcDbBlockTableRecord
  2
_Dot
340
0
 70
     0
280
     1
281
     0
  0
BLOCK_RECORD
  5
83
102
{ACAD_XDICTIONARY
360
84
102
}
330
1
100
AcDbSymbolTableRecord
100
AcDbBlockTableRecord
  2
Ruby5B-IR rs
340
0
102
{BLKREFS
331
82
102
}
 70
     1
280
     1
281
     0
1001
ACAD
1000
DesignCenter Data
1002
{
1070
     1
1070
     1
1002
}
  0
ENDTAB
  0
ENDSEC
  0
SECTION
  2
BLOCKS
  0
BLOCK
  5
5
330
2
100
AcDbEntity
  8
0
100
AcDbBlockBegin
  2
*Model_Space
 70
     0
 10
0.0
 20
0.0
 30
0.0
  3
*Model_Space
  1

  0
ENDBLK
  5
10
330
2
100
AcDbEntity
  8
0
100
AcDbBlockEnd
  0
BLOCK
  5
17
330
16
100
AcDbEntity
 67
     1
  8
0
100
AcDbBlockBegin
  2
*Paper_Space
 70
     0
 10
0.0
 20
0.0
 30
0.0
  3
*Paper_Space
  1

  0
ENDBLK
  5
18
330
16
100
AcDbEntity
 67
     1
  8
0
100
AcDbBlockEnd
  0
BLOCK
  5
39
330
36
100
AcDbEntity
  8
0
 62
   251
100
AcDbBlockBegin
  2
_ArchTick
 70
     0
 10
0.0
 20
0.0
 30
0.0
  3
_ArchTick
  1

  0
LWPOLYLINE
  5
3A
330
36
100
AcDbEntity
  8
0
  6
ByBlock
 62
     0
100
AcDbPolyline
 90
        2
 70
     0
 43
0.15
 10
-0.5
 20
-0.5
 10
0.5
 20
0.5
  0
ENDBLK
  5
3B
330
36
100
AcDbEntity
  8
0
 62
   251
100
AcDbBlockEnd
  0
BLOCK
  5
32
330
2F
100
AcDbEntity
  8
0
100
AcDbBlockBegin
  2
_Dot
 70
     0
 10
0.0
 20
0.0
 30
0.0
  3
_Dot
  1

  0
LWPOLYLINE
  5
33
330
2F
100
AcDbEntity
  8
0
  6
ByBlock
 62
     0
100
AcDbPolyline
 90
        2
 70
     1
 43
0.5
 10
-0.25
 20
0.0
 42
1.0
 10
0.25
 20
0.0
 42
1.0
  0
LINE
  5
34
330
2F
100
AcDbEntity
  8
0
  6
ByBlock
 62
     0
370
    -2
100
AcDbLine
 10
-0.5
 20
0.0
 30
0.0
 11
-1.0
 21
0.0
 31
0.0
  0
ENDBLK
  5
35
330
2F
100
AcDbEntity
  8
0
100
AcDbBlockEnd
  0
BLOCK
  5
86
330
83
100
AcDbEntity
  8
0
100
AcDbBlockBegin
  2
Ruby5B-IR rs
 70
     0
 10
0.0
 20
0.0
 30
0.0
  3
Ruby5B-IR rs
  1

  0
LINE
  5
87
330
83
100
AcDbEntity
  8
Edges
100
AcDbLine
 10
4.6893889083006
 20
10.33107976154853
 30
0.0
 11
4.641555168430585
 21
10.41155923043394
 31
0.0
  0
LINE
  5
8A
330
83
100
AcDbEntity
  8
Edges
100
AcDbLine
 10
4.023553494126389
 20
11.47148540054814
 30
0.0
 11
4.020108286952364
 21
11.47665196183745
 31
0.0
  0
LINE
  5
8B
330
83
100
AcDbEntity
  8
Edges
100
AcDbLine
 10
4.339243594735535
 20
10.93089979793581
 30
0.0
 11
4.292796084224988
 21
11.00908307544798
 31
0.0
  0
LINE
  5
8C
330
83
100
AcDbEntity
  8
Edges
100
AcDbLine
 10
5.004868309032644
 20
9.790661432237705
 30
0.0
 11
4.965074606116161
 21
9.857279396420072
 31
0.0
  0
LINE
  5
8D
330
83
100
AcDbEntity
  8
Edges
100
AcDbLine
 10
4.042339228236954
 20
11.43879464587128
 30
0.0
 11
4.023553494126389
 21
11.47148540054814
 31
0.0
  0
LINE
  5
8E
330
83
100
AcDbEntity
  8
Edges
100
AcDbLine
 10
5.295075378509238
 20
9.2934997248409
 30
0.0
 11
5.290870100825713
 21
9.299063228933951
 31
0.0
  0
LINE
  5
8F
330
83
100
AcDbEntity
  8
Edges
100
AcDbLine
 10
0.4950081125686552
 20
6.755670235696468
 30
0.0
 11
0.5542504033463161
 21
6.714649173166639
 31
0.0
  0
LINE
  5
90
330
83
100
AcDbEntity
  8
Edges
100
AcDbLine
 10
0.4295429836220422
 20
6.785780852989132
 30
0.0
 11
0.4950081125686552
 21
6.755670235696468
 31
0.0
  0
LINE
  5
91
330
83
100
AcDbEntity
  8
Edges
100
AcDbLine
 10
0.5542504033463161
 20
6.714649173166639
 30
0.0
 11
0.6054689361948818
 21
6.663963912599689
 31
0.0
  0
LINE
  5
92
330
83
100
AcDbEntity
  8
Edges
100
AcDbLine
 10
0.359843712149484
 20
6.804065925624461
 30
0.0
 11
0.4295429836220422
 21
6.785780852989132
 31
0.0
  0
LINE
  5
93
330
83
100
AcDbEntity
  8
Edges
100
AcDbLine
 10
0.2880284320479518
 20
6.809970222815733
 30
0.0
 11
0.359843712149484
 21
6.804065925624461
 31
0.0
  0
LINE
  5
94
330
83
100
AcDbEntity
  8
Edges
100
AcDbLine
 10
0.6054689361948818
 20
6.663963912599689
 30
0.0
 11
0.647108495089384
 21
6.605154706301311
 31
0.0
  0
LINE
  5
95
330
83
100
AcDbEntity
  8
Edges
100
AcDbLine
 10
-2.794298188944623
 20
16.3540044027753
 30
0.0
 11
-2.747231083343677
 21
7.364951123851133
 31
0.0
  0
LINE
  5
96
330
83
100
AcDbEntity
  8
Edges
100
AcDbLine
 10
2.682932519884246
 20
2.88127650576226
 30
0.0
 11
2.654784759458436
 21
2.805284385239824
 31
0.0
  0
LINE
  5
97
330
83
100
AcDbEntity
  8
Edges
100
AcDbLine
 10
2.673824664749048
 20
3.121101891449216
 30
0.0
 11
2.692639141403901
 21
3.042279293937328
 31
0.0
  0
LINE
  5
98
330
83
100
AcDbEntity
  8
Edges
100
AcDbLine
 10
2.612352221140469
 20
2.736243727050878
 30
0.0
 11
2.557265609946625
 21
2.676807831249563
 31
0.0
  0
LINE
  5
99
330
83
100
AcDbEntity
  8
Edges
100
AcDbLine
 10
2.639993702925124
 20
3.194740508446139
 30
0.0
 11
2.673824664749048
 21
3.121101891449216
 31
0.0
  0
LINE
  5
9A
330
83
100
AcDbEntity
  8
Edges
100
AcDbLine
 10
2.654784759458436
 20
2.805284385239824
 30
0.0
 11
2.612352221140469
 21
2.736243727050878
 31
0.0
  0
LINE
  5
9B
330
83
100
AcDbEntity
  8
Edges
100
AcDbLine
 10
2.695714678118093
 20
2.961299250316701
 30
0.0
 11
2.682932519884246
 21
2.88127650576226
 31
0.0
  0
LINE
  5
9C
330
83
100
AcDbEntity
  8
Edges
100
AcDbLine
 10
2.692639141403901
 20
3.042279293937328
 30
0.0
 11
2.695714678118093
 21
2.961299250316701
 31
0.0
  0
LINE
  5
9D
330
83
100
AcDbEntity
  8
Edges
100
AcDbLine
 10
2.557265609946625
 20
2.676807831249563
 30
0.0
 11
2.491642337536205
 21
2.629260075764671
 31
0.0
  0
LINE
  5
9E
330
83
100
AcDbEntity
  8
Edges
100
AcDbLine
 10
2.894605526818224
 20
13.40626386446201
 30
0.0
 11
2.948583952447819
 21
13.4377690952428
 31
0.0
  0
LINE
  5
9F
330
83
100
AcDbEntity
  8
Edges
100
AcDbLine
 10
2.444128887483486
 20
13.43414875063587
 30
0.0
 11
2.714021015631487
 21
13.59167490453971
 31
0.0
  0
LINE
  5
A0
330
83
100
AcDbEntity
  8
Edges
100
AcDbLine
 10
5.296099264025883
 20
9.29214514336226
 30
0.0
 11
5.298252469101896
 21
9.288056363721997
 31
0.0
  0
LINE
  5
A1
330
83
100
AcDbEntity
  8
Edges
100
AcDbLine
 10
5.298252469101896
 20
9.288056363721997
 30
0.0
 11
5.301410823039987
 21
9.282645104418911
 31
0.0
  0
LINE
  5
A2
330
83
100
AcDbEntity
  8
Edges
100
AcDbLine
 10
5.289325363009766
 20
9.427338667756409
 30
0.0
 11
5.301410823039987
 21
9.282645104418911
 31
0.0
  0
LINE
  5
A3
330
83
100
AcDbEntity
  8
Edges
100
AcDbLine
 10
5.134306576324433
 20
9.568947535164262
 30
0.0
 11
5.151574198909486
 21
9.539362635818768
 31
0.0
  0
LINE
  5
A4
330
83
100
AcDbEntity
  8
Edges
100
AcDbLine
 10
5.151574198909486
 20
9.539362635818768
 30
0.0
 11
5.162286098318247
 21
9.519394489593643
 31
0.0
  0
LINE
  5
A5
330
83
100
AcDbEntity
  8
Edges
100
AcDbLine
 10
5.162286098318247
 20
9.519394489593643
 30
0.0
 11
5.175833262699683
 21
9.497799186252009
 31
0.0
  0
LINE
  5
A6
330
83
100
AcDbEntity
  8
Edges
100
AcDbLine
 10
4.181106736280185
 20
11.20208036424967
 30
0.0
 11
4.20740785837853
 21
11.1570182228853
 31
0.0
  0
LINE
  5
A7
330
83
100
AcDbEntity
  8
Edges
100
AcDbLine
 10
4.20740785837853
 20
11.1570182228853
 30
0.0
 11
4.226173545310672
 21
11.12329709241285
 31
0.0
  0
LINE
  5
A8
330
83
100
AcDbEntity
  8
Edges
100
AcDbLine
 10
4.226173545310672
 20
11.12329709241285
 30
0.0
 11
4.246726917901753
 21
11.08965223705676
 31
0.0
  0
LINE
  5
A9
330
83
100
AcDbEntity
  8
Edges
100
AcDbLine
 10
5.282471530489402
 20
9.315094103175059
 30
0.0
 11
5.288803831141308
 21
9.304244869211967
 31
0.0
  0
LINE
  5
AA
330
83
100
AcDbEntity
  8
Edges
100
AcDbLine
 10
5.288803831141308
 20
9.304244869211967
 30
0.0
 11
5.290870100825713
 21
9.299063228933951
 31
0.0
  0
LINE
  5
AB
330
83
100
AcDbEntity
  8
Edges
100
AcDbLine
 10
5.273140085413842
 20
9.331081820184188
 30
0.0
 11
5.277419056333854
 21
9.322989967183906
 31
0.0
  0
LINE
  5
AC
330
83
100
AcDbEntity
  8
Edges
100
AcDbLine
 10
4.522981876724742
 20
10.61634011141641
 30
0.0
 11
4.551651542868967
 21
10.5672199049161
 31
0.0
  0
LINE
  5
AD
330
83
100
AcDbEntity
  8
Edges
100
AcDbLine
 10
3.848359435851108
 20
11.64819439234447
 30
0.0
 11
3.902337861480731
 21
11.67969962312521
 31
0.0
  0
LINE
  5
AE
330
83
100
AcDbEntity
  8
Edges
100
AcDbLine
 10
4.083143828610104
 20
11.36992181137081
 30
0.0
 11
4.093921665708791
 21
11.35145596732333
 31
0.0
  0
LINE
  5
AF
330
83
100
AcDbEntity
  8
Edges
100
AcDbLine
 10
4.863163489011157
 20
10.03350140799159
 30
0.0
 11
4.888545567045099
 21
9.990013879808806
 31
0.0
  0
LINE
  5
B0
330
83
100
AcDbEntity
  8
Edges
100
AcDbLine
 10
4.888545567045099
 20
9.990013879808806
 30
0.0
 11
4.905645121268094
 21
9.959118493495978
 31
0.0
  0
LINE
  5
B1
330
83
100
AcDbEntity
  8
Edges
100
AcDbLine
 10
4.905645121268094
 20
9.959118493495978
 30
0.0
 11
4.925741496118007
 21
9.926285488001273
 31
0.0
  0
LINE
  5
B2
330
83
100
AcDbEntity
  8
Edges
100
AcDbLine
 10
4.258614895562061
 20
11.06928437108276
 30
0.0
 11
4.273490872178172
 21
11.04379711777472
 31
0.0
  0
LINE
  5
B3
330
83
100
AcDbEntity
  8
Edges
100
AcDbLine
 10
4.949009538952708
 20
9.886419970797465
 30
0.0
 11
4.965074606116161
 21
9.857279396420072
 31
0.0
  0
LINE
  5
B4
330
83
100
AcDbEntity
  8
Edges
100
AcDbLine
 10
4.606429356313412
 20
10.47336818391962
 30
0.0
 11
4.621855360807728
 21
10.4469385588789
 31
0.0
  0
LINE
  5
B5
330
83
100
AcDbEntity
  8
Edges
100
AcDbLine
 10
4.621855360807728
 20
10.4469385588789
 30
0.0
 11
4.641555168430585
 21
10.41155923043394
 31
0.0
  0
LINE
  5
B6
330
83
100
AcDbEntity
  8
Edges
100
AcDbLine
 10
4.936042967156026
 20
9.90863580969324
 30
0.0
 11
4.949009538952708
 21
9.886419970797465
 31
0.0
  0
LINE
  5
B7
330
83
100
AcDbEntity
  8
Edges
100
AcDbLine
 10
4.551651542868967
 20
10.5672199049161
 30
0.0
 11
4.571623541674455
 21
10.53141724416857
 31
0.0
  0
LINE
  5
B8
330
83
100
AcDbEntity
  8
Edges
100
AcDbLine
 10
4.571623541674455
 20
10.53141724416857
 30
0.0
 11
4.594118042186977
 21
10.49446135916416
 31
0.0
  0
LINE
  5
B9
330
83
100
AcDbEntity
  8
Edges
100
AcDbLine
 10
5.247432397410392
 20
9.251139873638125
 30
0.0
 11
5.301410823039987
 21
9.282645104418911
 31
0.0
  0
LINE
  5
BA
330
83
100
AcDbEntity
  8
Edges
100
AcDbLine
 10
3.634876188466449
 20
11.39402198321008
 30
0.0
 11
3.904770144527191
 21
11.55154500532129
 31
0.0
  0
LINE
  5
BB
330
83
100
AcDbEntity
  8
Edges
100
AcDbLine
 10
5.034007663814264
 20
8.996867211875708
 30
0.0
 11
5.303899791962294
 21
9.154393365779519
 31
0.0
  0
LINE
  5
BC
330
83
100
AcDbEntity
  8
Edges
100
AcDbLine
 10
2.770447750764247
 20
13.49499805912697
 30
0.0
 11
2.824426176393814
 21
13.52650328990776
 31
0.0
  0
LINE
  5
BD
330
83
100
AcDbEntity
  8
Edges
100
AcDbLine
 10
-4.475746083976389
 20
-3.093444850800463
 30
0.0
 11
-4.579439556843908
 21
-2.913842487380626
 31
0.0
  0
LINE
  5
BE
330
83
100
AcDbEntity
  8
Edges
100
AcDbLine
 10
-6.446742190821197
 20
-4.256966495429873
 30
0.0
 11
-6.462787912728515
 21
-4.232454446637224
 31
0.0
  0
LINE
  5
BF
330
83
100
AcDbEntity
  8
Edges
100
AcDbLine
 10
-6.334932564402379
 20
-4.341613999579958
 30
0.0
 11
-6.360270197611299
 21
-4.330794021962291
 31
0.0
  0
LINE
  5
C0
330
83
100
AcDbEntity
  8
Edges
100
AcDbLine
 10
-6.256784734024023
 20
-4.352589261278123
 30
0.0
 11
-6.282743346615774
 21
-4.352605654368307
 31
0.0
  0
LINE
  5
C1
330
83
100
AcDbEntity
  8
Edges
100
AcDbLine
 10
-4.49008969781849
 20
-3.343747390918387
 30
0.0
 11
-4.474740809696641
 21
-3.32435063579775
 31
0.0
  0
LINE
  5
C2
330
83
100
AcDbEntity
  8
Edges
100
AcDbLine
 10
-6.308942045743805
 20
-4.348926248584583
 30
0.0
 11
-6.334932564402379
 21
-4.341613999579958
 31
0.0
  0
LINE
  5
C3
330
83
100
AcDbEntity
  8
Edges
100
AcDbLine
 10
-6.231510367027055
 20
-4.348877349804311
 30
0.0
 11
-6.256784734024023
 21
-4.352589261278123
 31
0.0
  0
LINE
  5
C4
330
83
100
AcDbEntity
  8
Edges
100
AcDbLine
 10
-6.562926550982467
 20
-4.059009237380631
 30
0.0
 11
-6.462787912728515
 21
-4.232454446637224
 31
0.0
  0
LINE
  5
C5
330
83
100
AcDbEntity
  8
Edges
100
AcDbLine
 10
-6.384521411441454
 20
-4.316651448548543
 30
0.0
 11
-6.4072712609005
 21
-4.299428262690746
 31
0.0
  0
LINE
  5
C6
330
83
100
AcDbEntity
  8
Edges
100
AcDbLine
 10
-4.527996946676097
 20
-3.374170736557048
 30
0.0
 11
-4.507943571722478
 21
-3.360449349552476
 31
0.0
  0
LINE
  5
C7
330
83
100
AcDbEntity
  8
Edges
100
AcDbLine
 10
-6.4072712609005
 20
-4.299428262690746
 30
0.0
 11
-6.428130489756739
 21
-4.279419157874229
 31
0.0
  0
LINE
  5
C8
330
83
100
AcDbEntity
  8
Edges
100
AcDbLine
 10
-6.282743346615774
 20
-4.352605654368307
 30
0.0
 11
-6.308942045743805
 21
-4.348926248584583
 31
0.0
  0
LINE
  5
C9
330
83
100
AcDbEntity
  8
Edges
100
AcDbLine
 10
-6.207352697051589
 20
-4.341533431781305
 30
0.0
 11
-6.231510367027055
 21
-4.348877349804311
 31
0.0
  0
LINE
  5
CA
330
83
100
AcDbEntity
  8
Edges
100
AcDbLine
 10
-6.428130489756739
 20
-4.279419157874229
 30
0.0
 11
-6.446742190821197
 21
-4.256966495429873
 31
0.0
  0
LINE
  5
CB
330
83
100
AcDbEntity
  8
Edges
100
AcDbLine
 10
-6.360270197611299
 20
-4.330794021962291
 30
0.0
 11
-6.384521411441454
 21
-4.316651448548543
 31
0.0
  0
LINE
  5
CC
330
83
100
AcDbEntity
  8
Edges
100
AcDbLine
 10
-6.184725068528706
 20
-4.330683163682647
 30
0.0
 11
-6.207352697051589
 21
-4.341533431781305
 31
0.0
  0
LINE
  5
CD
330
83
100
AcDbEntity
  8
Edges
100
AcDbLine
 10
-4.507943571722478
 20
-3.360449349552476
 30
0.0
 11
-4.49008969781849
 21
-3.343747390918387
 31
0.0
  0
LINE
  5
CE
330
83
100
AcDbEntity
  8
Edges
100
AcDbLine
 10
-4.442916044546507
 20
-3.227020973820144
 30
0.0
 11
-4.44303438797047
 21
-3.19983816236155
 31
0.0
  0
LINE
  5
CF
330
83
100
AcDbEntity
  8
Edges
100
AcDbLine
 10
-4.474740809696641
 20
-3.32435063579775
 30
0.0
 11
-4.462159531088218
 21
-3.302590968048365
 31
0.0
  0
LINE
  5
D0
330
83
100
AcDbEntity
  8
Edges
100
AcDbLine
 10
-4.446462846574291
 20
-3.172422881216199
 30
0.0
 11
-4.45314275848068
 21
-3.145244213445338
 31
0.0
  0
LINE
  5
D1
330
83
100
AcDbEntity
  8
Edges
100
AcDbLine
 10
-4.452561131158404
 20
-3.278840701618451
 30
0.0
 11
-4.446109841191201
 21
-3.253506210151315
 31
0.0
  0
LINE
  5
D2
330
83
100
AcDbEntity
  8
Edges
100
AcDbLine
 10
-4.44303438797047
 20
-3.19983816236155
 30
0.0
 11
-4.446462846574291
 21
-3.172422881216199
 31
0.0
  0
LINE
  5
D3
330
83
100
AcDbEntity
  8
Edges
100
AcDbLine
 10
-4.46295982854491
 20
-3.118767193589935
 30
0.0
 11
-4.475746083976389
 21
-3.093444850800463
 31
0.0
  0
LINE
  5
D4
330
83
100
AcDbEntity
  8
Edges
100
AcDbLine
 10
-4.462159531088218
 20
-3.302590968048365
 30
0.0
 11
-4.452561131158404
 21
-3.278840701618451
 31
0.0
  0
LINE
  5
D5
330
83
100
AcDbEntity
  8
Edges
100
AcDbLine
 10
-4.45314275848068
 20
-3.145244213445338
 30
0.0
 11
-4.46295982854491
 21
-3.118767193589935
 31
0.0
  0
LINE
  5
D6
330
83
100
AcDbEntity
  8
Edges
100
AcDbLine
 10
-4.446109841191201
 20
-3.253506210151315
 30
0.0
 11
-4.442916044546507
 21
-3.227020973820144
 31
0.0
  0
LINE
  5
D7
330
83
100
AcDbEntity
  8
Edges
100
AcDbLine
 10
-7.342279493313128
 20
-3.923965233482537
 30
0.0
 11
-7.380554438174215
 21
-3.866682730437705
 31
0.0
  0
LINE
  5
D8
330
83
100
AcDbEntity
  8
Edges
100
AcDbLine
 10
-7.24505856842768
 20
-4.021186158367985
 30
0.0
 11
-7.296855128907935
 21
-3.975761793962806
 31
0.0
  0
LINE
  5
D9
330
83
100
AcDbEntity
  8
Edges
100
AcDbLine
 10
-7.296855128907935
 20
-3.975761793962806
 30
0.0
 11
-7.342279493313128
 21
-3.923965233482537
 31
0.0
  0
LINE
  5
DA
330
83
100
AcDbEntity
  8
Edges
100
AcDbLine
 10
-6.199013016529221
 20
1.336827496025978
 30
0.0
 11
-4.728669966472068
 21
-1.209881371228813
 31
0.0
  0
LINE
  5
DB
330
83
100
AcDbEntity
  8
Edges
100
AcDbLine
 10
-6.788121016182685
 20
-4.112076688629709
 30
0.0
 11
-6.855690335589855
 21
-4.125517061915221
 31
0.0
  0
LINE
  5
DC
330
83
100
AcDbEntity
  8
Edges
100
AcDbLine
 10
-6.855690335589855
 20
-4.125517061915221
 30
0.0
 11
-6.924435910849581
 21
-4.130022884970966
 31
0.0
  0
LINE
  5
DD
330
83
100
AcDbEntity
  8
Edges
100
AcDbLine
 10
-6.924435910849581
 20
-4.130022884970966
 30
0.0
 11
-6.993181486109307
 21
-4.125517061915221
 31
0.0
  0
LINE
  5
DE
330
83
100
AcDbEntity
  8
Edges
100
AcDbLine
 10
-6.993181486109307
 20
-4.125517061915221
 30
0.0
 11
-7.060750805516477
 21
-4.112076688629709
 31
0.0
  0
LINE
  5
DF
330
83
100
AcDbEntity
  8
Edges
100
AcDbLine
 10
-7.663933130054573
 20
-3.090481145586334
 30
0.0
 11
-7.601024009824214
 21
-3.108084011104299
 31
0.0
  0
LINE
  5
E0
330
83
100
AcDbEntity
  8
Edges
100
AcDbLine
 10
-4.904145191499509
 20
-1.746047116002582
 30
0.0
 11
-7.122751227159454
 21
-3.02695990791658
 31
0.0
  0
LINE
  5
E1
330
83
100
AcDbEntity
  8
Edges
100
AcDbLine
 10
-7.125987739282265
 20
-4.089931733627725
 30
0.0
 11
-7.187776065382848
 21
-4.059461103229093
 31
0.0
  0
LINE
  5
E2
330
83
100
AcDbEntity
  8
Edges
100
AcDbLine
 10
-6.722884082416896
 20
-4.089931733627725
 30
0.0
 11
-6.788121016182685
 21
-4.112076688629709
 31
0.0
  0
LINE
  5
E3
330
83
100
AcDbEntity
  8
Edges
100
AcDbLine
 10
-6.661095756316314
 20
-4.059461103229093
 30
0.0
 11
-6.722884082416896
 21
-4.089931733627725
 31
0.0
  0
LINE
  5
E4
330
83
100
AcDbEntity
  8
Edges
100
AcDbLine
 10
-4.721605327789774
 20
-1.550796327563073
 30
0.0
 11
-4.711366293359361
 21
-1.525227504949793
 31
0.0
  0
LINE
  5
E5
330
83
100
AcDbEntity
  8
Edges
100
AcDbLine
 10
-7.060750805516477
 20
-4.112076688629709
 30
0.0
 11
-7.125987739282265
 21
-4.089931733627725
 31
0.0
  0
LINE
  5
E6
330
83
100
AcDbEntity
  8
Edges
100
AcDbLine
 10
-4.747485811122601
 20
-1.597340247302202
 30
0.0
 11
-4.721605327789774
 21
-1.550796327563073
 31
0.0
  0
LINE
  5
E7
330
83
100
AcDbEntity
  8
Edges
100
AcDbLine
 10
-4.728669966472068
 20
-1.209881371228813
 30
0.0
 11
-4.149834451377017
 21
-2.212453892598727
 31
0.0
  0
LINE
  5
E8
330
83
100
AcDbEntity
  8
Edges
100
AcDbLine
 10
-7.187776065382848
 20
-4.059461103229093
 30
0.0
 11
-7.24505856842768
 21
-4.021186158367985
 31
0.0
  0
LINE
  5
E9
330
83
100
AcDbEntity
  8
Edges
100
AcDbLine
 10
-4.711366293359361
 20
-1.525227504949793
 30
0.0
 11
-4.70206997921187
 21
-1.502012834756943
 31
0.0
  0
LINE
  5
EA
330
83
100
AcDbEntity
  8
Edges
100
AcDbLine
 10
-4.858274200962426
 20
-1.71584324180738
 30
0.0
 11
-4.816409902868485
 21
-1.680575796082788
 31
0.0
  0
LINE
  5
EB
330
83
100
AcDbEntity
  8
Edges
100
AcDbLine
 10
-4.816409902868485
 20
-1.680575796082788
 30
0.0
 11
-4.779268606965075
 21
-1.64084821460317
 31
0.0
  0
LINE
  5
EC
330
83
100
AcDbEntity
  8
Edges
100
AcDbLine
 10
-7.197915920545256
 20
-3.064660296055524
 30
0.0
 11
-7.122751227159454
 21
-3.02695990791658
 31
0.0
  0
LINE
  5
ED
330
83
100
AcDbEntity
  8
Edges
100
AcDbLine
 10
-4.779268606965075
 20
-1.64084821460317
 30
0.0
 11
-4.747485811122601
 21
-1.597340247302202
 31
0.0
  0
LINE
  5
EE
330
83
100
AcDbEntity
  8
Edges
100
AcDbLine
 10
-4.904145191499509
 20
-1.746047116002582
 30
0.0
 11
-4.858274200962426
 21
-1.71584324180738
 31
0.0
  0
LINE
  5
EF
330
83
100
AcDbEntity
  8
Edges
100
AcDbLine
 10
-7.276727378019643
 20
-3.093171668369546
 30
0.0
 11
-7.197915920545256
 21
-3.064660296055524
 31
0.0
  0
LINE
  5
F0
330
83
100
AcDbEntity
  8
Edges
100
AcDbLine
 10
-7.439857317504902
 20
-3.120841589225324
 30
0.0
 11
-7.357837113694642
 21
-3.112006187373491
 31
0.0
  0
LINE
  5
F1
330
83
100
AcDbEntity
  8
Edges
100
AcDbLine
 10
-7.521384601022958
 20
-3.119526697749694
 30
0.0
 11
-7.439857317504902
 21
-3.120841589225324
 31
0.0
  0
LINE
  5
F2
330
83
100
AcDbEntity
  8
Edges
100
AcDbLine
 10
-7.357837113694642
 20
-3.112006187373491
 30
0.0
 11
-7.276727378019643
 21
-3.093171668369546
 31
0.0
  0
LINE
  5
F3
330
83
100
AcDbEntity
  8
Edges
100
AcDbLine
 10
-7.601024009824214
 20
-3.108084011104299
 30
0.0
 11
-7.521384601022958
 21
-3.119526697749694
 31
0.0
  0
LINE
  5
F4
330
83
100
AcDbEntity
  8
Edges
100
AcDbLine
 10
-4.275719560086002
 20
-2.682263514217002
 30
0.0
 11
-6.661095756316314
 21
-4.059461103229093
 31
0.0
  0
LINE
  5
F5
330
83
100
AcDbEntity
  8
Edges
100
AcDbLine
 10
-4.11547624722769
 20
-2.473430363071901
 30
0.0
 11
-4.129936998334869
 21
-2.516030362127988
 31
0.0
  0
LINE
  5
F6
330
83
100
AcDbEntity
  8
Edges
100
AcDbLine
 10
-4.103757303631368
 20
-2.384416149053368
 30
0.0
 11
-4.106699625516256
 21
-2.429307306134557
 31
0.0
  0
LINE
  5
F7
330
83
100
AcDbEntity
  8
Edges
100
AcDbLine
 10
-4.174828155416037
 20
-2.593784127003157
 30
0.0
 11
-4.204490461246223
 21
-2.62760750434781
 31
0.0
  0
LINE
  5
F8
330
83
100
AcDbEntity
  8
Edges
100
AcDbLine
 10
-4.106699625516256
 20
-2.339524991972186
 30
0.0
 11
-4.103757303631368
 21
-2.384416149053368
 31
0.0
  0
LINE
  5
F9
330
83
100
AcDbEntity
  8
Edges
100
AcDbLine
 10
-4.106699625516256
 20
-2.429307306134557
 30
0.0
 11
-4.11547624722769
 21
-2.473430363071901
 31
0.0
  0
LINE
  5
FA
330
83
100
AcDbEntity
  8
Edges
100
AcDbLine
 10
-4.129936998334869
 20
-2.516030362127988
 30
0.0
 11
-4.149834451377017
 21
-2.556378405508016
 31
0.0
  0
LINE
  5
FB
330
83
100
AcDbEntity
  8
Edges
100
AcDbLine
 10
-4.11547624722769
 20
-2.295401935034835
 30
0.0
 11
-4.106699625516256
 21
-2.339524991972186
 31
0.0
  0
LINE
  5
FC
330
83
100
AcDbEntity
  8
Edges
100
AcDbLine
 10
-4.149834451377017
 20
-2.556378405508016
 30
0.0
 11
-4.174828155416037
 21
-2.593784127003157
 31
0.0
  0
LINE
  5
FD
330
83
100
AcDbEntity
  8
Edges
100
AcDbLine
 10
-7.968011940030464
 20
-2.849176489935228
 30
0.0
 11
-9.398235038706474
 21
-0.3719574168697939
 31
0.0
  0
LINE
  5
FE
330
83
100
AcDbEntity
  8
Edges
100
AcDbLine
 10
-7.968011940030464
 20
-2.849176489935228
 30
0.0
 11
-7.962468242407283
 21
-2.858778455880379
 31
0.0
  0
LINE
  5
FF
330
83
100
AcDbEntity
  8
Edges
100
AcDbLine
 10
-6.717802387714613
 20
1.519938926757209
 30
0.0
 11
-6.776948141449395
 21
1.498541954038199
 31
0.0
  0
LINE
  5
100
330
83
100
AcDbEntity
  8
Edges
100
AcDbLine
 10
-6.776948141449395
 20
1.498541954038199
 30
0.0
 11
-6.833357102620965
 21
1.470248886709807
 31
0.0
  0
LINE
  5
101
330
83
100
AcDbEntity
  8
Edges
100
AcDbLine
 10
-9.131490510417989
 20
0.143420945084511
 30
0.0
 11
-6.833357102620965
 21
1.470248886709807
 31
0.0
  0
LINE
  5
102
330
83
100
AcDbEntity
  8
Edges
100
AcDbLine
 10
-6.199013016529221
 20
1.336827496025978
 30
0.0
 11
-6.230829475065746
 21
1.383676987934034
 31
0.0
  0
LINE
  5
103
330
83
100
AcDbEntity
  8
Edges
100
AcDbLine
 10
-7.677412891543838
 20
-3.086709316830162
 30
0.0
 11
-7.663933130054573
 21
-3.090481145586334
 31
0.0
  0
LINE
  5
104
330
83
100
AcDbEntity
  8
Edges
100
AcDbLine
 10
-6.230829475065746
 20
1.383676987934034
 30
0.0
 11
-6.269253382833568
 21
1.42559575664934
 31
0.0
  0
LINE
  5
105
330
83
100
AcDbEntity
  8
Edges
100
AcDbLine
 10
-7.749244211236629
 20
-3.055768341872525
 30
0.0
 11
-7.677412891543838
 21
-3.086709316830162
 31
0.0
  0
LINE
  5
106
330
83
100
AcDbEntity
  8
Edges
100
AcDbLine
 10
-7.925616648558104
 20
-2.911603232449419
 30
0.0
 11
-7.874416959961308
 21
-2.967459807932403
 31
0.0
  0
LINE
  5
107
330
83
100
AcDbEntity
  8
Edges
100
AcDbLine
 10
-9.281539963336769
 20
0.0292819457193367
 30
0.0
 11
-9.322138153373259
 21
-0.015064369769167
 31
0.0
  0
LINE
  5
108
330
83
100
AcDbEntity
  8
Edges
100
AcDbLine
 10
-4.70206997921187
 20
-1.502012834756943
 30
0.0
 11
-4.689214020619232
 21
-1.451824467971068
 31
0.0
  0
LINE
  5
109
330
83
100
AcDbEntity
  8
Edges
100
AcDbLine
 10
-7.874416959961308
 20
-2.967459807932403
 30
0.0
 11
-7.815288915107203
 21
-3.01579049489133
 31
0.0
  0
LINE
  5
10A
330
83
100
AcDbEntity
  8
Edges
100
AcDbLine
 10
-4.689214020619232
 20
-1.451824467971068
 30
0.0
 11
-4.683257421027775
 21
-1.401089964075989
 31
0.0
  0
LINE
  5
10B
330
83
100
AcDbEntity
  8
Edges
100
AcDbLine
 10
-4.684302099507959
 20
-1.350677404499631
 30
0.0
 11
-4.692330181321352
 21
-1.30144936211332
 31
0.0
  0
LINE
  5
10C
330
83
100
AcDbEntity
  8
Edges
100
AcDbLine
 10
-7.815288915107203
 20
-3.01579049489133
 30
0.0
 11
-7.749244211236629
 21
-3.055768341872525
 31
0.0
  0
LINE
  5
10D
330
83
100
AcDbEntity
  8
Edges
100
AcDbLine
 10
-4.692330181321352
 20
-1.30144936211332
 30
0.0
 11
-4.707204303762352
 21
-1.254248142370901
 31
0.0
  0
LINE
  5
10E
330
83
100
AcDbEntity
  8
Edges
100
AcDbLine
 10
-4.707204303762352
 20
-1.254248142370901
 30
0.0
 11
-4.728669966472068
 21
-1.209881371228813
 31
0.0
  0
LINE
  5
10F
330
83
100
AcDbEntity
  8
Edges
100
AcDbLine
 10
-4.683257421027775
 20
-1.401089964075989
 30
0.0
 11
-4.684302099507959
 21
-1.350677404499631
 31
0.0
  0
LINE
  5
110
330
83
100
AcDbEntity
  8
Edges
100
AcDbLine
 10
-9.419773427047346
 20
-0.2037059428052608
 30
0.0
 11
-9.425901061781814
 21
-0.2496388138700674
 31
0.0
  0
LINE
  5
111
330
83
100
AcDbEntity
  8
Edges
100
AcDbLine
 10
-9.356796906116215
 20
-0.0613363560675531
 30
0.0
 11
-9.38492320069696
 21
-0.1087422866612435
 31
0.0
  0
LINE
  5
112
330
83
100
AcDbEntity
  8
Edges
100
AcDbLine
 10
-9.425901061781814
 20
-0.2496388138700674
 30
0.0
 11
-9.424313847091383
 21
-0.2934837219698743
 31
0.0
  0
LINE
  5
113
330
83
100
AcDbEntity
  8
Edges
100
AcDbLine
 10
-9.38492320069696
 20
-0.1087422866612435
 30
0.0
 11
-9.406035788417113
 21
-0.1564710329343519
 31
0.0
  0
LINE
  5
114
330
83
100
AcDbEntity
  8
Edges
100
AcDbLine
 10
-9.406035788417113
 20
-0.1564710329343519
 30
0.0
 11
-9.419773427047346
 21
-0.2037059428052608
 31
0.0
  0
LINE
  5
115
330
83
100
AcDbEntity
  8
Edges
100
AcDbLine
 10
-6.3631919649589
 20
1.491868795728695
 30
0.0
 11
-6.417099324131584
 21
1.515089116019733
 31
0.0
  0
LINE
  5
116
330
83
100
AcDbEntity
  8
Edges
100
AcDbLine
 10
-9.424313847091383
 20
-0.2934837219698743
 30
0.0
 11
-9.4150389406594
 21
-0.3344904685709729
 31
0.0
  0
LINE
  5
117
330
83
100
AcDbEntity
  8
Edges
100
AcDbLine
 10
-6.474427003774252
 20
1.531130215172158
 30
0.0
 11
-6.534194111394015
 21
1.539717625532031
 31
0.0
  0
LINE
  5
118
330
83
100
AcDbEntity
  8
Edges
100
AcDbLine
 10
-6.417099324131584
 20
1.515089116019733
 30
0.0
 11
-6.474427003774252
 21
1.531130215172158
 31
0.0
  0
LINE
  5
119
330
83
100
AcDbEntity
  8
Edges
100
AcDbLine
 10
-9.185393596361251
 20
0.1092083849133836
 30
0.0
 11
-9.2356969822942
 21
0.0709438126448312
 31
0.0
  0
LINE
  5
11A
330
83
100
AcDbEntity
  8
Edges
100
AcDbLine
 10
-6.656931841661304
 20
1.53407369673128
 30
0.0
 11
-6.717802387714613
 21
1.519938926757209
 31
0.0
  0
LINE
  5
11B
330
83
100
AcDbEntity
  8
Edges
100
AcDbLine
 10
-6.269253382833568
 20
1.42559575664934
 30
0.0
 11
-6.313627296117658
 21
1.46186656041711
 31
0.0
  0
LINE
  5
11C
330
83
100
AcDbEntity
  8
Edges
100
AcDbLine
 10
-6.534194111394015
 20
1.539717625532031
 30
0.0
 11
-6.595378015208922
 21
1.540704414127223
 31
0.0
  0
LINE
  5
11D
330
83
100
AcDbEntity
  8
Edges
100
AcDbLine
 10
-6.595378015208922
 20
1.540704414127223
 30
0.0
 11
-6.656931841661304
 21
1.53407369673128
 31
0.0
  0
LINE
  5
11E
330
83
100
AcDbEntity
  8
Edges
100
AcDbLine
 10
-6.313627296117658
 20
1.46186656041711
 30
0.0
 11
-6.3631919649589
 21
1.491868795728695
 31
0.0
  0
LINE
  5
11F
330
83
100
AcDbEntity
  8
Edges
100
AcDbLine
 10
-9.2356969822942
 20
0.0709438126448312
 30
0.0
 11
-9.281539963336769
 21
0.0292819457193367
 31
0.0
  0
LINE
  5
120
330
83
100
AcDbEntity
  8
Edges
100
AcDbLine
 10
-9.131490510417989
 20
0.143420945084511
 30
0.0
 11
-9.185393596361251
 21
0.1092083849133836
 31
0.0
  0
LINE
  5
121
330
83
100
AcDbEntity
  8
Edges
100
AcDbLine
 10
-9.322138153373259
 20
-0.015064369769167
 30
0.0
 11
-9.356796906116215
 21
-0.0613363560675531
 31
0.0
  0
LINE
  5
122
330
83
100
AcDbEntity
  8
Edges
100
AcDbLine
 10
-9.4150389406594
 20
-0.3344904685709729
 30
0.0
 11
-9.398235038706474
 21
-0.3719574168697939
 31
0.0
  0
LINE
  5
123
330
83
100
AcDbEntity
  8
Edges
100
AcDbLine
 10
-3.724703149636752
 20
1.657275541608076
 30
0.0
 11
-4.042356743968213
 21
1.473878153411806
 31
0.0
  0
LINE
  5
124
330
83
100
AcDbEntity
  8
Edges
100
AcDbLine
 10
-3.677781425960006
 20
1.676966186104749
 30
0.0
 11
-3.693785702321775
 21
1.672100895133509
 31
0.0
  0
LINE
  5
125
330
83
100
AcDbEntity
  8
Edges
100
AcDbLine
 10
-4.061764101837013
 20
1.460598799254719
 30
0.0
 11
-4.042356743968213
 21
1.473878153411806
 31
0.0
  0
LINE
  5
126
330
83
100
AcDbEntity
  8
Edges
100
AcDbLine
 10
-3.406636144957332
 20
1.601151107433878
 30
0.0
 11
-3.420625319702224
 21
1.614570149225713
 31
0.0
  0
LINE
  5
127
330
83
100
AcDbEntity
  8
Edges
100
AcDbLine
 10
-4.086503298494392
 20
1.435006902131366
 30
0.0
 11
-4.079042815320406
 21
1.444434892228042
 31
0.0
  0
LINE
  5
128
330
83
100
AcDbEntity
  8
Edges
100
AcDbLine
 10
-3.484845611127042
 20
1.657427013735057
 30
0.0
 11
-3.519465895750812
 21
1.67221097961135
 31
0.0
  0
LINE
  5
129
330
83
100
AcDbEntity
  8
Edges
100
AcDbLine
 10
-3.420625319702224
 20
1.614570149225713
 30
0.0
 11
-3.451709764603833
 21
1.638103191621914
 31
0.0
  0
LINE
  5
12A
330
83
100
AcDbEntity
  8
Edges
100
AcDbLine
 10
-3.519465895750812
 20
1.67221097961135
 30
0.0
 11
-3.550019478545522
 21
1.680807014508219
 31
0.0
  0
LINE
  5
12B
330
83
100
AcDbEntity
  8
Edges
100
AcDbLine
 10
-3.451709764603833
 20
1.638103191621914
 30
0.0
 11
-3.484845611127042
 21
1.657427013735057
 31
0.0
  0
LINE
  5
12C
330
83
100
AcDbEntity
  8
Edges
100
AcDbLine
 10
-3.693785702321775
 20
1.672100895133509
 30
0.0
 11
-3.724703149636752
 21
1.657275541608076
 31
0.0
  0
LINE
  5
12D
330
83
100
AcDbEntity
  8
Edges
100
AcDbLine
 10
-4.079042815320406
 20
1.444434892228042
 30
0.0
 11
-4.061764101837013
 21
1.460598799254719
 31
0.0
  0
LINE
  5
12E
330
83
100
AcDbEntity
  8
Edges
100
AcDbLine
 10
-4.689451742745063
 20
1.067790568617049
 30
0.0
 11
-4.713777083994784
 21
1.067775206951955
 31
0.0
  0
LINE
  5
12F
330
83
100
AcDbEntity
  8
Edges
100
AcDbLine
 10
-4.76009894205913
 20
1.057414991267931
 30
0.0
 11
-4.781302879039429
 21
1.047247403411817
 31
0.0
  0
LINE
  5
130
330
83
100
AcDbEntity
  8
Edges
100
AcDbLine
 10
-4.653861570595694
 20
1.06123668078654
 30
0.0
 11
-4.664901420791807
 21
1.064342664728932
 31
0.0
  0
LINE
  5
131
330
83
100
AcDbEntity
  8
Edges
100
AcDbLine
 10
-4.664901420791807
 20
1.064342664728932
 30
0.0
 11
-4.689451742745063
 21
1.067790568617049
 31
0.0
  0
LINE
  5
132
330
83
100
AcDbEntity
  8
Edges
100
AcDbLine
 10
-4.713777083994784
 20
1.067775206951955
 30
0.0
 11
-4.737461231207902
 21
1.064296842575969
 31
0.0
  0
LINE
  5
133
330
83
100
AcDbEntity
  8
Edges
100
AcDbLine
 10
-4.737461231207902
 20
1.064296842575969
 30
0.0
 11
-4.76009894205913
 21
1.057414991267931
 31
0.0
  0
LINE
  5
134
330
83
100
AcDbEntity
  8
Edges
100
AcDbLine
 10
-5.235898800175164
 20
0.7011330365470343
 30
0.0
 11
-5.239539385746013
 21
0.6709427082462569
 31
0.0
  0
LINE
  5
135
330
83
100
AcDbEntity
  8
Edges
100
AcDbLine
 10
-4.781302879039429
 20
1.047247403411817
 30
0.0
 11
-5.142556284092819
 21
0.8386776527585691
 31
0.0
  0
LINE
  5
136
330
83
100
AcDbEntity
  8
Edges
100
AcDbLine
 10
-5.239404486937615
 20
0.6399572191303849
 30
0.0
 11
-5.235496411905899
 21
0.6087067395089117
 31
0.0
  0
LINE
  5
137
330
83
100
AcDbEntity
  8
Edges
100
AcDbLine
 10
-5.203262567372092
 20
0.7818880821806973
 30
0.0
 11
-5.217603875370315
 21
0.757084395143365
 31
0.0
  0
LINE
  5
138
330
83
100
AcDbEntity
  8
Edges
100
AcDbLine
 10
-5.165414980379949
 20
0.8230367434900841
 30
0.0
 11
-5.185766481414788
 21
0.8039983022950348
 31
0.0
  0
LINE
  5
139
330
83
100
AcDbEntity
  8
Edges
100
AcDbLine
 10
-5.239539385746013
 20
0.6709427082462569
 30
0.0
 11
-5.239404486937615
 21
0.6399572191303849
 31
0.0
  0
LINE
  5
13A
330
83
100
AcDbEntity
  8
Edges
100
AcDbLine
 10
-5.235496411905899
 20
0.6087067395089117
 30
0.0
 11
-5.22788202889825
 21
0.5777259737525214
 31
0.0
  0
LINE
  5
13B
330
83
100
AcDbEntity
  8
Edges
100
AcDbLine
 10
-5.142556284092819
 20
0.8386776527585691
 30
0.0
 11
-5.165414980379949
 21
0.8230367434900841
 31
0.0
  0
LINE
  5
13C
330
83
100
AcDbEntity
  8
Edges
100
AcDbLine
 10
-5.185766481414788
 20
0.8039983022950348
 30
0.0
 11
-5.203262567372092
 21
0.7818880821806973
 31
0.0
  0
LINE
  5
13D
330
83
100
AcDbEntity
  8
Edges
100
AcDbLine
 10
-5.217603875370315
 20
0.757084395143365
 30
0.0
 11
-5.228545021653474
 21
0.7300116391450895
 31
0.0
  0
LINE
  5
13E
330
83
100
AcDbEntity
  8
Edges
100
AcDbLine
 10
-5.228545021653474
 20
0.7300116391450895
 30
0.0
 11
-5.235898800175164
 21
0.7011330365470343
 31
0.0
  0
LINE
  5
13F
330
83
100
AcDbEntity
  8
Edges
100
AcDbLine
 10
-5.22788202889825
 20
0.5777259737525214
 30
0.0
 11
-5.224184043945058
 21
0.5677523644790841
 31
0.0
  0
LINE
  5
140
330
83
100
AcDbEntity
  8
Edges
100
AcDbLine
 10
-3.867889534436613
 20
0.9767912351195795
 30
0.0
 11
-3.90665608747102
 21
0.8798679380436594
 31
0.0
  0
LINE
  5
141
330
83
100
AcDbEntity
  8
Edges
100
AcDbLine
 10
-4.451067828007296
 20
0.7268406992307424
 30
0.0
 11
-4.534655021583773
 21
0.7893719092002448
 31
0.0
  0
LINE
  5
142
330
83
100
AcDbEntity
  8
Edges
100
AcDbLine
 10
-4.250490292878311
 20
0.6757141266214778
 30
0.0
 11
-4.354144530931336
 21
0.6880741461962847
 31
0.0
  0
LINE
  5
143
330
83
100
AcDbEntity
  8
Edges
100
AcDbLine
 10
-3.969187297440583
 20
0.7962807444671749
 30
0.0
 11
-4.051221765723511
 21
0.7317259834980723
 31
0.0
  0
LINE
  5
144
330
83
100
AcDbEntity
  8
Edges
100
AcDbLine
 10
-4.147168978874759
 20
0.690602955414549
 30
0.0
 11
-4.250490292878311
 21
0.6757141266214778
 31
0.0
  0
LINE
  5
145
330
83
100
AcDbEntity
  8
Edges
100
AcDbLine
 10
-3.976096132707453
 20
1.361748468610343
 30
0.0
 11
-3.911541371738337
 21
1.279714000327403
 31
0.0
  0
LINE
  5
146
330
83
100
AcDbEntity
  8
Edges
100
AcDbLine
 10
-4.051221765723511
 20
0.7317259834980723
 30
0.0
 11
-4.147168978874759
 21
0.690602955414549
 31
0.0
  0
LINE
  5
147
330
83
100
AcDbEntity
  8
Edges
100
AcDbLine
 10
-4.642861619854613
 20
1.174329142691054
 30
0.0
 11
-4.604095066820207
 21
1.271252439766997
 31
0.0
  0
LINE
  5
148
330
83
100
AcDbEntity
  8
Edges
100
AcDbLine
 10
-3.911541371738337
 20
1.279714000327403
 30
0.0
 11
-3.870418343654847
 21
1.183766787176119
 31
0.0
  0
LINE
  5
149
330
83
100
AcDbEntity
  8
Edges
100
AcDbLine
 10
-4.354144530931336
 20
0.6880741461962847
 30
0.0
 11
-4.451067828007296
 21
0.7268406992307424
 31
0.0
  0
LINE
  5
14A
330
83
100
AcDbEntity
  8
Edges
100
AcDbLine
 10
-4.655221639429385
 20
1.070674904637998
 30
0.0
 11
-4.642861619854613
 21
1.174329142691054
 31
0.0
  0
LINE
  5
14B
330
83
100
AcDbEntity
  8
Edges
100
AcDbLine
 10
-4.534655021583773
 20
0.7893719092002448
 30
0.0
 11
-4.59920978255289
 21
0.8714063774831847
 31
0.0
  0
LINE
  5
14C
330
83
100
AcDbEntity
  8
Edges
100
AcDbLine
 10
-4.604095066820207
 20
1.271252439766997
 30
0.0
 11
-4.541563856850643
 21
1.354839633343428
 31
0.0
  0
LINE
  5
14D
330
83
100
AcDbEntity
  8
Edges
100
AcDbLine
 10
-4.363582175416468
 20
1.460517422396108
 30
0.0
 11
-4.260260861412916
 21
1.475406251189057
 31
0.0
  0
LINE
  5
14E
330
83
100
AcDbEntity
  8
Edges
100
AcDbLine
 10
-4.059683326283931
 20
1.424279678579907
 30
0.0
 11
-3.976096132707453
 21
1.361748468610343
 31
0.0
  0
LINE
  5
14F
330
83
100
AcDbEntity
  8
Edges
100
AcDbLine
 10
-4.260260861412916
 20
1.475406251189057
 30
0.0
 11
-4.156606623359891
 21
1.463046231614296
 31
0.0
  0
LINE
  5
150
330
83
100
AcDbEntity
  8
Edges
100
AcDbLine
 10
-3.90665608747102
 20
0.8798679380436594
 30
0.0
 11
-3.969187297440583
 21
0.7962807444671749
 31
0.0
  0
LINE
  5
151
330
83
100
AcDbEntity
  8
Edges
100
AcDbLine
 10
-3.870418343654847
 20
1.183766787176119
 30
0.0
 11
-3.855529514861842
 21
1.080445473172597
 31
0.0
  0
LINE
  5
152
330
83
100
AcDbEntity
  8
Edges
100
AcDbLine
 10
-3.855529514861842
 20
1.080445473172597
 30
0.0
 11
-3.867889534436613
 21
0.9767912351195795
 31
0.0
  0
LINE
  5
153
330
83
100
AcDbEntity
  8
Edges
100
AcDbLine
 10
-4.497292897126271
 20
1.389677443384768
 30
0.0
 11
-4.502437700198726
 21
1.398014440134641
 31
0.0
  0
LINE
  5
154
330
83
100
AcDbEntity
  8
Edges
100
AcDbLine
 10
-5.189485367115224
 20
2.099900686787044
 30
0.0
 11
-5.187703510903531
 21
2.091065751241443
 31
0.0
  0
LINE
  5
155
330
83
100
AcDbEntity
  8
Edges
100
AcDbLine
 10
-5.22015354571954
 20
2.126735343065835
 30
0.0
 11
-5.210084739753682
 21
2.123317306886011
 31
0.0
  0
LINE
  5
156
330
83
100
AcDbEntity
  8
Edges
100
AcDbLine
 10
-5.241169651265806
 20
2.125368054006511
 30
0.0
 11
-5.230756030154537
 21
2.127434814718395
 31
0.0
  0
LINE
  5
157
330
83
100
AcDbEntity
  8
Edges
100
AcDbLine
 10
-5.261759626187767
 20
2.064260293818495
 30
0.0
 11
-5.266483981423419
 21
2.073786273689986
 31
0.0
  0
LINE
  5
158
330
83
100
AcDbEntity
  8
Edges
100
AcDbLine
 10
-5.266483981423419
 20
2.073786273689986
 30
0.0
 11
-5.268584672499628
 21
2.084202080609724
 31
0.0
  0
LINE
  5
159
330
83
100
AcDbEntity
  8
Edges
100
AcDbLine
 10
-5.250684737983988
 20
2.120675907257204
 30
0.0
 11
-5.241169651265806
 21
2.125368054006511
 31
0.0
  0
LINE
  5
15A
330
83
100
AcDbEntity
  8
Edges
100
AcDbLine
 10
-5.258652852873638
 20
2.113678136517304
 30
0.0
 11
-5.250684737983988
 21
2.120675907257204
 31
0.0
  0
LINE
  5
15B
330
83
100
AcDbEntity
  8
Edges
100
AcDbLine
 10
-5.225213318384106
 20
2.046252145758639
 30
0.0
 11
-5.235815802819075
 21
2.046951617411206
 31
0.0
  0
LINE
  5
15C
330
83
100
AcDbEntity
  8
Edges
100
AcDbLine
 10
-5.2679185407911
 20
2.094797894549035
 30
0.0
 11
-5.264530982072983
 21
2.104851628298373
 31
0.0
  0
LINE
  5
15D
330
83
100
AcDbEntity
  8
Edges
100
AcDbLine
 10
-5.264530982072983
 20
2.104851628298373
 30
0.0
 11
-5.258652852873638
 21
2.113678136517304
 31
0.0
  0
LINE
  5
15E
330
83
100
AcDbEntity
  8
Edges
100
AcDbLine
 10
-5.210084739753682
 20
2.123317306886011
 30
0.0
 11
-5.201235784744028
 21
2.117413639695993
 31
0.0
  0
LINE
  5
15F
330
83
100
AcDbEntity
  8
Edges
100
AcDbLine
 10
-5.268584672499628
 20
2.084202080609724
 30
0.0
 11
-5.2679185407911
 21
2.094797894549035
 31
0.0
  0
LINE
  5
160
330
83
100
AcDbEntity
  8
Edges
100
AcDbLine
 10
-5.230756030154537
 20
2.127434814718395
 30
0.0
 11
-5.22015354571954
 21
2.126735343065835
 31
0.0
  0
LINE
  5
161
330
83
100
AcDbEntity
  8
Edges
100
AcDbLine
 10
-5.254733563794616
 20
2.056273320781034
 30
0.0
 11
-5.261759626187767
 21
2.064260293818495
 31
0.0
  0
LINE
  5
162
330
83
100
AcDbEntity
  8
Edges
100
AcDbLine
 10
-5.239114837474033
 20
2.04807153369992
 30
0.0
 11
-5.245884608784933
 21
2.05036965359103
 31
0.0
  0
LINE
  5
163
330
83
100
AcDbEntity
  8
Edges
100
AcDbLine
 10
-4.428399684585599
 20
1.432736602481479
 30
0.0
 11
-4.439728718091231
 21
1.451094956374806
 31
0.0
  0
LINE
  5
164
330
83
100
AcDbEntity
  8
Edges
100
AcDbLine
 10
-3.895146667913991
 20
1.344870798930624
 30
0.0
 11
-3.891297699695286
 21
1.359862060630515
 31
0.0
  0
LINE
  5
165
330
83
100
AcDbEntity
  8
Edges
100
AcDbLine
 10
-3.968970488818001
 20
1.384023845993528
 30
0.0
 11
-3.96081947346002
 21
1.406226277433791
 31
0.0
  0
LINE
  5
166
330
83
100
AcDbEntity
  8
Edges
100
AcDbLine
 10
-3.96081947346002
 20
1.406226277433791
 30
0.0
 11
-3.950481409472956
 21
1.427498593862107
 31
0.0
  0
LINE
  5
167
330
83
100
AcDbEntity
  8
Edges
100
AcDbLine
 10
-3.879198422252187
 20
1.388311991879898
 30
0.0
 11
-3.873210992115303
 21
1.398014440134641
 31
0.0
  0
LINE
  5
168
330
83
100
AcDbEntity
  8
Edges
100
AcDbLine
 10
-3.885963664699886
 20
1.374391360488775
 30
0.0
 11
-3.879198422252187
 21
1.388311991879898
 31
0.0
  0
LINE
  5
169
330
83
100
AcDbEntity
  8
Edges
100
AcDbLine
 10
-3.950481409472956
 20
1.427498593862107
 30
0.0
 11
-3.935919974222798
 21
1.451094956374806
 31
0.0
  0
LINE
  5
16A
330
83
100
AcDbEntity
  8
Edges
100
AcDbLine
 10
-3.969412477147983
 20
1.382302355363714
 30
0.0
 11
-3.968970488818001
 21
1.384023845993528
 31
0.0
  0
LINE
  5
16B
330
83
100
AcDbEntity
  8
Edges
100
AcDbLine
 10
-3.891297699695286
 20
1.359862060630515
 30
0.0
 11
-3.885963664699886
 21
1.374391360488775
 31
0.0
  0
LINE
  5
16C
330
83
100
AcDbEntity
  8
Edges
100
AcDbLine
 10
-3.895845573395178
 20
1.340271066876324
 30
0.0
 11
-3.895146667913991
 21
1.344870798930624
 31
0.0
  0
LINE
  5
16D
330
83
100
AcDbEntity
  8
Edges
100
AcDbLine
 10
-3.120915128519413
 20
2.056273320781034
 30
0.0
 11
-3.11388906612629
 21
2.064260293818495
 31
0.0
  0
LINE
  5
16E
330
83
100
AcDbEntity
  8
Edges
100
AcDbLine
 10
-3.107064019814401
 20
2.084202080609724
 30
0.0
 11
-3.107730151522929
 21
2.094797894549035
 31
0.0
  0
LINE
  5
16F
330
83
100
AcDbEntity
  8
Edges
100
AcDbLine
 10
-3.107730151522929
 20
2.094797894549035
 30
0.0
 11
-3.111117710241074
 21
2.104851628298373
 31
0.0
  0
LINE
  5
170
330
83
100
AcDbEntity
  8
Edges
100
AcDbLine
 10
-3.181438969963153
 20
2.109426666658546
 30
0.0
 11
-3.186163325198805
 21
2.099900686787048
 31
0.0
  0
LINE
  5
171
330
83
100
AcDbEntity
  8
Edges
100
AcDbLine
 10
-3.116995839440392
 20
2.113678136517304
 30
0.0
 11
-3.124963954330041
 21
2.120675907257204
 31
0.0
  0
LINE
  5
172
330
83
100
AcDbEntity
  8
Edges
100
AcDbLine
 10
-3.165563952560347
 20
2.123317306886011
 30
0.0
 11
-3.17441290757003
 21
2.117413639695993
 31
0.0
  0
LINE
  5
173
330
83
100
AcDbEntity
  8
Edges
100
AcDbLine
 10
-3.124963954330041
 20
2.120675907257204
 30
0.0
 11
-3.134479041048223
 21
2.125368054006511
 31
0.0
  0
LINE
  5
174
330
83
100
AcDbEntity
  8
Edges
100
AcDbLine
 10
-3.155495146594489
 20
2.126735343065835
 30
0.0
 11
-3.165563952560347
 21
2.123317306886011
 31
0.0
  0
LINE
  5
175
330
83
100
AcDbEntity
  8
Edges
100
AcDbLine
 10
-3.14489266215952
 20
2.127434814718395
 30
0.0
 11
-3.155495146594489
 21
2.126735343065835
 31
0.0
  0
LINE
  5
176
330
83
100
AcDbEntity
  8
Edges
100
AcDbLine
 10
-3.111117710241074
 20
2.104851628298373
 30
0.0
 11
-3.116995839440392
 21
2.113678136517304
 31
0.0
  0
LINE
  5
177
330
83
100
AcDbEntity
  8
Edges
100
AcDbLine
 10
-3.134479041048223
 20
2.125368054006511
 30
0.0
 11
-3.14489266215952
 21
2.127434814718395
 31
0.0
  0
LINE
  5
178
330
83
100
AcDbEntity
  8
Edges
100
AcDbLine
 10
-3.11388906612629
 20
2.064260293818495
 30
0.0
 11
-3.109164710890638
 21
2.073786273689986
 31
0.0
  0
LINE
  5
179
330
83
100
AcDbEntity
  8
Edges
100
AcDbLine
 10
-3.139832889494954
 20
2.046951617411206
 30
0.0
 11
-3.136533854840024
 21
2.04807153369992
 31
0.0
  0
LINE
  5
17A
330
83
100
AcDbEntity
  8
Edges
100
AcDbLine
 10
-3.109164710890638
 20
2.073786273689986
 30
0.0
 11
-3.107064019814401
 21
2.084202080609724
 31
0.0
  0
LINE
  5
17B
330
83
100
AcDbEntity
  8
Edges
100
AcDbLine
 10
-3.879198422252187
 20
0.5501620112206105
 30
0.0
 11
-3.879808216566829
 21
0.5489072562071684
 31
0.0
  0
LINE
  5
17C
330
83
100
AcDbEntity
  8
Edges
100
AcDbLine
 10
-3.87755253921901
 20
0.5528291145684
 30
0.0
 11
-3.879198422252187
 21
0.5501620112206105
 31
0.0
  0
LINE
  5
17D
330
83
100
AcDbEntity
  8
Edges
100
AcDbLine
 10
2.715059212888661
 20
-3.999388321688668
 30
0.0
 11
2.452532357227113
 21
-3.999388321688668
 31
0.0
  0
LINE
  5
17E
330
83
100
AcDbEntity
  8
Edges
100
AcDbLine
 10
2.717204694749199
 20
-4.00153380354921
 30
0.0
 11
2.715059212888661
 21
-3.999388321688668
 31
0.0
  0
LINE
  5
17F
330
83
100
AcDbEntity
  8
Edges
100
AcDbLine
 10
0.0551830605203918
 20
5.938222448966858
 30
0.0
 11
0.059270824863944
 21
5.928545685186208
 31
0.0
  0
LINE
  5
180
330
83
100
AcDbEntity
  8
Edges
100
AcDbLine
 10
1.335890664091692
 20
4.322589211452881
 30
0.0
 11
0.1186795776649774
 21
6.060946798317594
 31
0.0
  0
LINE
  5
181
330
83
100
AcDbEntity
  8
Edges
100
AcDbLine
 10
0.0407848642985869
 20
5.965715687565214
 30
0.0
 11
-0.0253427676783815
 21
6.060946671656061
 31
0.0
  0
LINE
  5
182
330
83
100
AcDbEntity
  8
Edges
100
AcDbLine
 10
-0.2381548482814537
 20
5.836539439266218
 30
0.0
 11
-0.2134075668388959
 21
5.780297682022059
 31
0.0
  0
LINE
  5
183
330
83
100
AcDbEntity
  8
Edges
100
AcDbLine
 10
-0.2172247220987344
 20
5.955238860242836
 30
0.0
 11
-0.174734242754198
 21
5.999625001807885
 31
0.0
  0
LINE
  5
184
330
83
100
AcDbEntity
  8
Edges
100
AcDbLine
 10
-0.2381548482814537
 20
5.836539439266218
 30
0.0
 11
-0.2394950750324369
 21
5.897970633033772
 31
0.0
  0
LINE
  5
185
330
83
100
AcDbEntity
  8
Edges
100
AcDbLine
 10
-0.210713481896704
 20
5.777718627528495
 30
0.0
 11
-0.2134075668388959
 21
5.780297682022059
 31
0.0
  0
LINE
  5
186
330
83
100
AcDbEntity
  8
Edges
100
AcDbLine
 10
-0.2394950750324369
 20
5.897970633033772
 30
0.0
 11
-0.2172247220987344
 21
5.955238860242836
 31
0.0
  0
LINE
  5
187
330
83
100
AcDbEntity
  8
Edges
100
AcDbLine
 10
0.0002066894180075
 20
6.003441984782632
 30
0.0
 11
-0.0570608734088012
 21
6.025712436237895
 31
0.0
  0
LINE
  5
188
330
83
100
AcDbEntity
  8
Edges
100
AcDbLine
 10
-0.118492313224948
 20
6.02437203720185
 30
0.0
 11
-0.174734242754198
 21
5.999625001807885
 31
0.0
  0
LINE
  5
189
330
83
100
AcDbEntity
  8
Edges
100
AcDbLine
 10
-0.0570608734088012
 20
6.025712436237895
 30
0.0
 11
-0.118492313224948
 21
6.02437203720185
 31
0.0
  0
LINE
  5
18A
330
83
100
AcDbEntity
  8
Edges
100
AcDbLine
 10
0.0437185417237629
 20
5.962041212385997
 30
0.0
 11
0.044818014117709
 21
5.960676468911751
 31
0.0
  0
LINE
  5
18B
330
83
100
AcDbEntity
  8
Edges
100
AcDbLine
 10
0.0472071175244651
 20
5.956795420433792
 30
0.0
 11
0.0460951343211491
 21
5.957537956481425
 31
0.0
  0
LINE
  5
18C
330
83
100
AcDbEntity
  8
Edges
100
AcDbLine
 10
0.0460296681360433
 20
5.958834613627409
 30
0.0
 11
0.044818014117709
 21
5.960676468911751
 31
0.0
  0
LINE
  5
18D
330
83
100
AcDbEntity
  8
Edges
100
AcDbLine
 10
0.0453935743745717
 20
5.959822052191448
 30
0.0
 11
0.0460296681360433
 21
5.958834613627409
 31
0.0
  0
LINE
  5
18E
330
83
100
AcDbEntity
  8
Edges
100
AcDbLine
 10
0.0407848642985869
 20
5.965715687565214
 30
0.0
 11
0.042170552040119
 21
5.963821022266024
 31
0.0
  0
LINE
  5
18F
330
83
100
AcDbEntity
  8
Edges
100
AcDbLine
 10
0.0002066894180075
 20
6.003441984782632
 30
0.0
 11
0.0407848642985869
 21
5.965715687565214
 31
0.0
  0
LINE
  5
190
330
83
100
AcDbEntity
  8
Edges
100
AcDbLine
 10
0.0460296681360433
 20
5.958834613627409
 30
0.0
 11
0.0460951343211491
 21
5.957537956481425
 31
0.0
  0
LINE
  5
191
330
83
100
AcDbEntity
  8
Edges
100
AcDbLine
 10
0.044818014117709
 20
5.960676468911751
 30
0.0
 11
0.0453935743745717
 21
5.959822052191448
 31
0.0
  0
LINE
  5
192
330
83
100
AcDbEntity
  8
Edges
100
AcDbLine
 10
0.2543189970359663
 20
5.386873472615334
 30
0.0
 11
1.095948746517024
 21
4.184901623479073
 31
0.0
  0
LINE
  5
193
330
83
100
AcDbEntity
  8
Edges
100
AcDbLine
 10
0.0478738612362406
 20
5.955843319996085
 30
0.0
 11
0.0472071175244651
 21
5.956795420433792
 31
0.0
  0
LINE
  5
194
330
83
100
AcDbEntity
  8
Edges
100
AcDbLine
 10
-16.83559360964508
 20
-4.990214785763459
 30
0.0
 11
-16.83559360964508
 21
-11.76088407710204
 31
0.0
  0
LINE
  5
195
330
83
100
AcDbEntity
  8
Edges
100
AcDbLine
 10
0.8900323572271418
 20
-11.76088407710205
 30
0.0
 11
0.8900323572271418
 21
-12.39550820259547
 31
0.0
  0
LINE
  5
196
330
83
100
AcDbEntity
  8
Edges
100
AcDbLine
 10
0.8900323572271418
 20
-13.03330335803808
 30
0.0
 11
0.8900323572271418
 21
-14.68312805144229
 31
0.0
  0
LINE
  5
197
330
83
100
AcDbEntity
  8
Edges
100
AcDbLine
 10
-16.83559360964508
 20
-12.0518425950629
 30
0.0
 11
-16.83559360964508
 21
-11.76088407710204
 31
0.0
  0
LINE
  5
198
330
83
100
AcDbEntity
  8
Edges
100
AcDbLine
 10
-16.83559360964508
 20
-11.76088407710204
 30
0.0
 11
0.8900323572271418
 21
-11.76088407710205
 31
0.0
  0
LINE
  5
199
330
83
100
AcDbEntity
  8
Edges
100
AcDbLine
 10
-17.70494723684584
 20
-13.70975470108473
 30
0.0
 11
-16.86471463117897
 21
-12.87252257258532
 31
0.0
  0
LINE
  5
19A
330
83
100
AcDbEntity
  8
Edges
100
AcDbLine
 10
1.893477479412752
 20
-4.990214785763465
 30
0.0
 11
1.893477479412752
 21
-7.180208155999842
 31
0.0
  0
LINE
  5
19B
330
83
100
AcDbEntity
  8
Edges
100
AcDbLine
 10
-17.64673339846999
 20
-4.990214785763459
 30
0.0
 11
-17.96872748529256
 21
-4.990214785763459
 31
0.0
  0
LINE
  5
19C
330
83
100
AcDbEntity
  8
Edges
100
AcDbLine
 10
-17.66011865002761
 20
-4.047584602317026
 30
0.0
 11
-17.65272510348424
 21
-4.069365288080494
 31
0.0
  0
LINE
  5
19D
330
83
100
AcDbEntity
  8
Edges
100
AcDbLine
 10
-17.5731987077192
 20
-4.039553132521913
 30
0.0
 11
-17.56377816321608
 21
-4.020450158012057
 31
0.0
  0
LINE
  5
19E
330
83
100
AcDbEntity
  8
Edges
100
AcDbLine
 10
-17.58559360964509
 20
-4.101866512474909
 30
0.0
 11
-17.58420055324734
 21
-4.080612579009962
 31
0.0
  0
LINE
  5
19F
330
83
100
AcDbEntity
  8
Edges
100
AcDbLine
 10
-17.64673339846999
 20
-4.990214785763459
 30
0.0
 11
-17.58559360964509
 21
-4.990214785763459
 31
0.0
  0
LINE
  5
1A0
330
83
100
AcDbEntity
  8
Edges
100
AcDbLine
 10
-17.53790101339973
 20
-3.986726399794566
 30
0.0
 11
-17.52188717329434
 21
-3.972682638940032
 31
0.0
  0
LINE
  5
1A1
330
83
100
AcDbEntity
  8
Edges
100
AcDbLine
 10
-17.65272510348424
 20
-4.069365288080494
 30
0.0
 11
-17.64823775973312
 21
-4.09192468853519
 31
0.0
  0
LINE
  5
1A2
330
83
100
AcDbEntity
  8
Edges
100
AcDbLine
 10
-17.58004521963534
 20
-4.059722306239297
 30
0.0
 11
-17.5731987077192
 21
-4.039553132521913
 31
0.0
  0
LINE
  5
1A3
330
83
100
AcDbEntity
  8
Edges
100
AcDbLine
 10
-17.55194477425425
 20
-4.002740239899939
 30
0.0
 11
-17.53790101339973
 21
-3.986726399794566
 31
0.0
  0
LINE
  5
1A4
330
83
100
AcDbEntity
  8
Edges
100
AcDbLine
 10
-17.50417725518224
 20
-3.960849249978213
 30
0.0
 11
-17.48507428067236
 21
-3.951428705475084
 31
0.0
  0
LINE
  5
1A5
330
83
100
AcDbEntity
  8
Edges
100
AcDbLine
 10
-17.52188717329434
 20
-3.972682638940032
 30
0.0
 11
-17.50417725518224
 21
-3.960849249978213
 31
0.0
  0
LINE
  5
1A6
330
83
100
AcDbEntity
  8
Edges
100
AcDbLine
 10
-17.67029189373201
 20
-4.026955304816947
 30
0.0
 11
-17.66011865002761
 21
-4.047584602317026
 31
0.0
  0
LINE
  5
1A7
330
83
100
AcDbEntity
  8
Edges
100
AcDbLine
 10
-17.58420055324734
 20
-4.080612579009962
 30
0.0
 11
-17.58004521963534
 21
-4.059722306239297
 31
0.0
  0
LINE
  5
1A8
330
83
100
AcDbEntity
  8
Edges
100
AcDbLine
 10
-17.48507428067236
 20
-3.951428705475084
 30
0.0
 11
-17.46490510695497
 21
-3.944582193558961
 31
0.0
  0
LINE
  5
1A9
330
83
100
AcDbEntity
  8
Edges
100
AcDbLine
 10
-17.46490510695497
 20
-3.944582193558961
 30
0.0
 11
-17.44401483418431
 21
-3.940426859946942
 31
0.0
  0
LINE
  5
1AA
330
83
100
AcDbEntity
  8
Edges
100
AcDbLine
 10
-17.79962428345598
 20
-3.940538164812341
 30
0.0
 11
-17.77706488300129
 21
-3.94502550856345
 31
0.0
  0
LINE
  5
1AB
330
83
100
AcDbEntity
  8
Edges
100
AcDbLine
 10
-17.71552996350078
 20
-3.975371172656327
 30
0.0
 11
-17.69823662148843
 21
-3.99053702656764
 31
0.0
  0
LINE
  5
1AC
330
83
100
AcDbEntity
  8
Edges
100
AcDbLine
 10
-17.82257640100548
 20
-3.939033803549204
 30
0.0
 11
-17.79962428345598
 21
-3.940538164812341
 31
0.0
  0
LINE
  5
1AD
330
83
100
AcDbEntity
  8
Edges
100
AcDbLine
 10
-20.18475595348659
 20
-3.952088773782559
 30
0.0
 11
-20.13560261554386
 21
-3.942311566967756
 31
0.0
  0
LINE
  5
1AE
330
83
100
AcDbEntity
  8
Edges
100
AcDbLine
 10
-20.45567251505918
 20
-4.223005335355157
 30
0.0
 11
-20.4395631555675
 21
-4.175548692608547
 31
0.0
  0
LINE
  5
1AF
330
83
100
AcDbEntity
  8
Edges
100
AcDbLine
 10
-20.08559360964509
 20
-3.939033803549204
 30
0.0
 11
-17.82257640100548
 21
-3.939033803549204
 31
0.0
  0
LINE
  5
1B0
330
83
100
AcDbEntity
  8
Edges
100
AcDbLine
 10
-20.46872748529256
 20
-4.322167679196656
 30
0.0
 11
-20.46544972187399
 21
-4.272158673297884
 31
0.0
  0
LINE
  5
1B1
330
83
100
AcDbEntity
  8
Edges
100
AcDbLine
 10
-17.6830707675771
 20
-4.007830368580005
 30
0.0
 11
-17.67029189373201
 21
-4.026955304816947
 31
0.0
  0
LINE
  5
1B2
330
83
100
AcDbEntity
  8
Edges
100
AcDbLine
 10
-20.13560261554386
 20
-3.942311566967756
 30
0.0
 11
-20.08559360964509
 21
-3.939033803549204
 31
0.0
  0
LINE
  5
1B3
330
83
100
AcDbEntity
  8
Edges
100
AcDbLine
 10
-20.38955414966872
 20
-4.088930553555865
 30
0.0
 11
-20.35651017121768
 21
-4.051251117624058
 31
0.0
  0
LINE
  5
1B4
330
83
100
AcDbEntity
  8
Edges
100
AcDbLine
 10
-20.31883073528587
 20
-4.018207139173025
 30
0.0
 11
-20.27716054746881
 21
-3.990364009835577
 31
0.0
  0
LINE
  5
1B5
330
83
100
AcDbEntity
  8
Edges
100
AcDbLine
 10
-17.64823775973312
 20
-4.09192468853519
 30
0.0
 11
-17.64673339846999
 21
-4.114876806084691
 31
0.0
  0
LINE
  5
1B6
330
83
100
AcDbEntity
  8
Edges
100
AcDbLine
 10
-17.42276090071937
 20
-3.939033803549204
 30
0.0
 11
-16.58559360964509
 21
-3.939033803549204
 31
0.0
  0
LINE
  5
1B7
330
83
100
AcDbEntity
  8
Edges
100
AcDbLine
 10
2.452532357227113
 20
-3.93903380354921
 30
0.0
 11
5.452532357227113
 21
-3.939033803549211
 31
0.0
  0
LINE
  5
1B8
330
83
100
AcDbEntity
  8
Edges
100
AcDbLine
 10
-17.56377816321608
 20
-4.020450158012057
 30
0.0
 11
-17.55194477425425
 21
-4.002740239899939
 31
0.0
  0
LINE
  5
1B9
330
83
100
AcDbEntity
  8
Edges
100
AcDbLine
 10
-20.27716054746881
 20
-3.990364009835577
 30
0.0
 11
-20.23221259623318
 21
-3.968198133274253
 31
0.0
  0
LINE
  5
1BA
330
83
100
AcDbEntity
  8
Edges
100
AcDbLine
 10
-17.69823662148843
 20
-3.99053702656764
 30
0.0
 11
-17.6830707675771
 21
-4.007830368580005
 31
0.0
  0
LINE
  5
1BB
330
83
100
AcDbEntity
  8
Edges
100
AcDbLine
 10
-17.44401483418431
 20
-3.940426859946942
 30
0.0
 11
-17.42276090071937
 21
-3.939033803549204
 31
0.0
  0
LINE
  5
1BC
330
83
100
AcDbEntity
  8
Edges
100
AcDbLine
 10
-17.77706488300129
 20
-3.94502550856345
 30
0.0
 11
-17.75528419723781
 21
-3.952419055106826
 31
0.0
  0
LINE
  5
1BD
330
83
100
AcDbEntity
  8
Edges
100
AcDbLine
 10
-20.4395631555675
 20
-4.175548692608547
 30
0.0
 11
-20.41739727900617
 21
-4.130600741372933
 31
0.0
  0
LINE
  5
1BE
330
83
100
AcDbEntity
  8
Edges
100
AcDbLine
 10
-17.73465489973773
 20
-3.962592298811227
 30
0.0
 11
-17.71552996350078
 21
-3.975371172656327
 31
0.0
  0
LINE
  5
1BF
330
83
100
AcDbEntity
  8
Edges
100
AcDbLine
 10
-17.75528419723781
 20
-3.952419055106826
 30
0.0
 11
-17.73465489973773
 21
-3.962592298811227
 31
0.0
  0
LINE
  5
1C0
330
83
100
AcDbEntity
  8
Edges
100
AcDbLine
 10
-20.23221259623318
 20
-3.968198133274253
 30
0.0
 11
-20.18475595348659
 21
-3.952088773782559
 31
0.0
  0
LINE
  5
1C1
330
83
100
AcDbEntity
  8
Edges
100
AcDbLine
 10
-20.41739727900617
 20
-4.130600741372933
 30
0.0
 11
-20.38955414966872
 21
-4.088930553555865
 31
0.0
  0
LINE
  5
1C2
330
83
100
AcDbEntity
  8
Edges
100
AcDbLine
 10
-20.35651017121768
 20
-4.051251117624058
 30
0.0
 11
-20.31883073528587
 21
-4.018207139173025
 31
0.0
  0
LINE
  5
1C3
330
83
100
AcDbEntity
  8
Edges
100
AcDbLine
 10
-20.46544972187399
 20
-4.272158673297884
 30
0.0
 11
-20.45567251505918
 21
-4.223005335355157
 31
0.0
  0
LINE
  5
1C4
330
83
100
AcDbEntity
  8
Edges
100
AcDbLine
 10
-20.34757328991836
 20
-6.21776163564311
 30
0.0
 11
-19.93825192004016
 21
-6.626858467444112
 31
0.0
  0
LINE
  5
1C5
330
83
100
AcDbEntity
  8
Edges
100
AcDbLine
 10
-20.41732403820498
 20
-6.126062032640422
 30
0.0
 11
-20.42815556529991
 21
-6.105647253993158
 31
0.0
  0
LINE
  5
1C6
330
83
100
AcDbEntity
  8
Edges
100
AcDbLine
 10
-20.45381388311233
 20
-6.041311998219409
 30
0.0
 11
-20.46000429455848
 21
-6.019046240371256
 31
0.0
  0
LINE
  5
1C7
330
83
100
AcDbEntity
  8
Edges
100
AcDbLine
 10
-20.43786613646003
 20
-6.084676083921625
 30
0.0
 11
-20.44642727709225
 21
-6.063210016803946
 31
0.0
  0
LINE
  5
1C8
330
83
100
AcDbEntity
  8
Edges
100
AcDbLine
 10
-20.34757328991836
 20
-6.21776163564311
 30
0.0
 11
-20.37843720424433
 21
-6.183378597025896
 31
0.0
  0
LINE
  5
1C9
330
83
100
AcDbEntity
  8
Edges
100
AcDbLine
 10
-20.44642727709225
 20
-6.063210016803946
 30
0.0
 11
-20.45381388311233
 21
-6.041311998219409
 31
0.0
  0
LINE
  5
1CA
330
83
100
AcDbEntity
  8
Edges
100
AcDbLine
 10
-20.46000429455848
 20
-6.019046240371256
 30
0.0
 11
-20.46498035910531
 21
-5.996478033795401
 31
0.0
  0
LINE
  5
1CB
330
83
100
AcDbEntity
  8
Edges
100
AcDbLine
 10
-20.40540331678039
 20
-6.145860557008209
 30
0.0
 11
-20.41732403820498
 21
-6.126062032640422
 31
0.0
  0
LINE
  5
1CC
330
83
100
AcDbEntity
  8
Edges
100
AcDbLine
 10
-20.37843720424433
 20
-6.183378597025896
 30
0.0
 11
-20.39242835650776
 21
-6.164984771301849
 31
0.0
  0
LINE
  5
1CD
330
83
100
AcDbEntity
  8
Edges
100
AcDbLine
 10
-20.46498035910531
 20
-5.996478033795401
 30
0.0
 11
-20.46872748529256
 21
-5.973673555907016
 31
0.0
  0
LINE
  5
1CE
330
83
100
AcDbEntity
  8
Edges
100
AcDbLine
 10
-20.39242835650776
 20
-6.164984771301849
 30
0.0
 11
-20.40540331678039
 21
-6.145860557008209
 31
0.0
  0
LINE
  5
1CF
330
83
100
AcDbEntity
  8
Edges
100
AcDbLine
 10
-20.42815556529991
 20
-6.105647253993158
 30
0.0
 11
-20.43786613646003
 21
-6.084676083921625
 31
0.0
  0
LINE
  5
1D0
330
83
100
AcDbEntity
  8
Edges
100
AcDbLine
 10
-21.29953586959505
 20
-10.12054366168327
 30
0.0
 11
-21.29419697893576
 21
-10.17996351158942
 31
0.0
  0
LINE
  5
1D1
330
83
100
AcDbEntity
  8
Edges
100
AcDbLine
 10
-21.28179974780483
 20
-10.31067223294583
 30
0.0
 11
-21.26554721729974
 21
-10.47542744310291
 31
0.0
  0
LINE
  5
1D2
330
83
100
AcDbEntity
  8
Edges
100
AcDbLine
 10
-21.26554721729974
 20
-10.47542744310291
 30
0.0
 11
-21.2488261410553
 21
-10.56513809513973
 31
0.0
  0
LINE
  5
1D3
330
83
100
AcDbEntity
  8
Edges
100
AcDbLine
 10
-21.2488261410553
 20
-10.56513809513973
 30
0.0
 11
-21.20216917608875
 21
-10.80912641118608
 31
0.0
  0
LINE
  5
1D4
330
83
100
AcDbEntity
  8
Edges
100
AcDbLine
 10
-21.29419697893576
 20
-10.17996351158942
 30
0.0
 11
-21.28179974780483
 21
-10.31067223294583
 31
0.0
  0
LINE
  5
1D5
330
83
100
AcDbEntity
  8
Edges
100
AcDbLine
 10
-21.30020662182596
 20
-10.10414209253882
 30
0.0
 11
-21.29953586959505
 21
-10.12054366168327
 31
0.0
  0
LINE
  5
1D6
330
83
100
AcDbEntity
  8
Edges
100
AcDbLine
 10
-21.30199106586417
 20
-10.0577085694711
 30
0.0
 11
-21.30020662182596
 21
-10.10414209253882
 31
0.0
  0
LINE
  5
1D7
330
83
100
AcDbEntity
  8
Edges
100
AcDbLine
 10
-20.24087267403732
 20
-10.90092012257464
 30
0.0
 11
-19.93825192004016
 21
-10.90092028944743
 31
0.0
  0
LINE
  5
1D8
330
83
100
AcDbEntity
  8
Edges
100
AcDbLine
 10
-20.2788334173787
 20
-10.88695074880129
 30
0.0
 11
-20.26107074513408
 21
-10.89731921584607
 31
0.0
  0
LINE
  5
1D9
330
83
100
AcDbEntity
  8
Edges
100
AcDbLine
 10
-20.26107074513408
 20
-10.89731921584607
 30
0.0
 11
-20.24087267403732
 21
-10.90092012257464
 31
0.0
  0
LINE
  5
1DA
330
83
100
AcDbEntity
  8
Edges
100
AcDbLine
 10
-20.29992719461595
 20
-10.86223760435581
 30
0.0
 11
-20.29201604994623
 21
-10.87106543605617
 31
0.0
  0
LINE
  5
1DB
330
83
100
AcDbEntity
  8
Edges
100
AcDbLine
 10
-21.08732936693588
 20
-10.90091965581684
 30
0.0
 11
-20.94953409134772
 21
-10.90091973180067
 31
0.0
  0
LINE
  5
1DC
330
83
100
AcDbEntity
  8
Edges
100
AcDbLine
 10
-20.94953409134772
 20
-10.90091973180067
 30
0.0
 11
-20.92933602025155
 21
-10.89731884734756
 31
0.0
  0
LINE
  5
1DD
330
83
100
AcDbEntity
  8
Edges
100
AcDbLine
 10
-20.91157454948805
 20
-10.88695039989171
 30
0.0
 11
-20.89839191692314
 21
-10.87106510168507
 31
0.0
  0
LINE
  5
1DE
330
83
100
AcDbEntity
  8
Edges
100
AcDbLine
 10
-20.92933602025155
 20
-10.89731884734756
 30
0.0
 11
-20.91157454948805
 21
-10.88695039989171
 31
0.0
  0
LINE
  5
1DF
330
83
100
AcDbEntity
  8
Edges
100
AcDbLine
 10
-20.29201604994623
 20
-10.87106543605617
 30
0.0
 11
-20.2788334173787
 21
-10.88695074880129
 31
0.0
  0
LINE
  5
1E0
330
83
100
AcDbEntity
  8
Edges
100
AcDbLine
 10
-20.89839191692314
 20
-10.87106510168507
 30
0.0
 11
-20.89047897324167
 21
-10.86223661193914
 31
0.0
  0
LINE
  5
1E1
330
83
100
AcDbEntity
  8
Edges
100
AcDbLine
 10
-21.18983013057465
 20
-10.83486388374135
 30
0.0
 11
-21.17910677797073
 21
-10.85666916395133
 31
0.0
  0
LINE
  5
1E2
330
83
100
AcDbEntity
  8
Edges
100
AcDbLine
 10
-21.13816876854148
 20
-10.88929081673128
 30
0.0
 11
-21.08732936693588
 21
-10.90091965581684
 31
0.0
  0
LINE
  5
1E3
330
83
100
AcDbEntity
  8
Edges
100
AcDbLine
 10
-21.17910677797073
 20
-10.85666916395133
 30
0.0
 11
-21.13816876854148
 21
-10.88929081673128
 31
0.0
  0
LINE
  5
1E4
330
83
100
AcDbEntity
  8
Edges
100
AcDbLine
 10
-21.20216917608875
 20
-10.80912641118608
 30
0.0
 11
-21.18983013057465
 21
-10.83486388374135
 31
0.0
  0
LINE
  5
1E5
330
83
100
AcDbEntity
  8
Edges
100
AcDbLine
 10
-20.89047897319492
 20
-8.803232325153476
 30
0.0
 11
-20.89839191687727
 21
-8.794403835408076
 31
0.0
  0
LINE
  5
1E6
330
83
100
AcDbEntity
  8
Edges
100
AcDbLine
 10
-21.17910677792341
 20
-8.808799773160348
 30
0.0
 11
-21.18983013052517
 21
-8.83060505337103
 31
0.0
  0
LINE
  5
1E7
330
83
100
AcDbEntity
  8
Edges
100
AcDbLine
 10
-21.26554721721453
 20
-9.190041494014476
 30
0.0
 11
-21.28179974770325
 21
-9.354796704172628
 31
0.0
  0
LINE
  5
1E8
330
83
100
AcDbEntity
  8
Edges
100
AcDbLine
 10
-21.18983013052517
 20
-8.83060505337103
 30
0.0
 11
-21.2021691760367
 21
-8.856342525927122
 31
0.0
  0
LINE
  5
1E9
330
83
100
AcDbEntity
  8
Edges
100
AcDbLine
 10
-20.29201604990033
 20
-8.794403500996933
 30
0.0
 11
-20.29992719453301
 21
-8.803231332657462
 31
0.0
  0
LINE
  5
1EA
330
83
100
AcDbEntity
  8
Edges
100
AcDbLine
 10
-21.30020662170386
 20
-9.561326844580852
 30
0.0
 11
-21.30199106573744
 21
-9.607760367648689
 31
0.0
  0
LINE
  5
1EB
330
83
100
AcDbEntity
  8
Edges
100
AcDbLine
 10
-21.29419697882119
 20
-9.485505425529854
 30
0.0
 11
-21.29953586947457
 21
-9.544925275436353
 31
0.0
  0
LINE
  5
1EC
330
83
100
AcDbEntity
  8
Edges
100
AcDbLine
 10
-21.29953586947457
 20
-9.544925275436353
 30
0.0
 11
-21.30020662170386
 21
-9.561326844580852
 31
0.0
  0
LINE
  5
1ED
330
83
100
AcDbEntity
  8
Edges
100
AcDbLine
 10
-21.13816876849739
 20
-8.776178120377691
 30
0.0
 11
-21.17910677792341
 21
-8.808799773160348
 31
0.0
  0
LINE
  5
1EE
330
83
100
AcDbEntity
  8
Edges
100
AcDbLine
 10
-21.24882614097902
 20
-9.100330841976543
 30
0.0
 11
-21.26554721721453
 21
-9.190041494014476
 31
0.0
  0
LINE
  5
1EF
330
83
100
AcDbEntity
  8
Edges
100
AcDbLine
 10
-21.08732936689293
 20
-8.764549281288774
 30
0.0
 11
-21.13816876849739
 21
-8.776178120377691
 31
0.0
  0
LINE
  5
1F0
330
83
100
AcDbEntity
  8
Edges
100
AcDbLine
 10
-21.2021691760367
 20
-8.856342525927122
 30
0.0
 11
-21.24882614097902
 21
-9.100330841976543
 31
0.0
  0
LINE
  5
1F1
330
83
100
AcDbEntity
  8
Edges
100
AcDbLine
 10
-21.28179974770325
 20
-9.354796704172628
 30
0.0
 11
-21.29419697882119
 21
-9.485505425529854
 31
0.0
  0
LINE
  5
1F2
330
83
100
AcDbEntity
  8
Edges
100
AcDbLine
 10
-20.24087267399441
 20
-8.764548814475094
 30
0.0
 11
-20.26107074509082
 21
-8.768149721205
 31
0.0
  0
LINE
  5
1F3
330
83
100
AcDbEntity
  8
Edges
100
AcDbLine
 10
-20.2788334173344
 20
-8.778518188250945
 30
0.0
 11
-20.29201604990033
 21
-8.794403500996933
 31
0.0
  0
LINE
  5
1F4
330
83
100
AcDbEntity
  8
Edges
100
AcDbLine
 10
-19.93825192004016
 20
-8.764548647582319
 30
0.0
 11
-20.24087267399441
 21
-8.764548814475094
 31
0.0
  0
LINE
  5
1F5
330
83
100
AcDbEntity
  8
Edges
100
AcDbLine
 10
-20.26107074509082
 20
-8.768149721205
 30
0.0
 11
-20.2788334173344
 21
-8.778518188250945
 31
0.0
  0
LINE
  5
1F6
330
83
100
AcDbEntity
  8
Edges
100
AcDbLine
 10
-20.89839191687727
 20
-8.794403835408076
 30
0.0
 11
-20.91157454944374
 21
-8.778518537202305
 31
0.0
  0
LINE
  5
1F7
330
83
100
AcDbEntity
  8
Edges
100
AcDbLine
 10
-20.91157454944374
 20
-8.778518537202305
 30
0.0
 11
-20.92933602020827
 21
-8.768150089747626
 31
0.0
  0
LINE
  5
1F8
330
83
100
AcDbEntity
  8
Edges
100
AcDbLine
 10
-20.9495340913048
 20
-8.76454920529585
 30
0.0
 11
-21.08732936689293
 21
-8.764549281288774
 31
0.0
  0
LINE
  5
1F9
330
83
100
AcDbEntity
  8
Edges
100
AcDbLine
 10
-20.92933602020827
 20
-8.768150089747626
 30
0.0
 11
-20.9495340913048
 21
-8.76454920529585
 31
0.0
  0
LINE
  5
1FA
330
83
100
AcDbEntity
  8
Edges
100
AcDbLine
 10
-20.34178680595431
 20
-10.88248605532308
 30
0.0
 11
-20.29992779214817
 21
-10.88101696065538
 31
0.0
  0
LINE
  5
1FB
330
83
100
AcDbEntity
  8
Edges
100
AcDbLine
 10
-20.89047897324167
 20
-10.86223661193914
 30
0.0
 11
-20.8904789732409
 21
-10.87162662347478
 31
0.0
  0
LINE
  5
1FC
330
83
100
AcDbEntity
  8
Edges
100
AcDbLine
 10
-20.8904789732409
 20
-10.87162662347478
 30
0.0
 11
-20.34178680595431
 21
-10.88248605532308
 31
0.0
  0
LINE
  5
1FD
330
83
100
AcDbEntity
  8
Edges
100
AcDbLine
 10
-20.29992779210326
 20
-8.784451976398248
 30
0.0
 11
-20.34178680590958
 21
-8.782982881733307
 31
0.0
  0
LINE
  5
1FE
330
83
100
AcDbEntity
  8
Edges
100
AcDbLine
 10
-20.34178680590958
 20
-8.782982881733307
 30
0.0
 11
-20.89047897319509
 21
-8.793842313617844
 31
0.0
  0
LINE
  5
1FF
330
83
100
AcDbEntity
  8
Edges
100
AcDbLine
 10
-20.89047897319509
 20
-8.793842313617844
 30
0.0
 11
-20.89047897319492
 21
-8.803232325153476
 31
0.0
  0
LINE
  5
200
330
83
100
AcDbEntity
  8
Edges
100
AcDbLine
 10
-8.814626438576851
 20
-1.480183714754518
 30
0.0
 11
-13.03332604442156
 21
-3.923001261718486
 31
0.0
  0
LINE
  5
201
330
83
100
AcDbEntity
  8
Edges
100
AcDbLine
 10
1.818950771611923
 20
4.599787050509638
 30
0.0
 11
1.335890664091692
 21
4.322589211452881
 31
0.0
  0
LINE
  5
202
330
83
100
AcDbEntity
  8
Edges
100
AcDbLine
 10
-3.82340297166246
 20
1.361994816209066
 30
0.0
 11
-3.667867672374541
 21
1.09095050124301
 31
0.0
  0
LINE
  5
203
330
83
100
AcDbEntity
  8
Edges
100
AcDbLine
 10
-3.667867672374541
 20
1.09095050124301
 30
0.0
 11
-3.630643808490646
 21
1.000409100139687
 31
0.0
  0
LINE
  5
204
330
83
100
AcDbEntity
  8
Edges
100
AcDbLine
 10
-3.630643808490646
 20
1.000409100139687
 30
0.0
 11
-3.618122155986725
 21
0.9033185775601388
 31
0.0
  0
LINE
  5
205
330
83
100
AcDbEntity
  8
Edges
100
AcDbLine
 10
-3.618122155986725
 20
0.9033185775601388
 30
0.0
 11
-3.631156044787928
 21
0.8062954921684699
 31
0.0
  0
LINE
  5
206
330
83
100
AcDbEntity
  8
Edges
100
AcDbLine
 10
-3.668857236911946
 20
0.7159518068959124
 30
0.0
 11
-3.728656458419692
 21
0.6384442945937785
 31
0.0
  0
LINE
  5
207
330
83
100
AcDbEntity
  8
Edges
100
AcDbLine
 10
-3.728656458419692
 20
0.6384442945937785
 30
0.0
 11
-3.806478491188329
 21
0.5790549641382477
 31
0.0
  0
LINE
  5
208
330
83
100
AcDbEntity
  8
Edges
100
AcDbLine
 10
5.206830955301626
 20
-3.9230012617185
 30
0.0
 11
-5.478599301000457
 21
-3.9230012617185
 31
0.0
  0
LINE
  5
209
330
83
100
AcDbEntity
  8
Edges
100
AcDbLine
 10
-7.401486502988802
 20
-3.9230012617185
 30
0.0
 11
-13.03332604442156
 21
-3.923001261718486
 31
0.0
  0
LINE
  5
20A
330
83
100
AcDbEntity
  8
Edges
100
AcDbLine
 10
-3.897019892291666
 20
0.5418311002543384
 30
0.0
 11
-3.994110414871215
 21
0.5293094477504177
 31
0.0
  0
LINE
  5
20B
330
83
100
AcDbEntity
  8
Edges
100
AcDbLine
 10
-4.091133500262884
 20
0.5423433365516069
 30
0.0
 11
-4.181477185535442
 21
0.5800445286756251
 31
0.0
  0
LINE
  5
20C
330
83
100
AcDbEntity
  8
Edges
100
AcDbLine
 10
-4.181477185535442
 20
0.5800445286756251
 30
0.0
 11
-4.231824576725159
 21
0.6188889543147232
 31
0.0
  0
LINE
  5
20D
330
83
100
AcDbEntity
  8
Edges
100
AcDbLine
 10
-16.58559360964509
 20
-3.939033803549204
 30
0.0
 11
-7.390773901025966
 21
-3.939033803549207
 31
0.0
  0
LINE
  5
20E
330
83
100
AcDbEntity
  8
Edges
100
AcDbLine
 10
-5.506368478025734
 20
-3.939033803549207
 30
0.0
 11
2.452532357227113
 21
-3.93903380354921
 31
0.0
  0
LINE
  5
20F
330
83
100
AcDbEntity
  8
Edges
100
AcDbLine
 10
-17.96872748529256
 20
-13.88588407710203
 30
0.0
 11
-17.70494723684584
 21
-13.88588407710203
 31
0.0
  0
LINE
  5
210
330
83
100
AcDbEntity
  8
Edges
100
AcDbLine
 10
-17.96872748529256
 20
-14.4956280514423
 30
0.0
 11
-17.70494723684584
 21
-14.4956280514423
 31
0.0
  0
LINE
  5
211
330
83
100
AcDbEntity
  8
Edges
100
AcDbLine
 10
-16.58559360964509
 20
-3.939033803549204
 30
0.0
 11
-16.58559360964509
 21
-4.001533803549204
 31
0.0
  0
LINE
  5
212
330
83
100
AcDbEntity
  8
Edges
100
AcDbLine
 10
1.702532357227141
 20
-7.29065093998612
 30
0.0
 11
1.702532357227141
 21
-7.314033803549209
 31
0.0
  0
LINE
  5
213
330
83
100
AcDbEntity
  8
Edges
100
AcDbLine
 10
1.662105598873608
 20
-7.314033803549209
 30
0.0
 11
1.702532357227141
 21
-7.314033803549209
 31
0.0
  0
LINE
  5
214
330
83
100
AcDbEntity
  8
Edges
100
AcDbLine
 10
-16.52588622175142
 20
-12.34145406248952
 30
0.0
 11
-16.60927490323826
 21
-12.29629525574124
 31
0.0
  0
LINE
  5
215
330
83
100
AcDbEntity
  8
Edges
100
AcDbLine
 10
-16.75286491423418
 20
-12.17311507659585
 30
0.0
 11
-16.81018329379404
 21
-12.0975666492844
 31
0.0
  0
LINE
  5
216
330
83
100
AcDbEntity
  8
Edges
100
AcDbLine
 10
-16.43695211184584
 20
-12.37437369841241
 30
0.0
 11
-16.52588622175142
 21
-12.34145406248952
 31
0.0
  0
LINE
  5
217
330
83
100
AcDbEntity
  8
Edges
100
AcDbLine
 10
-16.68544389468758
 20
-12.23980439515515
 30
0.0
 11
-16.75286491423418
 21
-12.17311507659585
 31
0.0
  0
LINE
  5
218
330
83
100
AcDbEntity
  8
Edges
100
AcDbLine
 10
-16.2496648938571
 20
-12.40111202291567
 30
0.0
 11
-16.3442579719898
 21
-12.39439365018022
 31
0.0
  0
LINE
  5
219
330
83
100
AcDbEntity
  8
Edges
100
AcDbLine
 10
-16.3442579719898
 20
-12.39439365018022
 30
0.0
 11
-16.43695211184584
 21
-12.37437369841241
 31
0.0
  0
LINE
  5
21A
330
83
100
AcDbEntity
  8
Edges
100
AcDbLine
 10
-17.77136745752591
 20
-10.05219798913103
 30
0.0
 11
-17.84403413636755
 21
-9.953092754909821
 31
0.0
  0
LINE
  5
21B
330
83
100
AcDbEntity
  8
Edges
100
AcDbLine
 10
-17.94909510424097
 20
-9.88933985213546
 30
0.0
 11
-17.96872748529256
 21
-9.8863181422837
 31
0.0
  0
LINE
  5
21C
330
83
100
AcDbEntity
  8
Edges
100
AcDbLine
 10
-17.84403413636755
 20
-9.953092754909821
 30
0.0
 11
-17.94909510424097
 21
-9.88933985213546
 31
0.0
  0
LINE
  5
21D
330
83
100
AcDbEntity
  8
Edges
100
AcDbLine
 10
-16.2496648938571
 20
-13.03103328275819
 30
0.0
 11
-16.43328639803249
 21
-13.01799182402757
 31
0.0
  0
LINE
  5
21E
330
83
100
AcDbEntity
  8
Edges
100
AcDbLine
 10
-16.43328639803249
 20
-13.01799182402757
 30
0.0
 11
-16.61322236398351
 21
-12.97912967072648
 31
0.0
  0
LINE
  5
21F
330
83
100
AcDbEntity
  8
Edges
100
AcDbLine
 10
-17.22646468604921
 20
-12.58845120489079
 30
0.0
 11
-17.33773009382173
 21
-12.44179802202754
 31
0.0
  0
LINE
  5
220
330
83
100
AcDbEntity
  8
Edges
100
AcDbLine
 10
-17.96872748529256
 20
-11.11947813372059
 30
0.0
 11
-17.42715080290605
 21
-12.28089168840457
 31
0.0
  0
LINE
  5
221
330
83
100
AcDbEntity
  8
Edges
100
AcDbLine
 10
-16.60927490323826
 20
-12.29629525574124
 30
0.0
 11
-16.68544389468758
 21
-12.23980439515515
 31
0.0
  0
LINE
  5
222
330
83
100
AcDbEntity
  8
Edges
100
AcDbLine
 10
-17.33773009382173
 20
-12.44179802202754
 30
0.0
 11
-17.42715080290605
 21
-12.28089168840457
 31
0.0
  0
LINE
  5
223
330
83
100
AcDbEntity
  8
Edges
100
AcDbLine
 10
-16.2496648938571
 20
-13.03103328275819
 30
0.0
 11
-1.170265146323743
 21
-13.03103328275818
 31
0.0
  0
LINE
  5
224
330
83
100
AcDbEntity
  8
Edges
100
AcDbLine
 10
-16.2496648938571
 20
-12.40111202291567
 30
0.0
 11
-1.170265146323743
 21
-12.40111202291566
 31
0.0
  0
LINE
  5
225
330
83
100
AcDbEntity
  8
Edges
100
AcDbLine
 10
-16.61322236398351
 20
-12.97912967072648
 30
0.0
 11
-16.78585874151335
 21
-12.9152265830204
 31
0.0
  0
LINE
  5
226
330
83
100
AcDbEntity
  8
Edges
100
AcDbLine
 10
-17.09558933137248
 20
-12.7179064108532
 30
0.0
 11
-16.94773106461713
 21
-12.82756544059607
 31
0.0
  0
LINE
  5
227
330
83
100
AcDbEntity
  8
Edges
100
AcDbLine
 10
-17.22646468604921
 20
-12.58845120489079
 30
0.0
 11
-17.09558933137248
 21
-12.7179064108532
 31
0.0
  0
LINE
  5
228
330
83
100
AcDbEntity
  8
Edges
100
AcDbLine
 10
1.356650899157784
 20
-13.01424789390176
 30
0.0
 11
1.376319117815512
 21
-12.98015381181284
 31
0.0
  0
LINE
  5
229
330
83
100
AcDbEntity
  8
Edges
100
AcDbLine
 10
1.395178140061148
 20
-13.0116484931036
 30
0.0
 11
1.415689196555661
 21
-12.98015381181284
 31
0.0
  0
LINE
  5
22A
330
83
100
AcDbEntity
  8
Edges
100
AcDbLine
 10
1.375914819979328
 20
-12.41518693419842
 30
0.0
 11
1.396004157185586
 21
-12.44865774882071
 31
0.0
  0
LINE
  5
22B
330
83
100
AcDbEntity
  8
Edges
100
AcDbLine
 10
1.416582496529514
 20
-12.41760371011962
 30
0.0
 11
1.435374235925735
 21
-12.44865774882071
 31
0.0
  0
LINE
  5
22C
330
83
100
AcDbEntity
  8
Edges
100
AcDbLine
 10
1.277893920965112
 20
-12.44865774882071
 30
0.0
 11
1.297629422472255
 21
-12.41457237745783
 31
0.0
  0
LINE
  5
22D
330
83
100
AcDbEntity
  8
Edges
100
AcDbLine
 10
1.160643343293799
 20
-13.01143222680192
 30
0.0
 11
1.179468724114713
 21
-12.98015381181284
 31
0.0
  0
LINE
  5
22E
330
83
100
AcDbEntity
  8
Edges
100
AcDbLine
 10
1.199170584197162
 20
-13.01424789390176
 30
0.0
 11
1.218838802854889
 21
-12.98015381181284
 31
0.0
  0
LINE
  5
22F
330
83
100
AcDbEntity
  8
Edges
100
AcDbLine
 10
1.179907264115342
 20
-12.41529566808898
 30
0.0
 11
1.199153763484815
 21
-12.44865774882071
 31
0.0
  0
LINE
  5
230
330
83
100
AcDbEntity
  8
Edges
100
AcDbLine
 10
1.158502907646948
 20
-13.00800590776972
 30
0.0
 11
1.160643343293799
 21
-13.01143222680192
 31
0.0
  0
LINE
  5
231
330
83
100
AcDbEntity
  8
Edges
100
AcDbLine
 10
1.218434505018706
 20
-12.41518693419842
 30
0.0
 11
1.238523842224964
 21
-12.44865774882071
 31
0.0
  0
LINE
  5
232
330
83
100
AcDbEntity
  8
Edges
100
AcDbLine
 10
1.237697825100525
 20
-13.0116484931036
 30
0.0
 11
1.258208881595038
 21
-12.98015381181284
 31
0.0
  0
LINE
  5
233
330
83
100
AcDbEntity
  8
Edges
100
AcDbLine
 10
1.259102181568891
 20
-12.41760371011962
 30
0.0
 11
1.277893920965112
 21
-12.44865774882071
 31
0.0
  0
LINE
  5
234
330
83
100
AcDbEntity
  8
Edges
100
AcDbLine
 10
1.256961745922069
 20
-12.42048245489078
 30
0.0
 11
1.259102181568891
 21
-12.41760371011962
 31
0.0
  0
LINE
  5
235
330
83
100
AcDbEntity
  8
Edges
100
AcDbLine
 10
1.278366102390435
 20
-13.01339934903756
 30
0.0
 11
1.297578960335187
 21
-12.98015381181284
 31
0.0
  0
LINE
  5
236
330
83
100
AcDbEntity
  8
Edges
100
AcDbLine
 10
1.031830928839127
 20
-12.41371812556622
 30
0.0
 11
1.023041505895292
 21
-12.39550820259547
 31
0.0
  0
LINE
  5
237
330
83
100
AcDbEntity
  8
Edges
100
AcDbLine
 10
1.297629422472255
 20
-12.41457237745783
 30
0.0
 11
1.317263999705289
 21
-12.44865774882071
 31
0.0
  0
LINE
  5
238
330
83
100
AcDbEntity
  8
Edges
100
AcDbLine
 10
1.315983222607599
 20
-13.00800590776972
 30
0.0
 11
1.297578960335187
 21
-12.98015381181284
 31
0.0
  0
LINE
  5
239
330
83
100
AcDbEntity
  8
Edges
100
AcDbLine
 10
1.318123658254421
 20
-13.01143222680192
 30
0.0
 11
1.315983222607599
 21
-13.00800590776972
 31
0.0
  0
LINE
  5
23A
330
83
100
AcDbEntity
  8
Edges
100
AcDbLine
 10
1.031830928839127
 20
-12.44865774882071
 30
0.0
 11
1.159783684744638
 21
-12.44865774882071
 31
0.0
  0
LINE
  5
23B
330
83
100
AcDbEntity
  8
Edges
100
AcDbLine
 10
1.031830928839127
 20
-13.01509343506733
 30
0.0
 11
1.023041505895292
 21
-13.03330335803808
 31
0.0
  0
LINE
  5
23C
330
83
100
AcDbEntity
  8
Edges
100
AcDbLine
 10
1.435374235925735
 20
-12.44865774882071
 30
0.0
 11
1.455109737432877
 21
-12.41457237745783
 31
0.0
  0
LINE
  5
23D
330
83
100
AcDbEntity
  8
Edges
100
AcDbLine
 10
1.415689196555661
 20
-12.98015381181284
 30
0.0
 11
1.435846417351058
 21
-13.01339934903756
 31
0.0
  0
LINE
  5
23E
330
83
100
AcDbEntity
  8
Edges
100
AcDbLine
 10
1.435846417351058
 20
-13.01339934903756
 30
0.0
 11
1.455059275295838
 21
-12.98015381181284
 31
0.0
  0
LINE
  5
23F
330
83
100
AcDbEntity
  8
Edges
100
AcDbLine
 10
1.416582496529514
 20
-12.41760371011962
 30
0.0
 11
1.414442060882691
 21
-12.42048245489078
 31
0.0
  0
LINE
  5
240
330
83
100
AcDbEntity
  8
Edges
100
AcDbLine
 10
1.626319358111402
 20
-12.89353975873244
 30
0.0
 11
1.539705305030992
 21
-12.98015381181284
 31
0.0
  0
LINE
  5
241
330
83
100
AcDbEntity
  8
Edges
100
AcDbLine
 10
1.318123658254421
 20
-13.01143222680192
 30
0.0
 11
1.336949039075363
 21
-12.98015381181284
 31
0.0
  0
LINE
  5
242
330
83
100
AcDbEntity
  8
Edges
100
AcDbLine
 10
1.337387579075965
 20
-12.41529566808898
 30
0.0
 11
1.356634078445438
 21
-12.44865774882071
 31
0.0
  0
LINE
  5
243
330
83
100
AcDbEntity
  8
Edges
100
AcDbLine
 10
1.336949039075363
 20
-12.98015381181284
 30
0.0
 11
1.356650899157784
 21
-13.01424789390176
 31
0.0
  0
LINE
  5
244
330
83
100
AcDbEntity
  8
Edges
100
AcDbLine
 10
1.317263999705289
 20
-12.44865774882071
 30
0.0
 11
1.337387579075965
 21
-12.41529566808898
 31
0.0
  0
LINE
  5
245
330
83
100
AcDbEntity
  8
Edges
100
AcDbLine
 10
1.356634078445438
 20
-12.44865774882071
 30
0.0
 11
1.375914819979328
 21
-12.41518693419842
 31
0.0
  0
LINE
  5
246
330
83
100
AcDbEntity
  8
Edges
100
AcDbLine
 10
1.455109737432877
 20
-12.41457237745783
 30
0.0
 11
1.474744314665912
 21
-12.44865774882071
 31
0.0
  0
LINE
  5
247
330
83
100
AcDbEntity
  8
Edges
100
AcDbLine
 10
1.539705305030992
 20
-12.98015381181284
 30
0.0
 11
1.455059275295838
 21
-12.98015381181284
 31
0.0
  0
LINE
  5
248
330
83
100
AcDbEntity
  8
Edges
100
AcDbLine
 10
1.474744314665912
 20
-12.44865774882071
 30
0.0
 11
1.539705305030992
 21
-12.44865774882071
 31
0.0
  0
LINE
  5
249
330
83
100
AcDbEntity
  8
Edges
100
AcDbLine
 10
1.539705305030992
 20
-12.44865774882071
 30
0.0
 11
1.626319358111402
 21
-12.53527180190112
 31
0.0
  0
LINE
  5
24A
330
83
100
AcDbEntity
  8
Edges
100
AcDbLine
 10
1.140098645374564
 20
-12.98015381181284
 30
0.0
 11
1.031830928839127
 21
-12.98015381181284
 31
0.0
  0
LINE
  5
24B
330
83
100
AcDbEntity
  8
Edges
100
AcDbLine
 10
1.396004157185586
 20
-12.44865774882071
 30
0.0
 11
1.414442060882691
 21
-12.42048245489078
 31
0.0
  0
LINE
  5
24C
330
83
100
AcDbEntity
  8
Edges
100
AcDbLine
 10
1.158502907646948
 20
-13.00800590776972
 30
0.0
 11
1.140098645374564
 21
-12.98015381181284
 31
0.0
  0
LINE
  5
24D
330
83
100
AcDbEntity
  8
Edges
100
AcDbLine
 10
1.159783684744638
 20
-12.44865774882071
 30
0.0
 11
1.179907264115342
 21
-12.41529566808898
 31
0.0
  0
LINE
  5
24E
330
83
100
AcDbEntity
  8
Edges
100
AcDbLine
 10
1.179468724114713
 20
-12.98015381181284
 30
0.0
 11
1.199170584197162
 21
-13.01424789390176
 31
0.0
  0
LINE
  5
24F
330
83
100
AcDbEntity
  8
Edges
100
AcDbLine
 10
1.199153763484815
 20
-12.44865774882071
 30
0.0
 11
1.218434505018706
 21
-12.41518693419842
 31
0.0
  0
LINE
  5
250
330
83
100
AcDbEntity
  8
Edges
100
AcDbLine
 10
1.218838802854889
 20
-12.98015381181284
 30
0.0
 11
1.237697825100525
 21
-13.0116484931036
 31
0.0
  0
LINE
  5
251
330
83
100
AcDbEntity
  8
Edges
100
AcDbLine
 10
1.238523842224964
 20
-12.44865774882071
 30
0.0
 11
1.256961745922069
 21
-12.42048245489078
 31
0.0
  0
LINE
  5
252
330
83
100
AcDbEntity
  8
Edges
100
AcDbLine
 10
1.258208881595038
 20
-12.98015381181284
 30
0.0
 11
1.278366102390435
 21
-13.01339934903756
 31
0.0
  0
LINE
  5
253
330
83
100
AcDbEntity
  8
Edges
100
AcDbLine
 10
1.376319117815512
 20
-12.98015381181284
 30
0.0
 11
1.395178140061148
 21
-13.0116484931036
 31
0.0
  0
LINE
  5
254
330
83
100
AcDbEntity
  8
Edges
100
AcDbLine
 10
0.8410651499962682
 20
-12.40111202291566
 30
0.0
 11
0.8437699580821913
 21
-12.39550820259547
 31
0.0
  0
LINE
  5
255
330
83
100
AcDbEntity
  8
Edges
100
AcDbLine
 10
0.2076876095817681
 20
-12.3526571058965
 30
0.0
 11
-1.170265146323743
 21
-12.35265710589651
 31
0.0
  0
LINE
  5
256
330
83
100
AcDbEntity
  8
Edges
100
AcDbLine
 10
0.1289474521014426
 20
-11.76997982039423
 30
0.0
 11
0.1590799560615324
 21
-11.77597370101907
 31
0.0
  0
LINE
  5
257
330
83
100
AcDbEntity
  8
Edges
100
AcDbLine
 10
-0.2206073757313618
 20
-12.04079389000699
 30
0.0
 11
-0.2589249584700326
 21
-12.01519096358751
 31
0.0
  0
LINE
  5
258
330
83
100
AcDbEntity
  8
Edges
100
AcDbLine
 10
-1.170265146323743
 20
-13.07706631441951
 30
0.0
 11
0.2076876095817681
 21
-13.07706631441951
 31
0.0
  0
LINE
  5
259
330
83
100
AcDbEntity
  8
Edges
100
AcDbLine
 10
-0.1950038485721563
 20
-12.07911177311553
 30
0.0
 11
-0.2206073757313618
 21
-12.04079389000699
 31
0.0
  0
LINE
  5
25A
330
83
100
AcDbEntity
  8
Edges
100
AcDbLine
 10
-0.6584541227016985
 20
-12.00620029283517
 30
0.0
 11
-0.3041234140402764
 21
-12.00620029283517
 31
0.0
  0
LINE
  5
25B
330
83
100
AcDbEntity
  8
Edges
100
AcDbLine
 10
-0.2589249584700326
 20
-12.01519096358751
 30
0.0
 11
-0.3041234140402764
 21
-12.00620029283517
 31
0.0
  0
LINE
  5
25C
330
83
100
AcDbEntity
  8
Edges
100
AcDbLine
 10
-0.3041234140402764
 20
-12.24242076527612
 30
0.0
 11
-0.2589249584700326
 21
-12.23343009452378
 31
0.0
  0
LINE
  5
25D
330
83
100
AcDbEntity
  8
Edges
100
AcDbLine
 10
0.1846252114672211
 20
-11.79304221850877
 30
0.0
 11
0.2016934285870491
 21
-11.81858747391447
 31
0.0
  0
LINE
  5
25E
330
83
100
AcDbEntity
  8
Edges
100
AcDbLine
 10
-0.2206073757313618
 20
-12.2078271681043
 30
0.0
 11
-0.1950038485721563
 21
-12.16950928499576
 31
0.0
  0
LINE
  5
25F
330
83
100
AcDbEntity
  8
Edges
100
AcDbLine
 10
0.1590799560615324
 20
-11.77597370101907
 30
0.0
 11
0.1846252114672211
 21
-11.79304221850877
 31
0.0
  0
LINE
  5
260
330
83
100
AcDbEntity
  8
Edges
100
AcDbLine
 10
0.2016934285870491
 20
-11.81858747391447
 30
0.0
 11
0.2076876095817681
 21
-11.84871997787454
 31
0.0
  0
LINE
  5
261
330
83
100
AcDbEntity
  8
Edges
100
AcDbLine
 10
-0.2589249584700326
 20
-12.23343009452378
 30
0.0
 11
-0.2206073757313618
 21
-12.2078271681043
 31
0.0
  0
LINE
  5
262
330
83
100
AcDbEntity
  8
Edges
100
AcDbLine
 10
-0.1950038485721563
 20
-12.16950928499576
 30
0.0
 11
-0.1860131778198024
 21
-12.12431052905565
 31
0.0
  0
LINE
  5
263
330
83
100
AcDbEntity
  8
Edges
100
AcDbLine
 10
-0.6584541227016985
 20
-12.24242076527612
 30
0.0
 11
-0.7036531790116669
 21
-12.23343009452378
 31
0.0
  0
LINE
  5
264
330
83
100
AcDbEntity
  8
Edges
100
AcDbLine
 10
-0.1860131778198024
 20
-12.12431052905565
 30
0.0
 11
-0.1950038485721563
 21
-12.07911177311553
 31
0.0
  0
LINE
  5
265
330
83
100
AcDbEntity
  8
Edges
100
AcDbLine
 10
-1.121657492803507
 20
-11.77597370101907
 30
0.0
 11
-1.091524988843445
 21
-11.76997982039423
 31
0.0
  0
LINE
  5
266
330
83
100
AcDbEntity
  8
Edges
100
AcDbLine
 10
-0.7675742889095716
 20
-12.16950928499576
 30
0.0
 11
-0.7765643589221725
 21
-12.12431052905565
 31
0.0
  0
LINE
  5
267
330
83
100
AcDbEntity
  8
Edges
100
AcDbLine
 10
-0.7419707617503662
 20
-12.20782716810431
 30
0.0
 11
-0.7675742889095716
 21
-12.16950928499576
 31
0.0
  0
LINE
  5
268
330
83
100
AcDbEntity
  8
Edges
100
AcDbLine
 10
-1.164271566068777
 20
-11.81858747391447
 30
0.0
 11
-1.147202748209224
 21
-11.79304221850877
 31
0.0
  0
LINE
  5
269
330
83
100
AcDbEntity
  8
Edges
100
AcDbLine
 10
-0.3041234140402764
 20
-12.24242076527612
 30
0.0
 11
-0.6584541227016985
 21
-12.24242076527612
 31
0.0
  0
LINE
  5
26A
330
83
100
AcDbEntity
  8
Edges
100
AcDbLine
 10
-0.7036531790116669
 20
-12.01519096358751
 30
0.0
 11
-0.6584541227016985
 21
-12.00620029283517
 31
0.0
  0
LINE
  5
26B
330
83
100
AcDbEntity
  8
Edges
100
AcDbLine
 10
-0.7036531790116669
 20
-12.23343009452378
 30
0.0
 11
-0.7419707617503662
 21
-12.20782716810431
 31
0.0
  0
LINE
  5
26C
330
83
100
AcDbEntity
  8
Edges
100
AcDbLine
 10
-0.7675742889095716
 20
-12.07911177311553
 30
0.0
 11
-0.7419707617503662
 21
-12.04079389000699
 31
0.0
  0
LINE
  5
26D
330
83
100
AcDbEntity
  8
Edges
100
AcDbLine
 10
-0.7419707617503662
 20
-12.04079389000699
 30
0.0
 11
-0.7036531790116669
 21
-12.01519096358751
 31
0.0
  0
LINE
  5
26E
330
83
100
AcDbEntity
  8
Edges
100
AcDbLine
 10
-1.091524988843445
 20
-11.76997982039423
 30
0.0
 11
0.1289474521014426
 21
-11.76997982039423
 31
0.0
  0
LINE
  5
26F
330
83
100
AcDbEntity
  8
Edges
100
AcDbLine
 10
-0.7765643589221725
 20
-12.12431052905565
 30
0.0
 11
-0.7675742889095716
 21
-12.07911177311553
 31
0.0
  0
LINE
  5
270
330
83
100
AcDbEntity
  8
Edges
100
AcDbLine
 10
-1.170265146323743
 20
-11.84871997787454
 30
0.0
 11
-1.164271566068777
 21
-11.81858747391447
 31
0.0
  0
LINE
  5
271
330
83
100
AcDbEntity
  8
Edges
100
AcDbLine
 10
-1.147202748209224
 20
-11.79304221850877
 30
0.0
 11
-1.121657492803507
 21
-11.77597370101907
 31
0.0
  0
LINE
  5
272
330
83
100
AcDbEntity
  8
Edges
100
AcDbLine
 10
-6.184725068528706
 20
-4.330683163682647
 30
0.0
 11
-5.506368478025734
 21
-3.939033803549207
 31
0.0
  0
LINE
  5
273
330
83
100
AcDbEntity
  8
Edges
100
AcDbLine
 10
-7.380554438174215
 20
-3.866682730437705
 30
0.0
 11
-7.960401907317077
 21
-2.860382204914987
 31
0.0
  0
LINE
  5
274
330
83
100
AcDbEntity
  8
Edges
100
AcDbLine
 10
-7.960401907317077
 20
-2.860382204914987
 30
0.0
 11
-7.962468242407283
 21
-2.858778455880379
 31
0.0
  0
LINE
  5
275
330
83
100
AcDbEntity
  8
Edges
100
AcDbLine
 10
-4.64033281063638
 20
0.9673535906344611
 30
0.0
 11
-4.653861570595694
 21
1.06123668078654
 31
0.0
  0
LINE
  5
276
330
83
100
AcDbEntity
  8
Edges
100
AcDbLine
 10
-4.653861570595694
 20
1.06123668078654
 30
0.0
 11
-4.655221639429385
 21
1.070674904637998
 31
0.0
  0
LINE
  5
277
330
83
100
AcDbEntity
  8
Edges
100
AcDbLine
 10
-4.459529388567716
 20
1.419394394312607
 30
0.0
 11
-4.428399684585599
 21
1.432736602481479
 31
0.0
  0
LINE
  5
278
330
83
100
AcDbEntity
  8
Edges
100
AcDbLine
 10
-4.428399684585599
 20
1.432736602481479
 30
0.0
 11
-4.363582175416468
 21
1.460517422396108
 31
0.0
  0
LINE
  5
279
330
83
100
AcDbEntity
  8
Edges
100
AcDbLine
 10
-4.59920978255289
 20
0.8714063774831847
 30
0.0
 11
-4.615449316552911
 21
0.9092960491049591
 31
0.0
  0
LINE
  5
27A
330
83
100
AcDbEntity
  8
Edges
100
AcDbLine
 10
-4.615449316552911
 20
0.9092960491049591
 30
0.0
 11
-4.64033281063638
 21
0.9673535906344611
 31
0.0
  0
LINE
  5
27B
330
83
100
AcDbEntity
  8
Edges
100
AcDbLine
 10
-4.541563856850643
 20
1.354839633343428
 30
0.0
 11
-4.497292897126271
 21
1.389677443384768
 31
0.0
  0
LINE
  5
27C
330
83
100
AcDbEntity
  8
Edges
100
AcDbLine
 10
-4.497292897126271
 20
1.389677443384768
 30
0.0
 11
-4.459529388567716
 21
1.419394394312607
 31
0.0
  0
LINE
  5
27D
330
83
100
AcDbEntity
  8
Edges
100
AcDbLine
 10
-4.156606623359891
 20
1.463046231614296
 30
0.0
 11
-4.086503298494392
 21
1.435006902131366
 31
0.0
  0
LINE
  5
27E
330
83
100
AcDbEntity
  8
Edges
100
AcDbLine
 10
-4.086503298494392
 20
1.435006902131366
 30
0.0
 11
-4.059683326283931
 21
1.424279678579907
 31
0.0
  0
LINE
  5
27F
330
83
100
AcDbEntity
  8
Edges
100
AcDbLine
 10
-5.187534053218229
 20
2.105424624610936
 30
0.0
 11
-5.194209722350876
 21
2.109426666658548
 31
0.0
  0
LINE
  5
280
330
83
100
AcDbEntity
  8
Edges
100
AcDbLine
 10
-5.194209722350876
 20
2.109426666658548
 30
0.0
 11
-5.195102412268084
 21
2.11204693877956
 31
0.0
  0
LINE
  5
281
330
83
100
AcDbEntity
  8
Edges
100
AcDbLine
 10
-5.241031832268816
 20
2.04428430569597
 30
0.0
 11
-5.245884608784933
 21
2.05036965359103
 31
0.0
  0
LINE
  5
282
330
83
100
AcDbEntity
  8
Edges
100
AcDbLine
 10
-5.245884608784933
 20
2.05036965359103
 30
0.0
 11
-5.248600191318672
 21
2.050906619864594
 31
0.0
  0
LINE
  5
283
330
83
100
AcDbEntity
  8
Edges
100
AcDbLine
 10
-3.935919974222798
 20
1.451094956374806
 30
0.0
 11
-3.677781425960006
 21
1.676966186104749
 31
0.0
  0
LINE
  5
284
330
83
100
AcDbEntity
  8
Edges
100
AcDbLine
 10
-3.873210992115303
 20
1.398014440134641
 30
0.0
 11
-3.550019478545522
 21
1.680807014508219
 31
0.0
  0
LINE
  5
285
330
83
100
AcDbEntity
  8
Edges
100
AcDbLine
 10
-3.134616860045213
 20
2.04428430569597
 30
0.0
 11
-3.129764083529096
 21
2.05036965359103
 31
0.0
  0
LINE
  5
286
330
83
100
AcDbEntity
  8
Edges
100
AcDbLine
 10
-3.129764083529096
 20
2.05036965359103
 30
0.0
 11
-3.127048500995357
 21
2.050906619864594
 31
0.0
  0
LINE
  5
287
330
83
100
AcDbEntity
  8
Edges
100
AcDbLine
 10
-3.1881146390958
 20
2.105424624610936
 30
0.0
 11
-3.181438969963153
 21
2.109426666658546
 31
0.0
  0
LINE
  5
288
330
83
100
AcDbEntity
  8
Edges
100
AcDbLine
 10
-3.181438969963153
 20
2.109426666658546
 30
0.0
 11
-3.180546280045945
 21
2.11204693877956
 31
0.0
  0
LINE
  5
289
330
83
100
AcDbEntity
  8
Edges
100
AcDbLine
 10
0.0951378145905437
 20
5.888836311792218
 30
0.0
 11
0.0939448686680464
 21
5.890552202422187
 31
0.0
  0
LINE
  5
28A
330
83
100
AcDbEntity
  8
Edges
100
AcDbLine
 10
0.0551830605203918
 20
5.938222448966858
 30
0.0
 11
0.054187885155585
 21
5.939145585151354
 31
0.0
  0
LINE
  5
28B
330
83
100
AcDbEntity
  8
Edges
100
AcDbLine
 10
0.2669145271282218
 20
5.64346738864496
 30
0.0
 11
0.2536944398879939
 21
5.662323983152795
 31
0.0
  0
LINE
  5
28C
330
83
100
AcDbEntity
  8
Edges
100
AcDbLine
 10
0.1842209999041699
 20
5.761542337987229
 30
0.0
 11
0.1903153028240751
 21
5.752898042969762
 31
0.0
  0
LINE
  5
28D
330
83
100
AcDbEntity
  8
Edges
100
AcDbLine
 10
0.2339679604939704
 20
5.690531735671423
 30
0.0
 11
0.2295409336783223
 21
5.696818764901983
 31
0.0
  0
LINE
  5
28E
330
83
100
AcDbEntity
  8
Edges
100
AcDbLine
 10
0.0472071175244651
 20
5.956795420433792
 30
0.0
 11
0.0487634095778162
 21
5.954995825609891
 31
0.0
  0
LINE
  5
28F
330
83
100
AcDbEntity
  8
Edges
100
AcDbLine
 10
0.1469724912056449
 20
5.814859932518676
 30
0.0
 11
0.1438037825336664
 21
5.819264106412994
 31
0.0
  0
LINE
  5
290
330
83
100
AcDbEntity
  8
Edges
100
AcDbLine
 10
0.0703770891992122
 20
5.924128292140231
 30
0.0
 11
0.0693724902060353
 21
5.92506016979144
 31
0.0
  0
LINE
  5
291
330
83
100
AcDbEntity
  8
Edges
100
AcDbLine
 10
0.042170552040119
 20
5.963821022266024
 30
0.0
 11
0.0437185417237629
 21
5.962041212385997
 31
0.0
  0
LINE
  5
292
330
83
100
AcDbEntity
  8
Edges
100
AcDbLine
 10
-0.2092372342927433
 20
5.774341829908777
 30
0.0
 11
-0.210713481896704
 21
5.777718627528495
 31
0.0
  0
LINE
  5
293
330
83
100
AcDbEntity
  8
Edges
100
AcDbLine
 10
0.0472071175244651
 20
5.956795420433792
 30
0.0
 11
0.0460296681360433
 21
5.958834613627409
 31
0.0
  0
LINE
  5
294
330
83
100
AcDbEntity
  8
Edges
100
AcDbLine
 10
-16.83559360964508
 20
-4.990214785763459
 30
0.0
 11
-17.58559360964509
 21
-4.990214785763459
 31
0.0
  0
LINE
  5
295
330
83
100
AcDbEntity
  8
Edges
100
AcDbLine
 10
-17.70494723684584
 20
-13.88588407710203
 30
0.0
 11
-17.70494723684584
 21
-13.70975470108473
 31
0.0
  0
LINE
  5
296
330
83
100
AcDbEntity
  8
Edges
100
AcDbLine
 10
-17.96872748529256
 20
-14.4956280514423
 30
0.0
 11
-17.96872748529256
 21
-14.69838407710204
 31
0.0
  0
LINE
  5
297
330
83
100
AcDbEntity
  8
Edges
100
AcDbLine
 10
1.893477479412752
 20
-7.180208155999842
 30
0.0
 11
1.702532357227141
 21
-7.29065093998612
 31
0.0
  0
LINE
  5
298
330
83
100
AcDbEntity
  8
Edges
100
AcDbLine
 10
0.9588055971173048
 20
4.106203788441123
 30
0.0
 11
-3.406636144957332
 21
1.601151107433878
 31
0.0
  0
LINE
  5
299
330
83
100
AcDbEntity
  8
Edges
100
AcDbLine
 10
-3.406636144957332
 20
1.601151107433878
 30
0.0
 11
-3.82340297166246
 21
1.361994816209066
 31
0.0
  0
LINE
  5
29A
330
83
100
AcDbEntity
  8
Edges
100
AcDbLine
 10
-3.806478491188329
 20
0.5790549641382477
 30
0.0
 11
-3.879198422252187
 21
0.5501620112206105
 31
0.0
  0
LINE
  5
29B
330
83
100
AcDbEntity
  8
Edges
100
AcDbLine
 10
-5.224184043945058
 20
0.5677523644790841
 30
0.0
 11
-5.582643615490582
 21
0.3666309279223795
 31
0.0
  0
LINE
  5
29C
330
83
100
AcDbEntity
  8
Edges
100
AcDbLine
 10
-20.29992719461595
 20
-10.86223760435581
 30
0.0
 11
-20.29992779214817
 21
-10.88101696065538
 31
0.0
  0
LINE
  5
29D
330
83
100
AcDbEntity
  8
Edges
100
AcDbLine
 10
-20.29992779210326
 20
-8.784451976398248
 30
0.0
 11
-20.29992719453301
 21
-8.803231332657462
 31
0.0
  0
LINE
  5
29E
330
83
100
AcDbEntity
  8
Edges
100
AcDbLine
 10
2.452532357227113
 20
-3.93903380354921
 30
0.0
 11
2.452532357227113
 21
-3.999388321688668
 31
0.0
  0
LINE
  5
29F
330
83
100
AcDbEntity
  8
Edges
100
AcDbLine
 10
2.452532357227113
 20
-3.999388321688668
 30
0.0
 11
2.452532357227113
 21
-4.00153380354921
 31
0.0
  0
LINE
  5
2A0
330
83
100
AcDbEntity
  8
Edges
100
AcDbLine
 10
-16.81018329379404
 20
-12.0975666492844
 30
0.0
 11
-16.83559360964508
 21
-12.0518425950629
 31
0.0
  0
LINE
  5
2A1
330
83
100
AcDbEntity
  8
Edges
100
AcDbLine
 10
-16.83559360964508
 20
-12.0518425950629
 30
0.0
 11
-16.85624861679016
 21
-12.01467538029141
 31
0.0
  0
LINE
  5
2A2
330
83
100
AcDbEntity
  8
Edges
100
AcDbLine
 10
0.2076876095817681
 20
-13.03103328275818
 30
0.0
 11
0.8426742559322235
 21
-13.03103328275818
 31
0.0
  0
LINE
  5
2A3
330
83
100
AcDbEntity
  8
Edges
100
AcDbLine
 10
0.8426742559322235
 20
-13.03103328275818
 30
0.0
 11
0.849884035363658
 21
-13.03103328275818
 31
0.0
  0
LINE
  5
2A4
330
83
100
AcDbEntity
  8
Edges
100
AcDbLine
 10
0.2076876095817681
 20
-12.40111202291566
 30
0.0
 11
0.8410651499962682
 21
-12.40111202291566
 31
0.0
  0
LINE
  5
2A5
330
83
100
AcDbEntity
  8
Edges
100
AcDbLine
 10
0.8410651499962682
 20
-12.40111202291566
 30
0.0
 11
0.8463750378091958
 21
-12.40111202291566
 31
0.0
  0
LINE
  5
2A6
330
83
100
AcDbEntity
  8
Edges
100
AcDbLine
 10
-16.78585874151335
 20
-12.9152265830204
 30
0.0
 11
-16.86471463117897
 21
-12.87252257258532
 31
0.0
  0
LINE
  5
2A7
330
83
100
AcDbEntity
  8
Edges
100
AcDbLine
 10
-16.86471463117897
 20
-12.87252257258532
 30
0.0
 11
-16.94773106461713
 21
-12.82756544059607
 31
0.0
  0
LINE
  5
2A8
330
83
100
AcDbEntity
  8
Edges
100
AcDbLine
 10
0.8409586784378859
 20
-13.02747894998546
 30
0.0
 11
0.8426742559322235
 21
-13.03103328275818
 31
0.0
  0
LINE
  5
2A9
330
83
100
AcDbEntity
  8
Edges
100
AcDbLine
 10
0.8426742559322235
 20
-13.03103328275818
 30
0.0
 11
0.8437699580821913
 21
-13.03330335803808
 31
0.0
  0
LINE
  5
2AA
330
83
100
AcDbEntity
  8
Edges
100
AcDbLine
 10
-5.506368478025734
 20
-3.939033803549207
 30
0.0
 11
-5.478599301000457
 21
-3.9230012617185
 31
0.0
  0
LINE
  5
2AB
330
83
100
AcDbEntity
  8
Edges
100
AcDbLine
 10
-5.478599301000457
 20
-3.9230012617185
 30
0.0
 11
-4.527996946676097
 21
-3.374170736557048
 31
0.0
  0
LINE
  5
2AC
330
83
100
AcDbEntity
  8
Edges
100
AcDbLine
 10
-7.960401907317077
 20
-2.860382204914987
 30
0.0
 11
-7.925616648558104
 21
-2.911603232449419
 31
0.0
  0
LINE
  5
2AD
330
83
100
AcDbEntity
  8
Edges
100
AcDbLine
 10
0.0972121067027558
 20
5.885819867944884
 30
0.0
 11
0.0951378145905437
 21
5.888836311792218
 31
0.0
  0
LINE
  5
2AE
330
83
100
AcDbEntity
  8
Edges
100
AcDbLine
 10
0.0703770891992122
 20
5.924128292140231
 30
0.0
 11
0.0725963947663217
 21
5.920973631825029
 31
0.0
  0
LINE
  5
2AF
330
83
100
AcDbEntity
  8
Edges
100
AcDbLine
 10
0.0725963947663217
 20
5.920973631825029
 30
0.0
 11
0.0774378312873694
 21
5.914114547270663
 31
0.0
  0
LINE
  5
2B0
330
83
100
AcDbEntity
  8
Edges
100
AcDbLine
 10
0.0802670613043972
 20
5.909363353891827
 30
0.0
 11
0.0812765025894749
 21
5.908635181416279
 31
0.0
  0
LINE
  5
2B1
330
83
100
AcDbEntity
  8
Edges
100
AcDbLine
 10
0.2685720369414071
 20
5.641084298587261
 30
0.0
 11
0.2669145271282218
 21
5.64346738864496
 31
0.0
  0
LINE
  5
2B2
330
83
100
AcDbEntity
  8
Edges
100
AcDbLine
 10
0.2130420764842711
 20
5.72041950480723
 30
0.0
 11
0.2295409336783223
 21
5.696818764901983
 31
0.0
  0
LINE
  5
2B3
330
83
100
AcDbEntity
  8
Edges
100
AcDbLine
 10
0.2536944398879939
 20
5.662323983152795
 30
0.0
 11
0.2499391537472206
 21
5.667736819530704
 31
0.0
  0
LINE
  5
2B4
330
83
100
AcDbEntity
  8
Edges
100
AcDbLine
 10
0.2499391537472206
 20
5.667736819530704
 30
0.0
 11
0.2339679604939704
 21
5.690531735671423
 31
0.0
  0
LINE
  5
2B5
330
83
100
AcDbEntity
  8
Edges
100
AcDbLine
 10
0.1438037825336664
 20
5.819264106412994
 30
0.0
 11
0.1425387118624712
 21
5.821188762790057
 31
0.0
  0
LINE
  5
2B6
330
83
100
AcDbEntity
  8
Edges
100
AcDbLine
 10
0.0517841462335866
 20
5.950695659472406
 30
0.0
 11
0.0511016626273317
 21
5.951656454177964
 31
0.0
  0
LINE
  5
2B7
330
83
100
AcDbEntity
  8
Edges
100
AcDbLine
 10
0.0511016626273317
 20
5.951656454177964
 30
0.0
 11
0.0501998775915809
 21
5.952950943246968
 31
0.0
  0
LINE
  5
2B8
330
83
100
AcDbEntity
  8
Edges
100
AcDbLine
 10
0.0501998775915809
 20
5.952950943246968
 30
0.0
 11
0.0487634095778162
 21
5.954995825609891
 31
0.0
  0
LINE
  5
2B9
330
83
100
AcDbEntity
  8
Edges
100
AcDbLine
 10
0.0693724902060353
 20
5.92506016979144
 30
0.0
 11
0.0681299700138425
 21
5.927352144928454
 31
0.0
  0
LINE
  5
2BA
330
83
100
AcDbEntity
  8
Edges
100
AcDbLine
 10
0.0939448686680464
 20
5.890552202422187
 30
0.0
 11
0.0920547229090403
 21
5.893239429930324
 31
0.0
  0
LINE
  5
2BB
330
83
100
AcDbEntity
  8
Edges
100
AcDbLine
 10
0.0920547229090403
 20
5.893239429930324
 30
0.0
 11
0.0905259949967388
 21
5.895432344059902
 31
0.0
  0
LINE
  5
2BC
330
83
100
AcDbEntity
  8
Edges
100
AcDbLine
 10
0.0460951343211491
 20
5.957537956481425
 30
0.0
 11
0.0453935743745717
 21
5.959822052191448
 31
0.0
  0
LINE
  5
2BD
330
83
100
AcDbEntity
  8
Edges
100
AcDbLine
 10
5.452532357227113
 20
-4.990214785763466
 30
0.0
 11
1.893477479412752
 21
-4.990214785763465
 31
0.0
  0
LINE
  5
2BE
330
83
100
AcDbEntity
  8
Edges
100
AcDbLine
 10
1.893477479412752
 20
-4.990214785763465
 30
0.0
 11
-16.83559360964508
 21
-4.990214785763459
 31
0.0
  0
LINE
  5
2BF
330
83
100
AcDbEntity
  8
Edges
100
AcDbLine
 10
-17.70494723684584
 20
-14.68312805144229
 30
0.0
 11
-17.70494723684584
 21
-14.4956280514423
 31
0.0
  0
LINE
  5
2C0
330
83
100
AcDbEntity
  8
Edges
100
AcDbLine
 10
-17.70494723684584
 20
-14.4956280514423
 30
0.0
 11
-17.70494723684584
 21
-13.88588407710203
 31
0.0
  0
LINE
  5
2C1
330
83
100
AcDbEntity
  8
Edges
100
AcDbLine
 10
-17.96872748529256
 20
-13.88588407710203
 30
0.0
 11
-17.96872748529256
 21
-14.4956280514423
 31
0.0
  0
LINE
  5
2C2
330
83
100
AcDbEntity
  8
Edges
100
AcDbLine
 10
1.702532357227141
 20
-7.29065093998612
 30
0.0
 11
1.662105598873608
 21
-7.314033803549209
 31
0.0
  0
LINE
  5
2C3
330
83
100
AcDbEntity
  8
Edges
100
AcDbLine
 10
1.662105598873608
 20
-7.314033803549209
 30
0.0
 11
0.8900323572271133
 21
-7.760601473216345
 31
0.0
  0
LINE
  5
2C4
330
83
100
AcDbEntity
  8
Edges
100
AcDbLine
 10
-19.93825192004016
 20
-8.764548647582319
 30
0.0
 11
-19.93825192004016
 21
-10.90092028944743
 31
0.0
  0
LINE
  5
2C5
330
83
100
AcDbEntity
  8
Edges
100
AcDbLine
 10
0.0774378312873694
 20
5.914114547270663
 30
0.0
 11
0.0791126510609956
 21
5.911711015878272
 31
0.0
  0
LINE
  5
2C6
330
83
100
AcDbEntity
  8
Edges
100
AcDbLine
 10
0.0791126510609956
 20
5.911711015878272
 30
0.0
 11
0.0802670613043972
 21
5.909363353891827
 31
0.0
  0
LINE
  5
2C7
330
83
100
AcDbEntity
  8
Edges
100
AcDbLine
 10
0.1425387118624712
 20
5.821188762790057
 30
0.0
 11
0.1406782911560924
 21
5.823844349812493
 31
0.0
  0
LINE
  5
2C8
330
83
100
AcDbEntity
  8
Edges
100
AcDbLine
 10
0.2118602634180604
 20
5.72211842447883
 30
0.0
 11
0.2130420764842711
 21
5.72041950480723
 31
0.0
  0
LINE
  5
2C9
330
83
100
AcDbEntity
  8
Edges
100
AcDbLine
 10
0.1016788754912454
 20
5.879424708439799
 30
0.0
 11
0.0972121067027558
 21
5.885819867944884
 31
0.0
  0
LINE
  5
2CA
330
83
100
AcDbEntity
  8
Edges
100
AcDbLine
 10
0.383319318971246
 20
5.477200470465888
 30
0.0
 11
0.3826752034204617
 21
5.478135154415538
 31
0.0
  0
LINE
  5
2CB
330
83
100
AcDbEntity
  8
Edges
100
AcDbLine
 10
0.1092840555947703
 20
5.868563385634033
 30
0.0
 11
0.1081771937669202
 21
5.870191324840122
 31
0.0
  0
LINE
  5
2CC
330
83
100
AcDbEntity
  8
Edges
100
AcDbLine
 10
0.1081771937669202
 20
5.870191324840122
 30
0.0
 11
0.1075031550723509
 21
5.871176747762355
 31
0.0
  0
LINE
  5
2CD
330
83
100
AcDbEntity
  8
Edges
100
AcDbLine
 10
0.1030505080786952
 20
5.877482031365619
 30
0.0
 11
0.1016788754912454
 21
5.879424708439799
 31
0.0
  0
LINE
  5
2CE
330
83
100
AcDbEntity
  8
Edges
100
AcDbLine
 10
0.0614309553945987
 20
5.936962955560661
 30
0.0
 11
0.0606193707548926
 21
5.938118285926416
 31
0.0
  0
LINE
  5
2CF
330
83
100
AcDbEntity
  8
Edges
100
AcDbLine
 10
0.0868135927825336
 20
5.900712991734041
 30
0.0
 11
0.0855766861539564
 21
5.902497047375565
 31
0.0
  0
LINE
  5
2D0
330
83
100
AcDbEntity
  8
Edges
100
AcDbLine
 10
-17.96872748529256
 20
-11.11947813372059
 30
0.0
 11
-17.96872748529256
 21
-13.88588407710203
 31
0.0
  0
LINE
  5
2D1
330
83
100
AcDbEntity
  8
Edges
100
AcDbLine
 10
1.335890664091692
 20
4.322589211452881
 30
0.0
 11
1.233125589452583
 21
4.263618793119853
 31
0.0
  0
LINE
  5
2D2
330
83
100
AcDbEntity
  8
Edges
100
AcDbLine
 10
0.3826752034204617
 20
5.478135154415538
 30
0.0
 11
0.3807245935152252
 21
5.480934929243236
 31
0.0
  0
LINE
  5
2D3
330
83
100
AcDbEntity
  8
Edges
100
AcDbLine
 10
0.3807245935152252
 20
5.480934929243236
 30
0.0
 11
0.3761717814709868
 21
5.487408211899992
 31
0.0
  0
LINE
  5
2D4
330
83
100
AcDbEntity
  8
Edges
100
AcDbLine
 10
0.1075031550723509
 20
5.871176747762355
 30
0.0
 11
0.1057926448757485
 21
5.873619613317497
 31
0.0
  0
LINE
  5
2D5
330
83
100
AcDbEntity
  8
Edges
100
AcDbLine
 10
0.1057926448757485
 20
5.873619613317497
 30
0.0
 11
0.1030505080786952
 21
5.877482031365619
 31
0.0
  0
LINE
  5
2D6
330
83
100
AcDbEntity
  8
Edges
100
AcDbLine
 10
0.0606193707548926
 20
5.938118285926416
 30
0.0
 11
0.0589211786272586
 21
5.940545441279969
 31
0.0
  0
LINE
  5
2D7
330
83
100
AcDbEntity
  8
Edges
100
AcDbLine
 10
0.3062843419942851
 20
5.587231027932844
 30
0.0
 11
0.3055660962659772
 21
5.58827041416564
 31
0.0
  0
LINE
  5
2D8
330
83
100
AcDbEntity
  8
Edges
100
AcDbLine
 10
0.3055660962659772
 20
5.58827041416564
 30
0.0
 11
0.3029008569713198
 21
5.59204993667632
 31
0.0
  0
LINE
  5
2D9
330
83
100
AcDbEntity
  8
Edges
100
AcDbLine
 10
0.1737101553597142
 20
5.776601737601245
 30
0.0
 11
0.1622004990459231
 21
5.793123289909038
 31
0.0
  0
LINE
  5
2DA
330
83
100
AcDbEntity
  8
Edges
100
AcDbLine
 10
0.1622004990459231
 20
5.793123289909038
 30
0.0
 11
0.1565872556757029
 21
5.801066421628954
 31
0.0
  0
LINE
  5
2DB
330
83
100
AcDbEntity
  8
Edges
100
AcDbLine
 10
0.1565872556757029
 20
5.801066421628954
 30
0.0
 11
0.1491887476055353
 21
5.811696421322676
 31
0.0
  0
LINE
  5
2DC
330
83
100
AcDbEntity
  8
Edges
100
AcDbLine
 10
0.0905259949967388
 20
5.895432344059902
 30
0.0
 11
0.0889859937620656
 21
5.897604829860943
 31
0.0
  0
LINE
  5
2DD
330
83
100
AcDbEntity
  8
Edges
100
AcDbLine
 10
-17.96872748529256
 20
-4.990214785763459
 30
0.0
 11
-17.96872748529256
 21
-9.8863181422837
 31
0.0
  0
LINE
  5
2DE
330
83
100
AcDbEntity
  8
Edges
100
AcDbLine
 10
-17.96872748529256
 20
-9.8863181422837
 30
0.0
 11
-17.96872748529256
 21
-11.11947813372059
 31
0.0
  0
LINE
  5
2DF
330
83
100
AcDbEntity
  8
Edges
100
AcDbLine
 10
1.233125589452583
 20
4.263618793119853
 30
0.0
 11
1.095948746517024
 21
4.184901623479073
 31
0.0
  0
LINE
  5
2E0
330
83
100
AcDbEntity
  8
Edges
100
AcDbLine
 10
0.2094153188418772
 20
5.725582161380899
 30
0.0
 11
0.2118602634180604
 21
5.72211842447883
 31
0.0
  0
LINE
  5
2E1
330
83
100
AcDbEntity
  8
Edges
100
AcDbLine
 10
0.1199578159065595
 20
5.853421006846384
 30
0.0
 11
0.1092840555947703
 21
5.868563385634033
 31
0.0
  0
LINE
  5
2E2
330
83
100
AcDbEntity
  8
Edges
100
AcDbLine
 10
0.0589211786272586
 20
5.940545441279969
 30
0.0
 11
0.0573566548970916
 21
5.942778661378996
 31
0.0
  0
LINE
  5
2E3
330
83
100
AcDbEntity
  8
Edges
100
AcDbLine
 10
0.0573566548970916
 20
5.942778661378996
 30
0.0
 11
0.0517841462335866
 21
5.950695659472406
 31
0.0
  0
LINE
  5
2E4
330
83
100
AcDbEntity
  8
Edges
100
AcDbLine
 10
0.1842209999041699
 20
5.761542337987229
 30
0.0
 11
0.1814652987822285
 21
5.765526384767315
 31
0.0
  0
LINE
  5
2E5
330
83
100
AcDbEntity
  8
Edges
100
AcDbLine
 10
0.1814652987822285
 20
5.765526384767315
 30
0.0
 11
0.1737101553597142
 21
5.776601737601245
 31
0.0
  0
LINE
  5
2E6
330
83
100
AcDbEntity
  8
Edges
100
AcDbLine
 10
0.1406782911560924
 20
5.823844349812493
 30
0.0
 11
0.1398022361011044
 21
5.825037782173914
 31
0.0
  0
LINE
  5
2E7
330
83
100
AcDbEntity
  8
Edges
100
AcDbLine
 10
0.1398022361011044
 20
5.825037782173914
 30
0.0
 11
0.1386742306563065
 21
5.82670497001369
 31
0.0
  0
LINE
  5
2E8
330
83
100
AcDbEntity
  8
Edges
100
AcDbLine
 10
0.0889859937620656
 20
5.897604829860943
 30
0.0
 11
0.0881455883905176
 21
5.898800578052735
 31
0.0
  0
LINE
  5
2E9
330
83
100
AcDbEntity
  8
Edges
100
AcDbLine
 10
0.0881455883905176
 20
5.898800578052735
 30
0.0
 11
0.0868135927825336
 21
5.900712991734041
 31
0.0
  0
LINE
  5
2EA
330
83
100
AcDbEntity
  8
Edges
100
AcDbLine
 10
1.095948746517024
 20
4.184901623479073
 30
0.0
 11
0.9588055971173048
 21
4.106203788441123
 31
0.0
  0
LINE
  5
2EB
330
83
100
AcDbEntity
  8
Edges
100
AcDbLine
 10
0.1334991568504051
 20
5.834091932968908
 30
0.0
 11
0.1323116888103186
 21
5.835724128875976
 31
0.0
  0
LINE
  5
2EC
330
83
100
AcDbEntity
  8
Edges
100
AcDbLine
 10
0.1323116888103186
 20
5.835724128875976
 30
0.0
 11
0.1291066941653014
 21
5.840361787342739
 31
0.0
  0
LINE
  5
2ED
330
83
100
AcDbEntity
  8
Edges
100
AcDbLine
 10
0.1291066941653014
 20
5.840361787342739
 30
0.0
 11
0.1236580934280482
 21
5.848105068603125
 31
0.0
  0
LINE
  5
2EE
330
83
100
AcDbEntity
  8
Edges
100
AcDbLine
 10
0.1236580934280482
 20
5.848105068603125
 30
0.0
 11
0.1199578159065595
 21
5.853421006846384
 31
0.0
  0
LINE
  5
2EF
330
83
100
AcDbEntity
  8
Edges
100
AcDbLine
 10
0.0589211786272586
 20
5.940545441279969
 30
0.0
 11
0.0580494150396476
 21
5.941789807170953
 31
0.0
  0
LINE
  5
2F0
330
83
100
AcDbEntity
  8
Edges
100
AcDbLine
 10
3.886099488537894
 20
11.83150843987445
 30
0.0
 11
2.948583952447819
 21
13.4377690952428
 31
0.0
  0
LINE
  5
2F1
330
83
100
AcDbEntity
  8
Edges
100
AcDbLine
 10
3.886099488537894
 20
11.83150843987445
 30
0.0
 11
3.832121714183244
 21
11.80000209325376
 31
0.0
  0
LINE
  5
2F2
330
83
100
AcDbEntity
  8
Edges
100
AcDbLine
 10
3.886099488537894
 20
11.83150843987445
 30
0.0
 11
5.289325363009766
 21
9.427338667756409
 31
0.0
  0
LINE
  5
2F3
330
83
100
AcDbEntity
  8
Edges
100
AcDbLine
 10
2.770447750764247
 20
13.49499805912697
 30
0.0
 11
2.714021015631487
 21
13.59167490453971
 31
0.0
  0
LINE
  5
2F4
330
83
100
AcDbEntity
  8
Edges
100
AcDbLine
 10
3.848359435851108
 20
11.64819439234447
 30
0.0
 11
2.770447750764247
 21
13.49499805912697
 31
0.0
  0
LINE
  5
2F5
330
83
100
AcDbEntity
  8
Edges
100
AcDbLine
 10
3.904770144527191
 20
11.55154500532129
 30
0.0
 11
3.848359435851108
 21
11.64819439234447
 31
0.0
  0
LINE
  5
2F6
330
83
100
AcDbEntity
  8
Edges
100
AcDbLine
 10
5.247432397410392
 20
9.251139873638125
 30
0.0
 11
3.904770144527191
 21
11.55154500532129
 31
0.0
  0
LINE
  5
2F7
330
83
100
AcDbEntity
  8
Edges
100
AcDbLine
 10
5.303899791962294
 20
9.154393365779519
 30
0.0
 11
5.247432397410392
 21
9.251139873638125
 31
0.0
  0
LINE
  5
2F8
330
83
100
AcDbEntity
  8
Edges
100
AcDbLine
 10
3.832121714183244
 20
11.80000209325376
 30
0.0
 11
2.894605526818224
 21
13.40626386446201
 31
0.0
  0
LINE
  5
2F9
330
83
100
AcDbEntity
  8
Edges
100
AcDbLine
 10
5.25891133998661
 20
9.355460161742437
 30
0.0
 11
5.273140085413842
 21
9.331081820184188
 31
0.0
  0
LINE
  5
2FA
330
83
100
AcDbEntity
  8
Edges
100
AcDbLine
 10
3.902337861480731
 20
11.67969962312521
 30
0.0
 11
3.832121714183244
 21
11.80000209325376
 31
0.0
  0
LINE
  5
2FB
330
83
100
AcDbEntity
  8
Edges
100
AcDbLine
 10
4.423601963318105
 20
10.78660933757205
 30
0.0
 11
4.361934664213208
 21
10.89226492669232
 31
0.0
  0
LINE
  5
2FC
330
83
100
AcDbEntity
  8
Edges
100
AcDbLine
 10
4.162512858748641
 20
11.2339375578214
 30
0.0
 11
4.101831554992031
 21
11.33790382503347
 31
0.0
  0
LINE
  5
2FD
330
83
100
AcDbEntity
  8
Edges
100
AcDbLine
 10
5.120595769155727
 20
9.592438484658579
 30
0.0
 11
5.075405271670604
 21
9.669864100888501
 31
0.0
  0
LINE
  5
2FE
330
83
100
AcDbEntity
  8
Edges
100
AcDbLine
 10
4.77151353141312
 20
10.19052677481356
 30
0.0
 11
4.711187779603193
 21
10.2938838690777
 31
0.0
  0
LINE
  5
2FF
330
83
100
AcDbEntity
  8
Edges
100
AcDbLine
 10
4.001144573892304
 20
11.51041247158111
 30
0.0
 11
3.902337861480731
 21
11.67969962312521
 31
0.0
  0
LINE
  5
300
330
83
100
AcDbEntity
  8
Edges
100
AcDbLine
 10
2.824426176393814
 20
13.52650328990776
 30
0.0
 11
2.894605526818224
 21
13.40626386446201
 31
0.0
  0
LINE
  5
301
330
83
100
AcDbEntity
  8
Edges
100
AcDbLine
 10
5.255804499120358
 20
9.360783162859592
 30
0.0
 11
5.23186270146752
 21
9.401803035179643
 31
0.0
  0
LINE
  5
302
330
83
100
AcDbEntity
  8
Edges
100
AcDbLine
 10
4.501898516659679
 20
10.6524625760069
 30
0.0
 11
4.433251452939231
 21
10.77007670965696
 31
0.0
  0
LINE
  5
303
330
83
100
AcDbEntity
  8
Edges
100
AcDbLine
 10
4.843758164346013
 20
10.06674886716885
 30
0.0
 11
4.780710854692102
 21
10.17476885086563
 31
0.0
  0
LINE
  5
304
330
83
100
AcDbEntity
  8
Edges
100
AcDbLine
 10
5.068502641753553
 20
9.681690489281548
 30
0.0
 11
5.021592598404254
 21
9.762062231479909
 31
0.0
  0
LINE
  5
305
330
83
100
AcDbEntity
  8
Edges
100
AcDbLine
 10
5.18188648552234
 20
9.487428100884443
 30
0.0
 11
5.223178992152782
 21
9.416680975947567
 31
0.0
  0
LINE
  5
306
330
83
100
AcDbEntity
  8
Edges
100
AcDbLine
 10
5.034007663814264
 20
8.996867211875708
 30
0.0
 11
3.634876188466449
 21
11.39402198321008
 31
0.0
  0
LINE
  5
307
330
83
100
AcDbEntity
  8
Edges
100
AcDbLine
 10
3.634876188466449
 20
11.39402198321008
 30
0.0
 11
2.444128887483486
 21
13.43414875063587
 31
0.0
  0
LINE
  5
308
330
83
100
AcDbEntity
  8
Edges
100
AcDbLine
 10
-4.275719560086002
 20
-2.682263514217002
 30
0.0
 11
-4.238313838590869
 21
-2.657269810177989
 31
0.0
  0
LINE
  5
309
330
83
100
AcDbEntity
  8
Edges
100
AcDbLine
 10
-7.960401907317077
 20
-2.860382204914987
 30
0.0
 11
-7.968011940030464
 21
-2.849176489935228
 31
0.0
  0
LINE
  5
30A
330
83
100
AcDbEntity
  8
Edges
100
AcDbLine
 10
-4.238313838590869
 20
-2.657269810177989
 30
0.0
 11
-4.204490461246223
 21
-2.62760750434781
 31
0.0
  0
LINE
  5
30B
330
83
100
AcDbEntity
  8
Edges
100
AcDbLine
 10
-4.11547624722769
 20
-2.295401935034835
 30
0.0
 11
-4.129936998334841
 21
-2.252801935978748
 31
0.0
  0
LINE
  5
30C
330
83
100
AcDbEntity
  8
Edges
100
AcDbLine
 10
-4.129936998334841
 20
-2.252801935978748
 30
0.0
 11
-4.149834451377017
 21
-2.212453892598727
 31
0.0
  0
LINE
  5
30D
330
83
100
AcDbEntity
  8
Edges
100
AcDbLine
 10
-5.195102412268084
 20
2.11204693877956
 30
0.0
 11
-5.201235784744028
 21
2.117413639695993
 31
0.0
  0
LINE
  5
30E
330
83
100
AcDbEntity
  8
Edges
100
AcDbLine
 10
-5.254733563794616
 20
2.056273320781034
 30
0.0
 11
-5.248600191318672
 21
2.050906619864594
 31
0.0
  0
LINE
  5
30F
330
83
100
AcDbEntity
  8
Edges
100
AcDbLine
 10
-4.439728718091231
 20
1.451094956374806
 30
0.0
 11
-5.187534053218229
 21
2.105424624610936
 31
0.0
  0
LINE
  5
310
330
83
100
AcDbEntity
  8
Edges
100
AcDbLine
 10
-4.502437700198726
 20
1.398014440134641
 30
0.0
 11
-5.241031832268816
 21
2.04428430569597
 31
0.0
  0
LINE
  5
311
330
83
100
AcDbEntity
  8
Edges
100
AcDbLine
 10
-3.134616860045213
 20
2.04428430569597
 30
0.0
 11
-3.550019478545522
 21
1.680807014508219
 31
0.0
  0
LINE
  5
312
330
83
100
AcDbEntity
  8
Edges
100
AcDbLine
 10
-3.120915128519413
 20
2.056273320781034
 30
0.0
 11
-3.127048500995357
 21
2.050906619864594
 31
0.0
  0
LINE
  5
313
330
83
100
AcDbEntity
  8
Edges
100
AcDbLine
 10
-3.17441290757003
 20
2.117413639695993
 30
0.0
 11
-3.180546280045945
 21
2.11204693877956
 31
0.0
  0
LINE
  5
314
330
83
100
AcDbEntity
  8
Edges
100
AcDbLine
 10
-3.677781425960006
 20
1.676966186104749
 30
0.0
 11
-3.1881146390958
 21
2.105424624610936
 31
0.0
  0
LINE
  5
315
330
83
100
AcDbEntity
  8
Edges
100
AcDbLine
 10
-0.0253427676783815
 20
6.060946671656061
 30
0.0
 11
0.1186795776649774
 21
6.060946798317594
 31
0.0
  0
LINE
  5
316
330
83
100
AcDbEntity
  8
Edges
100
AcDbLine
 10
0.0812765025894749
 20
5.908635181416279
 30
0.0
 11
0.0855766861539564
 21
5.902497047375565
 31
0.0
  0
LINE
  5
317
330
83
100
AcDbEntity
  8
Edges
100
AcDbLine
 10
0.1334991568504051
 20
5.834091932968908
 30
0.0
 11
0.1386742306563065
 21
5.82670497001369
 31
0.0
  0
LINE
  5
318
330
83
100
AcDbEntity
  8
Edges
100
AcDbLine
 10
0.3029008569713198
 20
5.59204993667632
 30
0.0
 11
0.2685720369414071
 21
5.641084298587261
 31
0.0
  0
LINE
  5
319
330
83
100
AcDbEntity
  8
Edges
100
AcDbLine
 10
0.1491887476055353
 20
5.811696421322676
 30
0.0
 11
0.1469724912056449
 21
5.814859932518676
 31
0.0
  0
LINE
  5
31A
330
83
100
AcDbEntity
  8
Edges
100
AcDbLine
 10
0.9588055971173048
 20
4.106203788441123
 30
0.0
 11
-0.2092372342927433
 21
5.774341829908777
 31
0.0
  0
LINE
  5
31B
330
83
100
AcDbEntity
  8
Edges
100
AcDbLine
 10
-17.58559360964509
 20
-4.990214785763459
 30
0.0
 11
-17.58559360964509
 21
-4.101866512474909
 31
0.0
  0
LINE
  5
31C
330
83
100
AcDbEntity
  8
Edges
100
AcDbLine
 10
0.8900323572271133
 20
-7.760601473216345
 30
0.0
 11
0.8900323572271418
 21
-11.76088407710205
 31
0.0
  0
LINE
  5
31D
330
83
100
AcDbEntity
  8
Edges
100
AcDbLine
 10
-17.70494723684584
 20
-14.68312805144229
 30
0.0
 11
0.8900323572271418
 21
-14.68312805144229
 31
0.0
  0
LINE
  5
31E
330
83
100
AcDbEntity
  8
Edges
100
AcDbLine
 10
-19.93825192004016
 20
-10.90092028944743
 30
0.0
 11
-19.93825192004019
 21
-14.69838407710204
 31
0.0
  0
LINE
  5
31F
330
83
100
AcDbEntity
  8
Edges
100
AcDbLine
 10
-17.64673339846999
 20
-4.114876806084691
 30
0.0
 11
-17.64673339846999
 21
-4.990214785763459
 31
0.0
  0
LINE
  5
320
330
83
100
AcDbEntity
  8
Edges
100
AcDbLine
 10
5.452532357227113
 20
-3.939033803549211
 30
0.0
 11
5.452532357227113
 21
-4.990214785763466
 31
0.0
  0
LINE
  5
321
330
83
100
AcDbEntity
  8
Edges
100
AcDbLine
 10
-20.46872748529256
 20
-4.322167679196656
 30
0.0
 11
-20.46872748529256
 21
-5.973673555907016
 31
0.0
  0
LINE
  5
322
330
83
100
AcDbEntity
  8
Edges
100
AcDbLine
 10
-19.93825192004016
 20
-8.764548647582319
 30
0.0
 11
-19.93825192004016
 21
-6.626858467444112
 31
0.0
  0
LINE
  5
323
330
83
100
AcDbEntity
  8
Edges
100
AcDbLine
 10
-21.30199106573744
 20
-9.607760367648689
 30
0.0
 11
-21.30199106586417
 21
-10.0577085694711
 31
0.0
  0
LINE
  5
324
330
83
100
AcDbEntity
  8
Edges
100
AcDbLine
 10
-3.631156044787928
 20
0.8062954921684699
 30
0.0
 11
-3.668857236911946
 21
0.7159518068959124
 31
0.0
  0
LINE
  5
325
330
83
100
AcDbEntity
  8
Edges
100
AcDbLine
 10
-3.879808216566829
 20
0.5489072562071684
 30
0.0
 11
-3.897019892291666
 21
0.5418311002543384
 31
0.0
  0
LINE
  5
326
330
83
100
AcDbEntity
  8
Edges
100
AcDbLine
 10
-5.224184043945058
 20
0.5677523644790841
 30
0.0
 11
-4.615449316552911
 21
0.9092960491049591
 31
0.0
  0
LINE
  5
327
330
83
100
AcDbEntity
  8
Edges
100
AcDbLine
 10
-3.994110414871215
 20
0.5293094477504177
 30
0.0
 11
-4.091133500262884
 21
0.5423433365516069
 31
0.0
  0
LINE
  5
328
330
83
100
AcDbEntity
  8
Edges
100
AcDbLine
 10
-20.34178680595431
 20
-10.88248605532308
 30
0.0
 11
-20.34178680590958
 21
-8.782982881733307
 31
0.0
  0
LINE
  5
329
330
83
100
AcDbEntity
  8
Edges
100
AcDbLine
 10
-20.29992719461595
 20
-10.86223760435581
 30
0.0
 11
-20.29992719453301
 21
-8.803231332657462
 31
0.0
  0
LINE
  5
32A
330
83
100
AcDbEntity
  8
Edges
100
AcDbLine
 10
-20.89047897324167
 20
-10.86223661193914
 30
0.0
 11
-20.89047897319492
 21
-8.803232325153476
 31
0.0
  0
LINE
  5
32B
330
83
100
AcDbEntity
  8
Edges
100
AcDbLine
 10
-16.85624861679016
 20
-12.01467538029141
 30
0.0
 11
-17.77136745752591
 21
-10.05219798913103
 31
0.0
  0
LINE
  5
32C
330
83
100
AcDbEntity
  8
Edges
100
AcDbLine
 10
0.8900323572271418
 20
-12.39550820259547
 30
0.0
 11
1.023041505895292
 21
-12.39550820259547
 31
0.0
  0
LINE
  5
32D
330
83
100
AcDbEntity
  8
Edges
100
AcDbLine
 10
1.031830928839127
 20
-12.41371812556622
 30
0.0
 11
1.031830928839127
 21
-12.44865774882071
 31
0.0
  0
LINE
  5
32E
330
83
100
AcDbEntity
  8
Edges
100
AcDbLine
 10
1.031830928839127
 20
-13.01509343506733
 30
0.0
 11
1.031830928839127
 21
-12.98015381181284
 31
0.0
  0
LINE
  5
32F
330
83
100
AcDbEntity
  8
Edges
100
AcDbLine
 10
0.8900323572271418
 20
-13.03330335803808
 30
0.0
 11
1.023041505895292
 21
-13.03330335803808
 31
0.0
  0
LINE
  5
330
330
83
100
AcDbEntity
  8
Edges
100
AcDbLine
 10
1.626319358111402
 20
-12.53527180190112
 30
0.0
 11
1.626319358111402
 21
-12.89353975873244
 31
0.0
  0
LINE
  5
331
330
83
100
AcDbEntity
  8
Edges
100
AcDbLine
 10
0.8437699580821913
 20
-13.03330335803808
 30
0.0
 11
0.8900323572271418
 21
-13.03330335803808
 31
0.0
  0
LINE
  5
332
330
83
100
AcDbEntity
  8
Edges
100
AcDbLine
 10
1.031830928839127
 20
-12.98015381181284
 30
0.0
 11
1.031830928839127
 21
-12.44865774882071
 31
0.0
  0
LINE
  5
333
330
83
100
AcDbEntity
  8
Edges
100
AcDbLine
 10
0.8437699580821913
 20
-12.39550820259547
 30
0.0
 11
0.8900323572271418
 21
-12.39550820259547
 31
0.0
  0
LINE
  5
334
330
83
100
AcDbEntity
  8
Edges
100
AcDbLine
 10
0.2076876095817681
 20
-12.3526571058965
 30
0.0
 11
0.2076876095817681
 21
-11.84871997787454
 31
0.0
  0
LINE
  5
335
330
83
100
AcDbEntity
  8
Edges
100
AcDbLine
 10
-1.170265146323743
 20
-11.84871997787454
 30
0.0
 11
-1.170265146323743
 21
-12.35265710589651
 31
0.0
  0
LINE
  5
336
330
83
100
AcDbEntity
  8
Edges
100
AcDbLine
 10
-1.170265146323743
 20
-13.07706631441951
 30
0.0
 11
-1.170265146323743
 21
-13.03103328275818
 31
0.0
  0
LINE
  5
337
330
83
100
AcDbEntity
  8
Edges
100
AcDbLine
 10
0.2076876095817681
 20
-12.3526571058965
 30
0.0
 11
0.2076876095817681
 21
-12.40111202291566
 31
0.0
  0
LINE
  5
338
330
83
100
AcDbEntity
  8
Edges
100
AcDbLine
 10
0.2076876095817681
 20
-13.07706631441951
 30
0.0
 11
0.2076876095817681
 21
-13.03103328275818
 31
0.0
  0
LINE
  5
339
330
83
100
AcDbEntity
  8
Edges
100
AcDbLine
 10
0.2076876095817681
 20
-13.03103328275818
 30
0.0
 11
0.2076876095817681
 21
-12.40111202291566
 31
0.0
  0
LINE
  5
33A
330
83
100
AcDbEntity
  8
Edges
100
AcDbLine
 10
-1.170265146323743
 20
-12.40111202291566
 30
0.0
 11
-1.170265146323743
 21
-12.35265710589651
 31
0.0
  0
LINE
  5
33B
330
83
100
AcDbEntity
  8
Edges
100
AcDbLine
 10
-1.170265146323743
 20
-13.03103328275818
 30
0.0
 11
-1.170265146323743
 21
-12.40111202291566
 31
0.0
  0
LINE
  5
33C
330
83
100
AcDbEntity
  8
Edges
100
AcDbLine
 10
4.001144573892304
 20
11.51041247158111
 30
0.0
 11
4.020108286952364
 21
11.47665196183745
 31
0.0
  0
LINE
  5
33D
330
83
100
AcDbEntity
  8
Edges
100
AcDbLine
 10
4.273490872178172
 20
11.04379711777472
 30
0.0
 11
4.292796084224988
 21
11.00908307544798
 31
0.0
  0
LINE
  5
33E
330
83
100
AcDbEntity
  8
Edges
100
AcDbLine
 10
4.042339228236954
 20
11.43879464587128
 30
0.0
 11
4.083143828610104
 21
11.36992181137081
 31
0.0
  0
LINE
  5
33F
330
83
100
AcDbEntity
  8
Edges
100
AcDbLine
 10
0.3172371384205519
 20
5.571575604900516
 30
0.0
 11
0.3142460526220248
 21
5.575873110827897
 31
0.0
  0
LINE
  5
340
330
83
100
AcDbEntity
  8
Edges
100
AcDbLine
 10
0.1903153028240751
 20
5.752898042969762
 30
0.0
 11
0.2094153188418772
 21
5.725582161380899
 31
0.0
  0
LINE
  5
341
330
83
100
AcDbEntity
  8
Edges
100
AcDbLine
 10
0.0614309553945987
 20
5.936962955560661
 30
0.0
 11
0.0681299700138425
 21
5.927352144928454
 31
0.0
  0
LINE
  5
342
330
83
100
AcDbEntity
  8
Edges
100
AcDbLine
 10
0.383319318971246
 20
5.477200470465888
 30
0.0
 11
1.233125589452583
 21
4.263618793119853
 31
0.0
  0
LINE
  5
343
330
83
100
AcDbEntity
  8
Edges
100
AcDbLine
 10
0.3142460526220248
 20
5.575873110827897
 30
0.0
 11
0.3062843419942851
 21
5.587231027932844
 31
0.0
  0
LINE
  5
344
330
83
100
AcDbEntity
  8
Edges
100
AcDbLine
 10
0.3172371384205519
 20
5.571575604900516
 30
0.0
 11
0.3761717814709868
 21
5.487408211899992
 31
0.0
  0
LINE
  5
345
330
83
100
AcDbEntity
  8
Edges
100
AcDbLine
 10
0.2880284320479518
 20
6.809970222815733
 30
0.0
 11
-1.73294180473681
 21
6.809970222815733
 31
0.0
  0
ARC
  5
346
330
83
100
AcDbEntity
  8
Edges
100
AcDbCircle
 10
-1.52724402143184
 20
8.390259427739049
 30
0.0
 40
1.593620265073769
100
AcDbArc
 50
220.0445518430369
 51
262.5838113810627
  0
LINE
  5
347
330
83
100
AcDbEntity
  8
Edges
100
AcDbLine
 10
0.647108495089384
 20
6.605154706301311
 30
0.0
 11
2.639993702925124
 21
3.194740508446139
 31
0.0
  0
LINE
  5
348
330
83
100
AcDbEntity
  8
Edges
100
AcDbLine
 10
2.491642337536205
 20
2.629260075764671
 30
0.0
 11
-1.873799404538431
 21
0.1242073947574256
 31
0.0
  0
ARC
  5
349
330
83
100
AcDbEntity
  8
Edges
100
AcDbCircle
 10
-1.506403726202677
 20
-0.5629750856108105
 30
0.0
 40
0.779229969768123
100
AcDbArc
 50
118.1307707031183
 51
221.0902977786001
  0
LINE
  5
34A
330
83
100
AcDbEntity
  8
Edges
100
AcDbLine
 10
-2.093689638807632
 20
-1.075122137384612
 30
0.0
 11
0.3898245508420928
 21
-3.9230012617185
 31
0.0
  0
LINE
  5
34B
330
83
100
AcDbEntity
  8
Edges
100
AcDbLine
 10
5.206830955301626
 20
-3.9230012617185
 30
0.0
 11
8.019358702867293
 21
-0.8477651944853636
 31
0.0
  0
LINE
  5
34C
330
83
100
AcDbEntity
  8
Edges
100
AcDbLine
 10
6.094550626281773
 20
6.904597284084085
 30
0.0
 11
8.131897992303265
 21
-0.375575434867331
 31
0.0
  0
LINE
  5
34D
330
83
100
AcDbEntity
  8
Edges
100
AcDbLine
 10
6.094550626281801
 20
6.904597284084061
 30
0.0
 11
0.7240017490876199
 21
16.10604624902142
 31
0.0
  0
ARC
  5
34E
330
83
100
AcDbEntity
  8
Edges
100
AcDbCircle
 10
7.650397080337029
 20
-0.5103228718584499
 30
0.0
 40
0.5
100
AcDbArc
 50
317.5548071129185
 51
15.63421112974723
  0
LINE
  5
34F
330
83
100
AcDbEntity
  8
Edges
100
AcDbLine
 10
-2.794298188944623
 20
16.3540044027753
 30
0.0
 11
0.2921743440507782
 21
16.3540044027753
 31
0.0
  0
ARC
  5
350
330
83
100
AcDbEntity
  8
Edges
100
AcDbCircle
 10
0.2921743440507782
 20
15.8540044027753
 30
0.0
 40
0.5
100
AcDbArc
 50
30.27054470302833
 51
90.0
  0
LINE
  5
351
330
83
100
AcDbEntity
  8
Edges
100
AcDbLine
 10
-2.478382338273263
 20
16.3540044027753
 30
0.0
 11
-2.151327790930281
 21
19.77466279058278
 31
0.0
  0
LINE
  5
352
330
83
100
AcDbEntity
  8
Edges
100
AcDbLine
 10
-0.107236702641103
 20
16.3540044027753
 30
0.0
 11
-0.6918560717729179
 21
19.77466279058278
 31
0.0
  0
ARC
  5
353
330
83
100
AcDbEntity
  8
Edges
100
AcDbCircle
 10
-1.421591931351656
 20
19.50727316827996
 30
0.0
 40
0.7771818544397191
100
AcDbArc
 50
20.12383114444733
 51
159.8761688555492
  0
LINE
  5
354
330
83
100
AcDbEntity
  8
0
100
AcDbLine
 10
-17.96872748529256
 20
-14.69838407710204
 30
0.0
 11
-19.93825192004019
 21
-14.69838407710204
 31
0.0
  0
ENDBLK
  5
355
330
83
100
AcDbEntity
  8
0
100
AcDbBlockEnd
  0
ENDSEC
  0
SECTION
  2
ENTITIES
  0
INSERT
  5
82
330
2
100
AcDbEntity
  8
0
100
AcDbBlockReference
  2
Ruby5B-IR rs
 10
2863.988348802916
 20
600.667135652284
 30
0.0
 41
18.57142857142857
 42
18.57142857142857
 43
18.57142857142857
  0
MTEXT
  5
356
330
2
100
AcDbEntity
  8
0
 62
   253
100
AcDbMText
 10
2482.646918430719
 20
278.534797502037
 30
0.0
 40
46.42857142857145
 41
9282.306745719557
 46
555.621903113726
 71
     1
 72
     1
  1
{\fKaiTi|b0|i0|c134|p34;\C256;\c0;侧视图}
  7
ZB_宋体
 73
     1
 44
1.0
1001
ACAD
1000
ACAD_MTEXT_DEFINED_HEIGHT_BEGIN
1070
    46
1040
598.3620495070894
1000
ACAD_MTEXT_DEFINED_HEIGHT_END
  0
ENDSEC
  0
SECTION
  2
OBJECTS
  0
DICTIONARY
  5
9
330
0
100
AcDbDictionary
281
     1
  3
ACAD_COLOR
350
48
  3
ACAD_FIELDLIST
350
35B
  3
ACAD_GROUP
350
3F
  3
ACAD_LAYOUT
350
12
  3
ACAD_MATERIAL
350
B
  3
ACAD_MLEADERSTYLE
350
4B
  3
ACAD_MLINESTYLE
350
40
  3
ACAD_PLOTSETTINGS
350
41
  3
ACAD_PLOTSTYLENAME
350
8
  3
ACAD_SCALELIST
350
49
  3
ACAD_TABLESTYLE
350
4A
  3
ACAD_VISUALSTYLE
350
28
  3
ACDB_RECOMPOSE_DATA
350
360
  3
AcDbVariableDictionary
350
4C
  0
SUN
  5
29
330
26
100
AcDbSun
 90
        1
290
     0
 63
     7
421
 16777215
 40
1.0
291
     1
 91
  2455826
 92
 54000000
292
     0
 70
     0
 71
   256
280
     1
1001
ACAD
1000
AcDbSavedByObjectVersion
1070
     0
  0
DICTIONARY
  5
1B
330
1A
100
AcDbDictionary
280
     1
281
     1
  3
ACAD_LAYERSTATES
360
1C
  0
DICTIONARY
  5
3
330
2
100
AcDbDictionary
280
     1
281
     1
  3
ACAD_SORTENTS
360
35A
  0
DICTIONARY
  5
37
330
36
100
AcDbDictionary
280
     1
281
     1
  3
ACAD_SORTENTS
360
358
  0
DICTIONARY
  5
30
330
2F
100
AcDbDictionary
280
     1
281
     1
  3
ACAD_SORTENTS
360
359
  0
DICTIONARY
  5
84
330
83
100
AcDbDictionary
280
     1
281
     1
  3
ACAD_SORTENTS
360
357
  0
DICTIONARY
  5
48
102
{ACAD_REACTORS
330
9
102
}
330
9
100
AcDbDictionary
281
     1
  0
FIELDLIST
  5
35B
102
{ACAD_REACTORS
330
9
102
}
330
9
100
AcDbIdSet
 90
        0
100
AcDbFieldList
  0
DICTIONARY
  5
3F
102
{ACAD_REACTORS
330
9
102
}
330
9
100
AcDbDictionary
281
     1
  0
DICTIONARY
  5
12
102
{ACAD_REACTORS
330
9
102
}
330
9
100
AcDbDictionary
281
     1
  3
Layout1
350
19
  3
Model
350
11
  0
DICTIONARY
  5
B
102
{ACAD_REACTORS
330
9
102
}
330
9
100
AcDbDictionary
281
     1
  3
ByBlock
350
45
  3
ByLayer
350
42
  3
Global
350
A
  0
DICTIONARY
  5
4B
102
{ACAD_REACTORS
330
9
102
}
330
9
100
AcDbDictionary
281
     1
  0
DICTIONARY
  5
40
102
{ACAD_REACTORS
330
9
102
}
330
9
100
AcDbDictionary
281
     1
  3
Standard
350
5C
  0
DICTIONARY
  5
41
102
{ACAD_REACTORS
330
9
102
}
330
9
100
AcDbDictionary
281
     1
  0
ACDBDICTIONARYWDFLT
  5
8
102
{ACAD_REACTORS
330
9
102
}
330
9
100
AcDbDictionary
281
     1
  3
Color_7
350
89
  3
Normal
350
7
100
AcDbDictionaryWithDefault
340
7
  0
DICTIONARY
  5
49
102
{ACAD_REACTORS
330
9
102
}
330
9
100
AcDbDictionary
281
     1
  3
A0
350
61
  3
A1
350
62
  3
A2
350
63
  3
A3
350
64
  3
A4
350
65
  3
A5
350
66
  3
A6
350
67
  3
A7
350
68
  3
A8
350
69
  3
A9
350
6A
  3
B0
350
6B
  3
B1
350
6C
  3
B2
350
6D
  3
B3
350
6E
  3
B4
350
6F
  3
B5
350
70
  3
B6
350
71
  3
B7
350
72
  3
B8
350
73
  3
B9
350
74
  3
C0
350
75
  3
C1
350
76
  3
C2
350
77
  3
C3
350
78
  3
C4
350
79
  3
C5
350
7A
  3
C6
350
7B
  3
C7
350
7C
  3
C8
350
7D
  3
C9
350
7E
  3
D0
350
7F
  3
D1
350
80
  3
D2
350
81
  0
DICTIONARY
  5
4A
102
{ACAD_REACTORS
330
9
102
}
330
9
100
AcDbDictionary
281
     1
  3
Standard
350
5D
  0
DICTIONARY
  5
28
102
{ACAD_REACTORS
330
9
102
}
330
9
100
AcDbDictionary
281
     1
  3
2dWireframe
350
27
  3
Realistic
350
5F
  3
Wireframe
350
60
  0
XRECORD
  5
360
102
{ACAD_REACTORS
330
9
102
}
330
9
100
AcDbXrecord
280
     1
 90
        1
330
5D
  0
DICTIONARY
  5
4C
102
{ACAD_REACTORS
330
9
102
}
330
9
100
AcDbDictionary
281
     1
  3
CANNOSCALE
350
4D
  3
CMLEADERSTYLE
350
4E
  3
CTABLESTYLE
350
4F
  3
CVIEWDETAILSTYLE
350
50
  3
CVIEWSECTIONSTYLE
350
51
  3
DIMASSOC
350
52
  3
HIDETEXT
350
53
  3
HPCOLOR
350
54
  3
HPTRANSPARENCY
350
55
  3
LAYEREVAL
350
56
  3
LAYERNOTIFY
350
57
  3
LIGHTINGUNITS
350
58
  3
MARKUPASSISTMODE
350
59
  3
MSLTSCALE
350
5A
  3
SOLIDHIST
350
5B
  3
XCLIPFRAME
350
35C
  0
DICTIONARY
  5
1C
102
{ACAD_REACTORS
330
1B
102
}
330
1B
100
AcDbDictionary
281
     1
  0
SORTENTSTABLE
  5
35A
102
{ACAD_REACTORS
330
3
102
}
330
3
100
AcDbSortentsTable
330
2
  0
SORTENTSTABLE
  5
358
102
{ACAD_REACTORS
330
37
102
}
330
37
100
AcDbSortentsTable
330
36
  0
SORTENTSTABLE
  5
359
102
{ACAD_REACTORS
330
30
102
}
330
30
100
AcDbSortentsTable
330
2F
  0
SORTENTSTABLE
  5
357
102
{ACAD_REACTORS
330
84
102
}
330
84
100
AcDbSortentsTable
330
83
331
34C
  5
34F
331
34E
  5
34C
331
34F
  5
350
331
350
  5
34E
  0
LAYOUT
  5
19
102
{ACAD_REACTORS
330
12
102
}
330
12
100
AcDbPlotSettings
  1

  2
None
  4

  6

 40
0.0
 41
0.0
 42
0.0
 43
0.0
 44
0.0
 45
0.0
 46
0.0
 47
0.0
 48
0.0
 49
0.0
140
0.0
141
0.0
142
1.0
143
1.0
 70
   688
 72
     0
 73
     0
 74
     5
  7
acad.ctb
 75
    16
147
1.0
 76
     0
 77
     2
 78
   300
148
0.0
149
0.0
100
AcDbLayout
  1
Layout1
 70
     1
 71
     1
 10
0.0
 20
0.0
 11
12.0
 21
9.0
 12
0.0
 22
0.0
 32
0.0
 14
0.0
 24
0.0
 34
0.0
 15
0.0
 25
0.0
 35
0.0
146
0.0
 13
0.0
 23
0.0
 33
0.0
 16
1.0
 26
0.0
 36
0.0
 17
0.0
 27
1.0
 37
0.0
 76
     0
330
16
  0
LAYOUT
  5
11
102
{ACAD_XDICTIONARY
360
13
102
}
102
{ACAD_REACTORS
330
12
102
}
330
12
100
AcDbPlotSettings
  1

  2
HP LaserJet Professional P1106
  4
Letter
  6

 40
4.857749462127685
 41
4.85772705078125
 42
4.011093139648437
 43
4.857757568359375
 44
215.8999938964844
 45
279.3999938964844
 46
0.0
 47
0.0
 48
91879.27230637805
 49
35955.54609258753
140
108267.192306378
141
47269.62609258754
142
1.0
143
1543.481934188235
 70
  3760
 72
     0
 73
     1
 74
     4
  7
monochrome.ctb
 75
     0
147
0.0006478857820425
 76
     1
 77
     2
 78
   300
148
-2333733.516582003
149
-913270.8707517231
100
AcDbLayout
  1
Model
 70
     1
 71
     0
 10
0.0
 20
0.0
 11
12.0
 21
9.0
 12
0.0
 22
0.0
 32
0.0
 14
0.0
 24
0.0
 34
0.0
 15
0.0
 25
0.0
 35
0.0
146
0.0
 13
0.0
 23
0.0
 33
0.0
 16
1.0
 26
0.0
 36
0.0
 17
0.0
 27
1.0
 37
0.0
 76
     0
330
2
331
26
1001
ACAD_PSEXT
1000
HP LaserJet Professional P1106
1000
HP LaserJet Professional P1106
1000
USB001
1000

1070
     0
  0
MATERIAL
  5
45
102
{ACAD_XDICTIONARY
360
46
102
}
102
{ACAD_REACTORS
330
B
102
}
330
B
100
AcDbMaterial
  1
ByBlock
 94
       63
  0
MATERIAL
  5
42
102
{ACAD_XDICTIONARY
360
43
102
}
102
{ACAD_REACTORS
330
B
102
}
330
B
100
AcDbMaterial
  1
ByLayer
 94
       63
  0
MATERIAL
  5
A
102
{ACAD_XDICTIONARY
360
C
102
}
102
{ACAD_REACTORS
330
B
102
}
330
B
100
AcDbMaterial
  1
Global
 43
0.0208000000566244
 43
0.0
 43
0.0
 43
0.0
 43
0.0
 43
0.0208000000566244
 43
0.0
 43
0.0
 43
0.0
 43
0.0
 43
1.0
 43
0.0
 43
0.0
 43
0.0
 43
0.0
 43
1.0
 49
0.0208000000566244
 49
0.0
 49
0.0
 49
0.0
 49
0.0
 49
0.0208000000566244
 49
0.0
 49
0.0
 49
0.0
 49
0.0
 49
1.0
 49
0.0
 49
0.0
 49
0.0
 49
0.0
 49
1.0
142
0.0208000000566244
142
0.0
142
0.0
142
0.0
142
0.0
142
0.0208000000566244
142
0.0
142
0.0
142
0.0
142
0.0
142
1.0
142
0.0
142
0.0
142
0.0
142
0.0
142
1.0
144
0.0208000000566244
144
0.0
144
0.0
144
0.0
144
0.0
144
0.0208000000566244
144
0.0
144
0.0
144
0.0
144
0.0
144
1.0
144
0.0
144
0.0
144
0.0
144
0.0
144
1.0
 94
       63
1001
ACAD
1070
    -1
1070
     3
1070
     0
1000

1071
        0
1070
     0
  0
MLINESTYLE
  5
5C
102
{ACAD_REACTORS
330
40
102
}
330
40
100
AcDbMlineStyle
  2
STANDARD
 70
     0
  3

 62
   256
 51
90.0
 52
90.0
 71
     2
 49
0.5
 62
   256
  6
BYLAYER
 49
-0.5
 62
   256
  6
BYLAYER
  0
ACDBPLACEHOLDER
  5
89
102
{ACAD_REACTORS
330
8
102
}
330
8
  0
ACDBPLACEHOLDER
  5
7
102
{ACAD_REACTORS
330
8
102
}
330
8
  0
SCALE
  5
61
102
{ACAD_REACTORS
330
49
102
}
330
49
100
AcDbScale
 70
     0
300
1:1
140
1.0
141
1.0
290
     1
  0
SCALE
  5
62
102
{ACAD_REACTORS
330
49
102
}
330
49
100
AcDbScale
 70
     0
300
1:2
140
1.0
141
2.0
290
     0
  0
SCALE
  5
63
102
{ACAD_REACTORS
330
49
102
}
330
49
100
AcDbScale
 70
     0
300
1:4
140
1.0
141
4.0
290
     0
  0
SCALE
  5
64
102
{ACAD_REACTORS
330
49
102
}
330
49
100
AcDbScale
 70
     0
300
1:5
140
1.0
141
5.0
290
     0
  0
SCALE
  5
65
102
{ACAD_REACTORS
330
49
102
}
330
49
100
AcDbScale
 70
     0
300
1:8
140
1.0
141
8.0
290
     0
  0
SCALE
  5
66
102
{ACAD_REACTORS
330
49
102
}
330
49
100
AcDbScale
 70
     0
300
1:10
140
1.0
141
10.0
290
     0
  0
SCALE
  5
67
102
{ACAD_REACTORS
330
49
102
}
330
49
100
AcDbScale
 70
     0
300
1:16
140
1.0
141
16.0
290
     0
  0
SCALE
  5
68
102
{ACAD_REACTORS
330
49
102
}
330
49
100
AcDbScale
 70
     0
300
1:20
140
1.0
141
20.0
290
     0
  0
SCALE
  5
69
102
{ACAD_REACTORS
330
49
102
}
330
49
100
AcDbScale
 70
     0
300
1:30
140
1.0
141
30.0
290
     0
  0
SCALE
  5
6A
102
{ACAD_REACTORS
330
49
102
}
330
49
100
AcDbScale
 70
     0
300
1:40
140
1.0
141
40.0
290
     0
  0
SCALE
  5
6B
102
{ACAD_REACTORS
330
49
102
}
330
49
100
AcDbScale
 70
     0
300
1:50
140
1.0
141
50.0
290
     0
  0
SCALE
  5
6C
102
{ACAD_REACTORS
330
49
102
}
330
49
100
AcDbScale
 70
     0
300
1:100
140
1.0
141
100.0
290
     0
  0
SCALE
  5
6D
102
{ACAD_REACTORS
330
49
102
}
330
49
100
AcDbScale
 70
     0
300
2:1
140
2.0
141
1.0
290
     0
  0
SCALE
  5
6E
102
{ACAD_REACTORS
330
49
102
}
330
49
100
AcDbScale
 70
     0
300
4:1
140
4.0
141
1.0
290
     0
  0
SCALE
  5
6F
102
{ACAD_REACTORS
330
49
102
}
330
49
100
AcDbScale
 70
     0
300
8:1
140
8.0
141
1.0
290
     0
  0
SCALE
  5
70
102
{ACAD_REACTORS
330
49
102
}
330
49
100
AcDbScale
 70
     0
300
10:1
140
10.0
141
1.0
290
     0
  0
SCALE
  5
71
102
{ACAD_REACTORS
330
49
102
}
330
49
100
AcDbScale
 70
     0
300
100:1
140
100.0
141
1.0
290
     0
  0
SCALE
  5
72
102
{ACAD_REACTORS
330
49
102
}
330
49
100
AcDbScale
 70
     0
300
1/128" = 1'-0"
140
0.0078125
141
12.0
290
     0
  0
SCALE
  5
73
102
{ACAD_REACTORS
330
49
102
}
330
49
100
AcDbScale
 70
     0
300
1/64" = 1'-0"
140
0.015625
141
12.0
290
     0
  0
SCALE
  5
74
102
{ACAD_REACTORS
330
49
102
}
330
49
100
AcDbScale
 70
     0
300
1/32" = 1'-0"
140
0.03125
141
12.0
290
     0
  0
SCALE
  5
75
102
{ACAD_REACTORS
330
49
102
}
330
49
100
AcDbScale
 70
     0
300
1/16" = 1'-0"
140
0.0625
141
12.0
290
     0
  0
SCALE
  5
76
102
{ACAD_REACTORS
330
49
102
}
330
49
100
AcDbScale
 70
     0
300
3/32" = 1'-0"
140
0.09375
141
12.0
290
     0
  0
SCALE
  5
77
102
{ACAD_REACTORS
330
49
102
}
330
49
100
AcDbScale
 70
     0
300
1/8" = 1'-0"
140
0.125
141
12.0
290
     0
  0
SCALE
  5
78
102
{ACAD_REACTORS
330
49
102
}
330
49
100
AcDbScale
 70
     0
300
3/16" = 1'-0"
140
0.1875
141
12.0
290
     0
  0
SCALE
  5
79
102
{ACAD_REACTORS
330
49
102
}
330
49
100
AcDbScale
 70
     0
300
1/4" = 1'-0"
140
0.25
141
12.0
290
     0
  0
SCALE
  5
7A
102
{ACAD_REACTORS
330
49
102
}
330
49
100
AcDbScale
 70
     0
300
3/8" = 1'-0"
140
0.375
141
12.0
290
     0
  0
SCALE
  5
7B
102
{ACAD_REACTORS
330
49
102
}
330
49
100
AcDbScale
 70
     0
300
1/2" = 1'-0"
140
0.5
141
12.0
290
     0
  0
SCALE
  5
7C
102
{ACAD_REACTORS
330
49
102
}
330
49
100
AcDbScale
 70
     0
300
3/4" = 1'-0"
140
0.75
141
12.0
290
     0
  0
SCALE
  5
7D
102
{ACAD_REACTORS
330
49
102
}
330
49
100
AcDbScale
 70
     0
300
1" = 1'-0"
140
1.0
141
12.0
290
     0
  0
SCALE
  5
7E
102
{ACAD_REACTORS
330
49
102
}
330
49
100
AcDbScale
 70
     0
300
1-1/2" = 1'-0"
140
1.5
141
12.0
290
     0
  0
SCALE
  5
7F
102
{ACAD_REACTORS
330
49
102
}
330
49
100
AcDbScale
 70
     0
300
3" = 1'-0"
140
3.0
141
12.0
290
     0
  0
SCALE
  5
80
102
{ACAD_REACTORS
330
49
102
}
330
49
100
AcDbScale
 70
     0
300
6" = 1'-0"
140
6.0
141
12.0
290
     0
  0
SCALE
  5
81
102
{ACAD_REACTORS
330
49
102
}
330
49
100
AcDbScale
 70
     0
300
1'-0" = 1'-0"
140
12.0
141
12.0
290
     0
  0
TABLESTYLE
  5
5D
102
{ACAD_XDICTIONARY
360
5E
102
}
102
{ACAD_REACTORS
330
4A
102
}
330
4A
100
AcDbTableStyle
  3
Standard
 70
     0
 71
     0
 40
0.06
 41
0.06
280
     0
281
     0
  7
Standard
140
0.18
170
     2
 62
     0
 63
     7
283
     0
 90
      512
 91
        0
  1

274
    -2
284
     1
 64
     0
275
    -2
285
     1
 65
     0
276
    -2
286
     1
 66
     0
277
    -2
287
     1
 67
     0
278
    -2
288
     1
 68
     0
279
    -2
289
     1
 69
     0
  7
Standard
140
0.25
170
     5
 62
     0
 63
     7
283
     0
 90
      512
 91
        0
  1

274
    -2
284
     1
 64
     0
275
    -2
285
     1
 65
     0
276
    -2
286
     1
 66
     0
277
    -2
287
     1
 67
     0
278
    -2
288
     1
 68
     0
279
    -2
289
     1
 69
     0
  7
Standard
140
0.18
170
     5
 62
     0
 63
     7
283
     0
 90
      512
 91
        0
  1

274
    -2
284
     1
 64
     0
275
    -2
285
     1
 65
     0
276
    -2
286
     1
 66
     0
277
    -2
287
     1
 67
     0
278
    -2
288
     1
 68
     0
279
    -2
289
     1
 69
     0
  0
VISUALSTYLE
  5
27
102
{ACAD_XDICTIONARY
360
361
102
}
102
{ACAD_REACTORS
330
28
102
}
330
28
100
AcDbVisualStyle
  2
2dWireframe
 70
     4
 71
     0
 72
     2
 73
     1
 90
        0
 40
-0.6
 41
-30.0
 62
     5
 63
     7
421
 16777215
 74
     1
 91
        4
 64
     7
 65
   257
 75
     1
175
     1
 42
1.0
 92
        0
 66
   257
 43
1.0
 76
     1
 77
     6
 78
     2
 67
     7
 79
     5
170
     0
171
     0
290
     0
174
     0
 93
        1
 44
0.0
173
     0
291
     0
 45
0.0
1001
ACAD
1000
AcDbSavedByObjectVersion
1070
     0
  0
VISUALSTYLE
  5
5F
102
{ACAD_XDICTIONARY
360
363
102
}
102
{ACAD_REACTORS
330
28
102
}
330
28
100
AcDbVisualStyle
  2
Realistic
 70
     8
 71
     2
 72
     2
 73
     0
 90
        2
 40
-0.6
 41
30.0
 62
     5
 63
     7
421
 16777215
 74
     0
 91
        0
 64
     7
 65
   257
 75
     1
175
     1
 42
1.0
 92
        8
 66
   257
 43
1.0
 76
     1
 77
     6
 78
     2
 67
     7
 79
     3
170
     0
171
     0
290
     0
174
     0
 93
       13
 44
0.0
173
     0
291
     0
 45
0.0
1001
ACAD
1000
AcDbSavedByObjectVersion
1070
     0
  0
VISUALSTYLE
  5
60
102
{ACAD_XDICTIONARY
360
365
102
}
102
{ACAD_REACTORS
330
28
102
}
330
28
100
AcDbVisualStyle
  2
Wireframe
 70
     5
 71
     0
 72
     2
 73
     0
 90
        0
 40
-0.6
 41
-30.0
 62
     5
 63
     7
421
 16777215
 74
     1
 91
        4
 64
     7
 65
   257
 75
     1
175
     1
 42
1.0
 92
        0
 66
   257
 43
1.0
 76
     1
 77
     6
 78
     2
 67
     7
 79
     3
170
     0
171
     0
290
     0
174
     0
 93
        1
 44
0.0
173
     0
291
     0
 45
0.0
1001
ACAD
1000
AcDbSavedByObjectVersion
1070
     0
  0
DICTIONARYVAR
  5
4D
102
{ACAD_REACTORS
330
4C
102
}
330
4C
100
DictionaryVariables
280
     0
  1
1:1
  0
DICTIONARYVAR
  5
4E
102
{ACAD_REACTORS
330
4C
102
}
330
4C
100
DictionaryVariables
280
     0
  1
STANDARD
  0
DICTIONARYVAR
  5
4F
102
{ACAD_REACTORS
330
4C
102
}
330
4C
100
DictionaryVariables
280
     0
  1
STANDARD
  0
DICTIONARYVAR
  5
50
102
{ACAD_REACTORS
330
4C
102
}
330
4C
100
DictionaryVariables
280
     0
  1

  0
DICTIONARYVAR
  5
51
102
{ACAD_REACTORS
330
4C
102
}
330
4C
100
DictionaryVariables
280
     0
  1

  0
DICTIONARYVAR
  5
52
102
{ACAD_REACTORS
330
4C
102
}
330
4C
100
DictionaryVariables
280
     0
  1
2
  0
DICTIONARYVAR
  5
53
102
{ACAD_REACTORS
330
4C
102
}
330
4C
100
DictionaryVariables
280
     0
  1
1
  0
DICTIONARYVAR
  5
54
102
{ACAD_REACTORS
330
4C
102
}
330
4C
100
DictionaryVariables
280
     0
  1
253
  0
DICTIONARYVAR
  5
55
102
{ACAD_REACTORS
330
4C
102
}
330
4C
100
DictionaryVariables
280
     0
  1
ByLayer
  0
DICTIONARYVAR
  5
56
102
{ACAD_REACTORS
330
4C
102
}
330
4C
100
DictionaryVariables
280
     0
  1
0
  0
DICTIONARYVAR
  5
57
102
{ACAD_REACTORS
330
4C
102
}
330
4C
100
DictionaryVariables
280
     0
  1
0
  0
DICTIONARYVAR
  5
58
102
{ACAD_REACTORS
330
4C
102
}
330
4C
100
DictionaryVariables
280
     0
  1
2
  0
DICTIONARYVAR
  5
59
102
{ACAD_REACTORS
330
4C
102
}
330
4C
100
DictionaryVariables
280
     0
  1
0
  0
DICTIONARYVAR
  5
5A
102
{ACAD_REACTORS
330
4C
102
}
330
4C
100
DictionaryVariables
280
     0
  1
1
  0
DICTIONARYVAR
  5
5B
102
{ACAD_REACTORS
330
4C
102
}
330
4C
100
DictionaryVariables
280
     0
  1
1
  0
DICTIONARYVAR
  5
35C
102
{ACAD_REACTORS
330
4C
102
}
330
4C
100
DictionaryVariables
280
     0
  1
2
  0
DICTIONARY
  5
13
330
11
100
AcDbDictionary
280
     1
281
     1
  3
ADSK_XREC_LAYOUTTHUMBNAIL
360
14
  0
DICTIONARY
  5
46
330
45
100
AcDbDictionary
280
     1
281
     1
  3
FBXASSET
360
47
  0
DICTIONARY
  5
43
330
42
100
AcDbDictionary
280
     1
281
     1
  3
FBXASSET
360
44
  0
DICTIONARY
  5
C
330
A
100
AcDbDictionary
280
     1
281
     1
  3
FBXASSET
360
D
  0
DICTIONARY
  5
5E
330
5D
100
AcDbDictionary
280
     1
281
     1
  3
ACAD_ROUNDTRIP_2008_TABLESTYLE_CELLSTYLEMAP
360
35D
  0
DICTIONARY
  5
361
330
27
100
AcDbDictionary
280
     1
281
     1
  3
ACAD_XREC_ROUNDTRIP
360
362
  0
DICTIONARY
  5
363
330
5F
100
AcDbDictionary
280
     1
281
     1
  3
ACAD_XREC_ROUNDTRIP
360
364
  0
DICTIONARY
  5
365
330
60
100
AcDbDictionary
280
     1
281
     1
  3
ACAD_XREC_ROUNDTRIP
360
366
  0
XRECORD
  5
14
102
{ACAD_REACTORS
330
13
102
}
330
13
100
AcDbXrecord
280
     1
310
28000000000100006D0000000100080000000000006D00000000000000000000000000000000000030282100FFFFFF00302821000000000000000000000000000000000000000000000000000000000000000000330000006600000099000000CC000000FF00000000330000333300006633000099330000CC330000FF3300
310
0000660000336600006666000099660000CC660000FF66000000990000339900006699000099990000CC990000FF99000000CC000033CC000066CC000099CC0000CCCC0000FFCC000000FF000033FF000066FF000099FF0000CCFF0000FFFF000000003300330033006600330099003300CC003300FF003300003333003333
310
33006633330099333300CC333300FF33330000663300336633006666330099663300CC663300FF66330000993300339933006699330099993300CC993300FF99330000CC330033CC330066CC330099CC3300CCCC3300FFCC330000FF330033FF330066FF330099FF3300CCFF3300FFFF330000006600330066006600660099
310
006600CC006600FF00660000336600333366006633660099336600CC336600FF33660000666600336666006666660099666600CC666600FF66660000996600339966006699660099996600CC996600FF99660000CC660033CC660066CC660099CC6600CCCC6600FFCC660000FF660033FF660066FF660099FF6600CCFF6600
310
FFFF660000009900330099006600990099009900CC009900FF00990000339900333399006633990099339900CC339900FF33990000669900336699006666990099669900CC669900FF66990000999900339999006699990099999900CC999900FF99990000CC990033CC990066CC990099CC9900CCCC9900FFCC990000FF99
310
0033FF990066FF990099FF9900CCFF9900FFFF99000000CC003300CC006600CC009900CC00CC00CC00FF00CC000033CC003333CC006633CC009933CC00CC33CC00FF33CC000066CC003366CC006666CC009966CC00CC66CC00FF66CC000099CC003399CC006699CC009999CC00CC99CC00FF99CC0000CCCC0033CCCC0066CC
310
CC0099CCCC00CCCCCC00FFCCCC0000FFCC0033FFCC0066FFCC0099FFCC00CCFFCC00FFFFCC000000FF003300FF006600FF009900FF00CC00FF00FF00FF000033FF003333FF006633FF009933FF00CC33FF00FF33FF000066FF003366FF006666FF009966FF00CC66FF00FF66FF000099FF003399FF006699FF009999FF00CC
310
99FF00FF99FF0000CCFF0033CCFF0066CCFF0099CCFF00CCCCFF00FFCCFF0000FFFF0033FFFF0066FFFF0099FFFF00CCFFFF00FFFFFF00000000000D0D0D001A1A1A00282828003535350043434300505050005D5D5D006B6B6B00787878008686860093939300A1A1A100AEAEAE00BBBBBB00C9C9C900D6D6D600E4E4E400
310
F1F1F100FFFFFF000000000000000000000000000000000000000000000000000000000000000000000000000000000000000000000000000000000000000000000000000000000000000000000000000000000000000000000000000000000000000000000000000000000000000000000000000000000000000000000000
310
00000000000000000000000000000000000000000000000000000000000000000000000000000000000000000000000000000000000000000000000000000000000000000000000000000000000000000000000000000000000000000000000000000000000000000000000000000000000000000000000000000000000000
310
00000000000000000000000000000000000000000000000000000000000000000000000000000000000000000000000000000000000000000000000000000000000000000000000000000000000000000000000000000000000000000000000000000000000000000000000000000000000000000000000000000000000000
310
00000000000000000000000000000000000000000000000000000000000000000000000000000000000000000000000000000000000000000000000000000000000000000000000000000000000000000000000000000000000000000000000000000000000000000000000000000000000000000000000000000000000000
310
00000000000000000000000000000000000000000000000000000000000000000000000000000000000000000000000000000000000000000000000000000000000000000000000000000000000000000000000000000000000000000000000000000000000000000000000000000000000000000000000000000000000000
310
00000000000000000000000000000000000000000000000000000000000000000000000000000000000000000000000000000000000000000000000000000000000000000000000000000000000000000000000000000000000000000000000000000000000000000000000000000000000000000000000000000000000000
310
00000000000000000000000000000000000000000000000000000000000000000000000000000000000000000000000000000000000000000000000000000000000000000000000000000000000000000000000000000000000000000000000000000000000000000000000000000000000000000000000000000000000000
310
00000000000000000000000000000000000000000000000000000000000000000000000000000000000000000000000000000000000000000000000000000000000000000000000000000000000000000000000000000000000000000000000000000000000000000000000000000000000000000000000000000000000000
310
00000000000000000000000000000000000000000000000000000000000000000000000000000000000000000000000000000000000000000000000000000000000000000000000000000000000000000000000000000000000000000000000000000000000000000000000000000000000000000000000000000000000000
310
00000000000000000000000000000000000000000000000000000000000000000000000000000000000000000000000000000000000000000000000000000000000000000000000000000000000000000000000000000000000000000000000000000000000000000000000000000000000000000000000000000000000000
310
00000000000000000000000000000000000000000000000000000000000000000000000000000000000000000000000000000000000000000000000000000000000000000000000000000000000000000000000000000000000000000000000000000000000000000000000000000000000000000000000000000000000000
310
00000000000000000000000000000000000000000000000000000000000000000000000000000000000000000000000000000000000000000000000000000000000000000000000000000000000000000000000000000000000000000000000000000000000000000000000000000000000000000000000000000000000000
310
00000000000000000000000000000000000000000000000000000000000000000000000000000000000000000000000000000000000000000000000000000000000000000000000000000000000000000000000000000000000000000000000000000000000000000000000000000000000000000000000000000000000000
310
00000000000000000000000000000000000000000000000000000000000000000000000000000000000000000000000000000000000000000000000000000000000000000000000000000000000000000000000000000000000000000000000000000000000000000000000000000000000000000000000000000000000000
310
00000000000000000000000000000000000000000000000000000000000000000000000000000000000000000000000000000000000000000000000000000000000000000000000000000000000000000000000000000000000000000000000000000000000000000000000000000000000000000000000000000000000000
310
00000000000000000000000000000000000000000000000000000000000000000000000000000000000000000000000000000000000000000000000000000000000000000000000000000000000000000000000000000000000000000000000000000000000000000000000000000000000000000000000000000000000000
310
00000000000000000000000000000000000000000000000000000000000000000000000000000000000000000000000000000000000000000000000000000000000000000000000000000000000000000000000000000000000000000000000000000000000000000000000000000000000000000000000000000000000000
310
00000000000000000000000000000000000000000000000000000000000000000000000000000000000000000000000000000000000000000000000000000000000000000000000000000000000000000000000000000000000000000000000000000000000000000000000000000000000000000000000000000000000000
310
00000000000000000000000000000000000000000000000000000000000000000000000000000000000000000000000000000000000000000000000000000000000000000000000000000000000000000000000000000000000000000000000000000000000000000000000000000000000000000000000000000000000000
310
00000000000000000000000000000000000000000000000000000000000000000000000000000000000000000000000000000000000000000000000000000000000000000000000000000000000000000000000000000000000000000000000000000000000000000000000000000000000000000000000000000000000000
310
00000000000000000000000000000000000000000000000000000000000000000000000000000000000000000000000000000000000000000000000000000000000000000000000000000000000000000000000000000000000000000000000000000000000000000000000000000000000000000000000000000000000000
310
00000000000000000000000000000000000000000000000000000000000000000000000000000000000000000000000000000000000000000000000000000000000000000000000000000000000000000000000000000000000000000000000000000000000000000000000000000000000000000000000000000000000000
310
00000000000000000000000000000000000000000000000000000000000000000000000000000000000000000000000000000000000000000000000000000000000000000000000000000000000000000000000000000000000000000000000000000000000000000000000000000000000000000000000000000000000000
310
00000000000000000000000000000000000000000000000000000000000000000000000000000000000000000000000000000000000000000000000000000000000000000000000000000000000000000000000000000000000000000000000000000000000000000000000000000000000000000000000000000000000000
310
00000000000000000000000000000000000000000000000000000000000000000000000000000000000000000000000000000000000000000000000000000000000000000000000000000000000000000000000000000000000000000000000000000000000000000000000000000000000000000000000000000000000000
310
00000000000000000000000000000000000000000000000000000000000000000000000000000000000000000000000000000000000000000000000000000000000000000000000000000000000000000000000000000000000000000000000000000000000000000000000000000000000000000000000000000000000000
310
00000000000000000000000000000000000000000000000000000000000000000000000000000000000000000000000000000000000000000000000000000000000000000000000000000000000000000000000000000000000000000000000000000000000000000000000000000000000000000000000000000000000000
310
00000000000000000000000000000000000000000000000000000000000000000000000000000000000000000000000000000000000000000000000000000000000000000000000000000000000000000000000000000000000000000000000000000000000000000000000000000000000000000000000000000000000000
310
00000000000000000000000000000000000000000000000000000000000000000000000000000000000000000000000000000000000000000000000000000000000000000000000000000000000000000000000000000000000000000000000000000000000000000000000000000000000000000000000000000000000000
310
00000000000000000000000000000000000000000000000000000000000000000000000000000000000000000000000000000000000000000000000000000000000000000000000000000000000000000000000000000000000000000000000000000000000000000000000000000000000000000000000000000000000000
310
00000000000000000000000000000000000000000000000000000000000000000000000000000000000000000000000000000000000000000000000000000000000000000000000000000000000000000000000000000000000000000000000000000000000000000000000000000000000000000000000000000000000000
310
00000000000000000000000000000000000000000000000000000000000000000000000000000000000000000000000000000000000000000000000000000000000000000000000000000000000000000000000000000000000000000000000000000000000000000000000000000000000000000000000000000000000000
310
00000000000000000000000000000000000000000000000000000000000000000000000000000000000000000000000000000000000000000000000000000000000000000000000000000000000000000000000000000000000000000000000000000000000000000000000000000000000000000000000000000000000000
310
00000000000000000000000000000000000000000000000000000000000000000000000000000000000000000000000000000000000000000000000000000000000000000000000000000000000000000000000000000000000000000000000000000000000000000000000000000000000000000000000000000000000000
310
00000000000000000000000000000000000000000000000000000000000000000000000000000000000000000000000000000000000000000000000000000000000000000000000000000000000000000000000000000000000000000000000000000000000000000000000000000000000000000000000000000000000000
310
00000000000000000000000000000000000000000000000000000000000000000000000000000000000000000000000000000000000000000000000000000000000000000000000000000000000000000000000000000000000000000000000000000000000000000000000000000000000000000000000000000000000000
310
00000000000000000000000000000000000000000000000000000000000000000000000000000000000000000000000000000000000000000000000000000000000000000000000000000000000000000000000000000000000000000000000000000000000000000000000000000000000000000000000000000000000000
310
00000000000000000000000000000000000000000000000000000000000000000000000000000000000000000000000000000000000000000000000000000000000000000000000000000000000000000000000000000000000000000000000000000000000000000000000000000000000000000000000000000000000000
310
00000000000000000000000000000000000000000000000000000000000000000000000000000000000000000000000000000000000000000000000000000000000000000000000000000000000000000000000000000000000000000000000000000000000000000000000000000000000000000000000000000000000000
310
00000000000000000000000000000000000000000000000000000000000000000000000000000000000000000000000000000000000000000000000000000000000000000000000000000000000000000000000000000000000000000000000000000000000000000000000000000000000000000000000000000000000000
310
00000000000000000000000000000000000000000000000000000000000000000000000000000000000000000000000000000000000000000000000000000000000000000000000000000000000000000000000000000000000000000000000000000000000000000000000000000000000000000000000000000000000000
310
00000000000000000000000000000000000000000000000000000000000000000000000000000000000000000000000000000000000000000000000000000000000000000000000000000000000000000000000000000000000000000000000000000000000000000000000000000000000000000000000000000000000000
310
00000000000000000000000000000000000000000000000000000000000000000000000000000000000000000000000000000000000000000000000000000000000000000000000000000000000000000000000000000000000000000000000000000000000000000000000000000000000000000000000000000000000000
310
00000000000000000000000000000000000000000000000000000000000000000000000000000000000000000000000000000000000000000000000000000000000000000000000000000000000000000000000000000000000000000000000000000000000000000000000000000000000000000000000000000000000000
310
00000000000000000000000000000000000000000000000000000000000000000000000000000000000000000000000000000000000000000000000000000000000000000000000000000000000000000000000000000000000000000000000000000000000000000000000000000000000000000000000000000000000000
310
00000000000000000000000000000000000000000000000000000000000000000000000000000000000000000000000000000000000000000000000000000000000000000000000000000000000000000000000000000000000000000000000000000000000000000000000000000000000000000000000000000000000000
310
00000000000000000000000000000000000000000000000000000000000000000000000000000000000000000000000000000000000000000000000000000000000000000000000000000000000000000000000000000000000000000000000000000000000000000000000000000000000000000000000000000000000000
310
00000000000000000000000000000000000000000000000000000000000000000000000000000000000000000000000000000000000000000000000000000000000000000000000000000000000000000000000000000000000000000000000000000000000000000000000000000000000000000000000000000000000000
310
00000000000000000000000000000000000000000000000000000000000000000000000000000000000000000000000000000000000000000000000000000000000000000000000000000000000000000000000000000000000000000000000000000000000000000000000000000000000000000000000000000000000000
310
00000000000000000000000000000000000000000000000000000000000000000000000000000000000000000000000000000000000000000000000000000000000000000000000000000000000000000000000000000000000000000000000000000000000000000000000000000000000000000000000000000000000000
310
00000000000000000000000000000000000000000000000000000000000000000000000000000000000000000000000000000000000000000000000000000000000000000000000000000000000000000000000000000000000000000000000000000000000000000000000000000000000000000000000000000000000000
310
00000000000000000000000000000000000000000000000000000000000000000000000000000000000000000000000000000000000000000000000000000000000000000000000000000000000000000000000000000000000000000000000000000000000000000000000000000000000000000000000000000000000000
310
00000000000000000000000000000000000000000000000000000000000000000000000000000000000000000000000000000000000000000000000000000000000000000000000000000000000000000000000000000000000000000000000000000000000000000000000000000000000000000000000000000000000000
310
00000000000000000000000000000000000000000000000000000000000000000000000000000000000000000000000000000000000000000000000000000000000000000000000000000000000000000000000000000000000000000000000000000000000000000000000000000000000000000000000000000000000000
310
00000000000000000000000000000000000000000000000000000000000000000000000000000000000000000000000000000000000000000000000000000000000000000000000000000000000000000000000000000000000000000000000000000000000000000000000000000000000000000000000000000000000000
310
00000000000000000000000000000000000000000000000000000000000000000000000000000000000000000000000000000000000000000000000000000000000000000000000000000000000000000000000000000000000000000000000000000000000000000000000000000000000000000000000000000000000000
310
00000000000000000000000000000000000000000000000000000000000000000000000000000000000000000000000000000000000000000000000000000000000000000000000000000000000000000000000000000000000000000000000000000000000000000000000000000000000000000000000000000000000000
310
00000000000000000000000000000000000000000000000000000000000000000000000000000000000000000000000000000000000000000000000000000000000000000000000000000000000000000000000000000000000000000000000000000000000000000000000000000000000000000000000000000000000000
310
00000000000000000000000000000000000000000000000000000000000000000000000000000000000000000000000000000000000000000000000000000000000000000000000000000000000000000000000000000000000000000000000000000000000000000000000000000000000000000000000000000000000000
310
00000000000000000000000000000000000000000000000000000000000000000000000000000000000000000000000000000000000000000000000000000000000000000000000000000000000000000000000000000000000000000000000000000000000000000000000000000000000000000000000000000000000000
310
00000000000000000000000000000000000000000000000000000000000000000000000000000000000000000000000000000000000000000000000000000000000000000000000000000000000000000000000000000000000000000000000000000000000000000000000000000000000000000000000000000000000000
310
00000000000000000000000000000000000000000000000000000000000000000000000000000000000000000000000000000000000000000000000000000000000000000000000000000000000000000000000000000000000000000000000000000000000000000000000000000000000000000000000000000000000000
310
00000000000000000000000000000000000000000000000000000000000000000000000000000000000000000000000000000000000000000000000000000000000000000000000000000000000000000000000000000000000000000000000000000000000000000000000000000000000000000000000000000000000000
310
00000000000000000000000000000000000000000000000000000000000000000000000000000000000000000000000000000000000000000000000000000000000000000000000000000000000000000000000000000000000000000000000000000000000000000000000000000000000000000000000000000000000000
310
00000000000000000000000000000000000000000000000000000000000000000000000000000000000000000000000000000000000000000000000000000000000000000000000000000000000000000000000000000000000000000000000000000000000000000000000000000000000000000000000000000000000000
310
00000000000000000000000000000000000000000000000000000000000000000000000000000000000000000000000000000000000000000000E2E2E2E2E2E2E2E2E2000000000000000000000000000000000000000000000000000000000000000000000000000000000000E2E2E2E2E2E2E2E2E2000000000000000000
310
00000000000000000000000000000000000000000000000000000000000000000000E2E2E2E2E2E2E2E2E2000000000000000000000000000000000000000000000000000000000000000000000000000000000000000000000000000000000000000000000000000000000000000000000000000000000000000000000000
310
000000000000000000000000000000000000000000000000000000000000000000000000000000000000000000000000000000000000000000000000E2E2E2E2E2E2E2E2E2000000000000000000000000000000000000000000000000000000000000000000000000000000000000E2E2E2E2E2E2E2E2E200000000000000
310
000000000000000000000000000000000000000000000000000000000000000000000000E2E2E2E2E2E2E2E2E200000000000000000000000000000000000000000000000000000000000000000000000000000000000000000000000000000000000000000000000000000000000000000000000000000000000000000000
310
0000000000000000000000000000000000000000000000000000000000000000000000000000000000000000000000000000000000000000000000000000E2E2E2E2E2E2E2E2E2000000000000000000000000000000000000000000000000000000000000000000000000000000000000E2E2E2E2E2E2E2E2E20000000000
310
0000000000000000000000000000000000000000000000000000000000000000000000000000E2E2E2E2E2E2E2E2E20000000000000000000000000000000000000000000000000000000000000000000000000000000000000000000000000000000000000000000000000000000000000000000000000000000000000000
310
0000000000000000000000000000000000000000000000000000000000000000000000000000000000000000000000000000000000000000000000000000000000000000000000000000000000000000000000000000000000000000000000000000000000000000000000000000BE00000000000000000000000000000000
310
00000000000000000000000000000000000000000000000000000000000000000000000000BE0000000000000000000000000000000000000000000000000000000000000000000000000000000000000000000000000000000000000000000000000000000000000000000000000000000000000000000000000000000000
310
000000000000000000000000000000000000000000000000000000000000000000000000000000000000000000000000000000000000000000000000BE000000000000000000000000000000000000000000000000000000000000000000000000000000000000000000000000000000BE0000000000000000000000000000
310
000000000000000000000000000000000000000000000000000000000000000000000000000000BE000000000000000000000000000000000000000000000000000000000000000000000000000000000000000000000000000000000000000000000000000000000000000000000000000000000000000000000000000000
310
0000000000000000000000000000000000000000000000000000000000000000000000000000000000000000000000000000000000000000000000000000BEBE000000000000000000000000000000000000000000000000000000000000000000000000000000000000000000000000BEBEBEBEBE000000EDF5F5F5F5F5F5
310
F5F5F5F5F5F5F5F5F5F5F5F5F5F5F5F5F5F5F5F5F5F5F5F5F5F5F5F5F5F5F50000000000000000BEBEEDBEBEF5F5F5F5F5F5F5F5F5F5F5F5F5F5F5F5F5F5ED00000000000000000000000000000000000000000000000000000000000000000000000000000000000000000000000000000000000000000000000000000000
310
0000000000000000000000000000000000000000000000000000000000000000000000000000000000000000000000000000000000000000000000000000BEBEBEBEBE000000000000000000F5F5F5000000F5F5F5000000F5F5F5000000F5F5F500F5F500F5ED000000000000000000000000BEBE0000000000F500F5F5F5
310
F5F5F5F5F5F5F5F5F5F5F5F5F5F5F5F5F5F5F5F5F5F5F5F5F5F5F5F5F5F5F500F5000000000000000000BEBE0000F500F5000000000000000000000000000000F50000000000000000000000000000000000000000000000000000000000000000000000000000000000000000000000000000000000000000000000000000
310
0000000000000000000000000000000000000000000000000000000000000000000000000000000000000000000000000000000000000000000000000000000000BEBE000000000000F5F5F5F5F5F5F5F5F5F5F5F5F5F5F5F5F5F5F5F5F5F5F5F5F5F5F5F5F5F5F5F5F5F5F5F5F50000000000000000BE0000000000F500F5
310
F5F5F5F5F5F5F5F5F5F5F5F5F5F5F5F5F5F5F5F5F5F5F5F5F5F5F5F5F5F5F5F5F500F500000000000000000000BE0000F500F5F5F5F5F5F5F5F5F5F5F5F5F5F5F5F5F5F50000000000000000000000000000000000000000000000000000000000000000000000000000000000000000000000000000000000000000000000
310
0000000000000000000000000000000000000000000000000000000000000000000000000000000000000000000000000000000000000000000000000000000000000000BE000000000000F50000000000000000000000000000000000000000000000000000000000000000000000F50000000000000000BE0000000000F5
310
00F5F5F5F5F5F5000000F5F5F500000000F5F5F5000000F5F5F5F5F5F5F5F5F50000F500F500000000000000000000BE00F5F500F5F5F5F5F5F5F5F5F5F5F5F5F5F5F5F5F500000000000000000000000000000000000000000000000000000000000000000000000000000000000000000000000000000000000000000000
310
00000000000000000000000000000000000000000000000000000000000000000000000000000000000000000000000000000000000000000000000000000000000000000000BE000000000000F5F5F5F5F5F5F5F5F5F5F5F5F5F5F5F5F5F5F5F5F5F5F5F5F5F5F5F5F5F5F5F5F5F5F5F5F50000000000000000BE00000000
310
00F500F5F500F5F5F5F50000F5F5F5F50000F5F5F5F50000F5F5F5F5F5F5F5F5F5F50000F500F500000000000000000000BE00EDF500F5F50000000000000000000000000000F50000000000000000000000000000000000000000000000000000000000000000000000000000000000000000000000000000000000000000
310
000000000000000000000000000000000000000000000000000000000000000000000000000000000000000000000000000000000000000000000000000000000000000000000000BE000000000000F5F5F5F5F5F5F5F5F5F5F5F5F5F5F5F5F5F5F5F5F5F5F5F5F5F5F5F5F5F5F5F5F5F5F5F5F50000000000000000BE0000
310
000000F500F50000F5F5F5F50000F5F5F5F50000F5F5F5F50000F5F5F5F5F5F5F5F5F5F50000F500F500000000000000000000BE00F5F500F5F50000000000000000000000000000F5000000000000000000000000000000000000000000000000000000000000000000000000000000000000000000000000000000000000
310
0000000000000000000000000000000000000000000000000000000000000000000000000000000000000000000000000000000000000000000000000000000000000000000000000000BE000000000000F5F5F5F5F5F5F5F5F5F5F5F5F5F5F5F5F5F5F5F5F5F5F5F5F5F5F5F5F5F5F5F5F5F5F5F5F50000000000000000BE
310
0000000000F500F5000000F5F500000000F5F500000000F5F500000000F5F500F5F500F5F5000000F500F500000000000000000000BE0000F500F5F50000000000000000000000000000F500000000000000000000000000000000000000000000000000000000000000000000000000000000000000000000000000000000
310
00000000000000000000000000000000000000000000000000000000000000000000000000000000000000000000000000000000000000000000000000000000000000000000000000000000BE000000000000F5F5F5F5F5F5F5F5F5F5F5F5F5F5F5F5F5F5F5F5F5F5F5F5F5F5F5F5F5F5F5F5F5F5F5F5F500000000000000
310
00BE0000000000F5F5F5F5F5F5F5F5F5F5F5F5F5F5F5F5F5F5F5F5F5F5F5F5F5F5F5F5F5F5F5F5F5F5F5F5F5F500000000000000000000BE0000F500F5F5000000000000000000000000000000F500000000000000000000000000000000000000000000000000000000000000000000000000000000000000000000000000
310
000000000000000000000000000000000000000000000000000000000000000000000000000000000000000000000000000000000000000000000000000000000000000000000000000000000000BE000000000000F5F5F5F5F5F5F5F5F5F5F5F5F5F5F5F5F5F5F5F5F5F5F5F5F5F5F5F5F5F5F5F5F5F5F5F5F50000000000
310
000000BE0000000000F5F5F5F5F5F5F5F5F5F5F5F5F5F5F5F5F5F5F5F5F5F5F5F5F5F5F5F5F5F5F5F5F5F5F5F5F5F500000000000000000000BE0000F500F5F5000000000000000000000000000000F50000000000000000000000000000000000000000000000000000000000000000000000000000000000000000000000
310
0000000000000000000000000000000000000000000000000000000000000000000000000000000000000000000000000000000000000000000000000000000000000000000000000000000000000000BE000000000000F5F5F5F5F5F5F5F5F5F5F5F5F5F5F5F5F5F5F5F5F5F5F5F5F5F5F5F5F5F5F5F5F5F5F5F5F5000000
310
0000000000BE0000000000F5F5F5F5F5F5F5F5F5F5F5F5F5F5F5F5F5F5F5F5F5F5F5F5F5F5F5F5F5F5F5F5F5F5F5F5F5F5F5000000000000000000BE0000F5F5F5F5F5F5F5F5F5F5F5F5F5F5F5F5F5F5F5F5F5F5F5000000000000000000000000000000000000000000000000000000000000000000000000000000000000
310
00000000000000000000000000000000000000000000000000000000000000000000000000000000000000000000000000000000000000000000000000000000000000000000000000000000000000000000BE000000000000F5F5F5F5F5F5F5F5F5F5F5F5F5F5F5F5F5F5F5F5F5F5F5F5F5F5F5F5F5F5F5F5F5F5F5F5F500
310
00000000000000BE0000000000F5F5F5F5F5F5F5F5F5F5F5F5F5F5F5F5F5F5F5F5F5F5F5F5F5F5F5F5F5F5F5F5F5F5F5F5F5F5F5000000000000000000BE0000000000000000F5F5F5F5F5F500F5F5F5F5F5F5F5F5F5F500000000000000000000000000000000000000000000000000000000000000000000000000000000
310
000000000000000000000000000000000000000000000000000000000000000000000000000000000000000000000000000000000000000000000000000000000000000000000000000000000000000000000000BE000000000000F5F5F5F5F5F5F5F5F5F5F5F5F5F5F5F5F5F5F5F5F5F5F5F5F5F5F5F5F5F5F5F5F5F5F5F5
310
F5F5F5000000000000BE000000F5F5F50000F5F5F5F5F5F5F5F5F5F5F5F5F5F5F5F5F5F5F5F5F5F5F5F5F5F5F5F5F5F5F5F5F5F5F500F50000000000000000BE000000000000000000F5F500F500F5F5F500F5F50000000000F5F5000000000000000000000000000000000000000000000000000000000000000000000000
310
00000000000000000000000000000000000000000000000000000000000000000000000000000000000000000000000000000000000000000000000000000000000000000000000000000000000000000000DCDCDC00BE000000000000F5F5F5F5F5F5F5F5F5F5F5F5F5F5F5F5F5F5F5F5F5F5F5F5F5F5F5F5F5F5F5F5F5F5
310
F5F5F5F500F50000000000BE00EDF5F5F5F5F5F5F50000F5F5000000F5000000F5000000F5000000F5F50000F5F50000F5F5F500F5F5F500F50000000000000000BE0000000000000000000000F5F50000F500F5F5F50000000000F5F5ED000000000000000000000000000000000000000000000000000000000000000000
310
000000000000000000000000000000000000000000000000000000000000000000000000000000000000000000000000000000000000000000000000000000000000000000000000000000000000000000000000DCDCDC00BE00EDF5F5F5F5F5F5F5F5F5F5F5F5F5F5F5F5F5F5F5F5F5F5F5F5F5F5F5F5F5F5F5F5F5F5F5F5
310
F5F5F5F5F5F500F500DCDCDC00BE00F5F5F5F5F5F500F5F5F5F5F5F5F5F5F5F5F5F5F5F5F5F5F5F5F5F5F5F5F5F5F5F5F5F5F5F5F5F5F5F5F500F500000000DCDCDC00BE0000000000000000000000F5F50000F5F500F500000000000000F5F500000000000000000000000000000000000000000000000000000000000000
310
0000000000000000000000000000000000000000000000000000000000000000000000000000000000000000000000000000000000000000000000000000000000000000000000000000000000000000000000000000DCDCDC00BE00F5F5F5F5F5F5F5F5F5F5F5F5F5F5F5F5F5F5F5F5F5F5F5F5F5F5F5F5F5F5F5F5F5F5F5
310
F5F5F5F5F5F5F5F500F500DCDCDC00BE0000F500F5F5F5F5F5F5F5F5F5F5F5F5F5F5F5F5F5F5F5F5F5F5F5F5F5F5F5F5F5F5F5F5F5F5F5F5F5F5F5F5F5F5ED0000DCDCDC00BE00000000000000000000000000F5F5F5F5F500F5F5000000000000F50000000000000000000000000000000000000000000000000000000000
310
00000000000000000000000000000000000000000000000000000000000000000000000000000000000000000000000000000000000000000000000000000000000000000000000000000000000000000000000000000000DCDCDC00BE000000F500F5F5F5F5F5F5F5F5F5F5F5F5F5F5F5F5F5F5F5F5F5F5F5F5F5F5F5F5F5
310
F5F5F5F5F5F5F5F5F5F5F50000DCDCDC00BE000000F5F5F5F5F5F5F5F5F5F5F5F5F5F5F5F5F5F5F5F5F5F5F5F5F5F5F5F5F5F5F5F5F5F5F5F5F5F5F5F5000000000000DCDCDC00BE000000000000000000000000000000F500F5F5F500F5F5000000F500000000000000000000000000000000000000000000000000000000
310
00000000000000000000000000000000000000000000000000000000000000000000000000000000000000000000000000000000000000000000000000000000000000000000000000000000000000000000000000000000000000000000BE000000F500F5F5F5F5F5F5F5F5F5F5F5F5F5F5F5F5F5F5F5F5F5F5F5F5F5F5F5
310
F5F5F5F5F5F5F5F5F5F5F5F5F5F5EDDCDCDC00BE000000F5F5F5F5F5F5F5F5F5F5F5F5F5F5F5F5F5F5F5F5F5F5F5F5F5F5F5F5F5F5F5F5F5F5F5F5F5F5F5F5000000000000DCDCDC00BE0000000000000000000000000000000000000000F500F5000000F50000000000000000000000000000000000000000000000000000
310
000000000000000000000000000000000000000000000000000000000000000000000000000000000000000000000000000000000000000000000000000000000000000000000000000000000000000000000000000000000000000000000000BE000000F500F5F5F5F5F5F5F5F5F5F5F5F5F5F5F5F5F5F5F5F5F5F5F5F5F5
310
F5F5F5F5F5F5F5F5F5F5F5F5F500000000DCDCDC00BE0000000000F5F5F5F5F5F5F5F5F5F5F5F5F5F5F5F5F5F5F5F5F5F5F5F5F5F5F5F5F5F5F5F5F5F5F5F5F5F5000000000000DCDCDC00BE0000000000000000000000000000000000000000F5F500000000F5000000000000000000000000000000000000000000000000
310
0000000000000000000000000000000000000000000000000000000000000000000000000000000000000000000000000000000000000000000000000000000000000000000000000000000000000000000000000000000000000000000000000000BE00000000F5F5F5F5F5F5F5F5F5F5F5F5F5F5F5F5F5F5F5F5F5F5F5F5
310
F5F5F5F5F5F5F5F5F5F5F5F5F5F5F50000000000000000BE0000000000F5F5F5F5F5F5F5F5F5F5F5F5F5F5F5F5F5F5F5F5F5F5F5F5F5F5F5F5F5F5F5F5F5F5F5F5F5F500000000000000000000BE00000000000000000000000000000000000000F5F5F5000000F50000000000000000000000000000000000000000000000
310
00000000000000000000000000000000000000000000000000000000000000000000000000000000000000000000000000000000000000000000000000000000000000000000000000000000000000000000000000000000000000000000000000000000BE00000000F5F5F5F5F5F5F5F5F5F5F5F5F5F5F5F5F5F5F5F5F5F5
310
F5F5F5F5F5F5F5F5F5F5F5F5F5F5F5F5F50000000000000000BE0000000000F50000000000000000000000000000000000000000000000000000000000000000000000F5F500000000000000000000BE0000000000000000000000000000000000F5F5F5F500000000F5000000000000000000000000000000000000000000
310
000000000000000000000000000000000000000000000000000000000000000000000000000000000000000000000000000000000000000000000000000000000000000000000000000000000000000000000000000000000000000000000000000000000000BE0000000000F5000000000000000000000000000000000000
310
000000000000000000000000000000000000F50000000000000000BE0000000000F50000000000000000000000000000000000000000000000000000000000000000000000F5F500000000000000000000BE0000000000000000000000000000000000F5000000000000F50000000000000000000000000000000000000000
310
0000000000000000000000000000000000000000000000000000000000000000000000000000000000000000000000000000000000000000000000000000000000000000000000000000000000000000000000000000000000000000000000000000000000000000BE0000000000F500000000000000000000000000000000
310
0000000000000000000000000000000000000000F50000000000000000BE0000000000F50000000000000000000000000000000000000000000000000000000000000000000000F5F500000000000000000000BE0000000000000000000000000000000000F5000000000000F5000000000000000000000000000000000000
310
00000000000000000000000000000000000000000000000000000000000000000000000000000000000000000000000000000000000000000000000000000000000000000000000000000000000000000000000000000000000000000000000000000000000000000000BE0000000000F50000000000000000000000000000
310
0000F5F5F5F5F5000000000000000000000000000000F50000000000000000BE0000000000F50000000000000000000000000000000000000000000000000000000000000000000000F5F500000000000000000000BE0000000000000000000000000000000000F50000000000F5F500000000000000000000000000000000
310
000000000000000000000000000000000000000000000000000000000000000000000000000000000000000000000000000000000000000000000000000000000000000000000000000000000000000000000000000000000000000000000000000000000000000000000000BE0000000000F5000000000000000000000000
310
00000000F5F5F5F5F5000000000000000000000000000000F50000000000000000BE0000000000F50000000000000000000000000000000000000000000000000000000000000000000000F5F500000000000000000000BE0000000000000000000000000000000000F50000000000F5000000000000000000000000000000
310
0000000000000000000000000000000000000000000000000000000000000000000000000000000000000000000000000000000000000000000000000000000000000000000000000000000000000000000000000000000000000000000000000000000000000000000000000000BE0000000000F500000000000000000000
310
000000000000F5F5F5F500000000000000000000000000000000F50000000000000000BE0000000000F50000000000000000000000000000000000000000000000000000000000000000000000F5F500000000000000000000BE0000000000000000000000000000000000F500000000F5F500000000000000000000000000
310
00000000000000000000000000000000000000000000000000000000000000000000000000000000000000000000000000000000000000000000000000000000000000000000000000000000000000000000000000000000000000000000000000000000000000000000000000000000BE0000000000F5F500000000000000
310
00000000000000000000000000000000000000000000000000000000F50000000000000000BE0000000000F50000000000000000000000000000000000000000000000000000000000000000000000F5F500000000000000000000BE0000000000000000000000000000000000F5000000F5F5000000000000000000000000
310
000000000000000000000000000000000000000000000000000000000000000000000000000000000000000000000000000000000000000000000000000000000000000000000000000000000000000000000000000000000000000000000000000000000000000000000000000000000000BEBE00000000F500F500000000
310
0000000000000000000000000000000000000000000000000000000000F5F5F500000000000000BE0000000000F50000000000000000000000000000000000000000000000000000000000000000000000F5F500000000000000000000BE0000000000000000000000000000000000F50000F5F50000000000000000000000
310
000000000000000000000000000000000000000000000000000000000000000000000000000000000000000000000000000000000000000000000000000000000000000000000000000000000000000000000000000000000000000000000000000000000000000000000000000000000000BEBEEDBEBE00000000F5F5F5F5
310
F5F5F5F5F5F5F5F5F5F5F5F5F5F5F5F5F5F5F5F5F5F5F5F5F5F5F5EDF5F5F5F5F50000000000000000BE0000000000F5F5F5F5F5F5F5F5F5F5F5F5F5F5F5F5F5F5F5F5F5F5F5F5F5F5F5F5F5F5F5F5F5F5F5F5F5F500000000000000000000BE0000000000000000000000000000000000F5F5F5F5F5000000000000000000
310
00000000000000000000000000000000000000000000000000000000000000000000000000000000000000000000000000000000000000000000000000000000000000000000000000000000000000000000000000000000000000000000000000000000000000000000000000000000000000000000BE00BE000000000000
310
0000000000000000000000000000000000000000000000000000000000000000000000000000BE00000000BE0000000000F5F5F5F5F5F5F5F5F5F5F5F5F5F5F5F5F5F5F5F5F5F5F5F5F5F5F5F5F5F5F5F5F5F5F5F5F5F500000000000000000000BE0000000000000000000000000000000000F500F5F50000000000000000
310
0000000000000000000000000000000000000000000000000000000000000000000000000000000000000000000000000000000000000000000000000000000000000000000000000000000000000000000000000000000000000000000000000000000000000000000000000000000000000000000000000000BE00000000
310
00000000000000000000000000000000000000000000000000000000000000000000000000000000BE00000000BE0000000000F5F5000000000000000000000000000000000000000000000000000000000000000000F5F50000000000000000000000BE000000000000000000000000000000000000F5F500000000000000
310
000000000000000000000000000000000000000000000000000000000000000000000000000000000000000000000000000000000000000000000000000000000000000000000000000000000000000000000000000000000000000000000000000000000000000000000000000000000000000000000000000000BEBEBEBE
310
BEBEBEBEBEBEBEBEBEBEBEBEBEBEBEBEBEBEBEBEBEBEBEBEBEBEBEBEBEBEBEBEBEBEBEBEBEBEBEBEBEBEEDBEBE0000BEBE00000000F5F5F5F5F5F5F5F5F5F5F5F5F5F5F5F5F5F5F5F5F5F5F5F5F5F5F5F5F5F5F5F5F5F5F5F5F5000000000000000000BEBEBEBEBE000000000000000000000000000000F5EDF50000000000
310
000000000000000000000000000000000000000000000000000000000000000000000000000000000000000000000000000000000000000000000000000000000000000000000000000000000000000000000000000000000000000000000000000000000000000000000000000000000000000000000000000000000000BE
310
BE000000000000000000000000000000000000DCDCDCDCDCDC00000000000000000000000000000000000000BEBE00BEBEEDBEBE000000EDF5F5F5F5F5F5F5F5F5F5F5F5F5F5F5F5F5F5F5F5F5F5F5F5F5F5F5F5F5F5F5F5F5F5F5F500000000000000000000BEBE000000000000000000000000000000000000F500000000
310
00000000000000000000000000000000000000000000000000000000000000000000000000000000000000000000000000000000000000000000000000000000000000000000000000000000000000000000000000000000000000000000000000000000000000000000000000000000000000000000000000000000000000
310
00BE00000000000000000000000000000000000000DCDCDCDCDCDC00000000000000000000000000000000000000BE000000BEBE00BE0000000000000000000000000000000000000000000000000000000000000000000000000000000000000000BE000000000000BE00BE00000000000000000000000000000000000000
310
000000000000BE000000000000000000000000000000000000000000000000000000000000000000000000000000000000000000000000000000000000000000000000000000000000000000000000000000000000000000000000000000000000000000000000000000000000000000000000000000000000000000000000
310
0000000000000000000000000000000000000000000000DCDCDCDCDCDC000000000000000000000000000000000000000000000000BEBEBE00000000000000000000000000000000000000000000000000000000000000000000000000000000000000BEBE00000000000000BEBE0000000000000000000000000000000000
310
00000000000000BEBE00000000000000000000000000000000000000000000000000000000000000000000000000000000000000000000000000000000000000000000000000000000000000000000000000000000000000000000000000000000000000000000000000000000000000000000000000000000000000000000
310
00000000000000000000000000000000000000000000000000000000000000000000000000000000000000000000000000000000000000BEBEBEBEBEBEBEBEBEBEBEBEBEBEBEBEBEBEBEBEBEBEBEBEBEBEBEBEBEBEBEBEBEBEBEBEBEBEBEBEBEBEBEBEBEBEBEEDBEBE00000000BEBEBEBEBEBEBEBEBEBEBEBEBEBEBEBEBEBE
310
BEBEBEBEBEBEBEBEBEBEEDBE00000000000000000000000000000000000000000000000000000000000000000000000000000000000000000000000000000000000000000000000000000000000000000000000000000000000000000000000000000000000000000000000000000000000000000000000000000000000000
310
0000000000000000000000000000000000000000000000000000000000000000000000000000000000000000000000000000000000000000000000BE000000000000000000000000000000000000DCDCDCDCDCDC0000000000000000000000000000000000000000BEBE00000000000000BEBE0000000000000000DCDCDCDC
310
DC0000000000000000000000BE000000000000000000000000000000000000000000000000000000000000000000000000000000000000000000000000000000000000000000000000000000000000000000000000000000000000000000000000000000000000000000000000000000000000000000000000000000000000
310
00000000000000000000000000000000000000000000000000000000000000000000000000000000000000000000000000000000000000000000000000BE000000000000000000000000000000000000DCDCDCDCDCDC0000000000000000000000000000000000000000BE0000000000000000BE000000000000000000DCDC
310
DCDCDC0000000000000000000000BE00000000000000000000000000000000000000000000000000000000000000000000000000000000000000000000000000000000000000000000000000000000000000000000000000000000000000000000000000000000000000000000000000000000000000000000000000000000
310
00000000000000000000000000000000000000000000000000000000000000000000000000000000000000000000000000000000000000000000000000000000000000000000000000000000000000000000DCDCDCDCDCDC000000000000000000000000000000000000000000000000000000000000000000000000000000
310
DCDCDCDCDC0000000000000000000000000000000000000000000000000000000000000000000000000000000000000000000000000000000000000000000000000000000000000000000000000000000000000000000000000000000000000000000000000000000000000000000000000000000000000000000000000000
310
00000000000000000000000000000000000000000000000000000000000000000000000000000000000000000000000000000000000000000000000000000000000000000000000000000000000000000000000000000000000000000000000000000000000000000000000000000000000000000000000000000000000000
310
00000000000000000000000000000000000000000000000000000000000000000000000000000000000000000000000000000000000000000000000000000000000000000000000000000000000000000000000000000000000000000000000000000000000000000000000000000000000000000000000000000000000000
310
00000000000000000000000000000000000000000000000000000000000000000000000000000000000000000000000000000000000000000000000000000000000000000000000000000000000000000000000000000000000000000000000000000000000000000000000000000000000000000000000000000000000000
310
00000000000000000000000000000000000000000000000000000000000000000000000000000000000000000000000000000000000000000000000000000000000000000000000000000000000000000000000000000000000000000000000000000000000000000000000000000000000000000000000000000000000000
310
00000000000000000000000000000000000000000000000000000000000000000000000000000000000000000000000000000000000000000000000000000000000000000000000000000000000000000000000000000000000000000000000000000000000000000000000000000000000000000000000000000000000000
310
00000000000000000000000000000000000000000000000000000000000000000000000000000000000000000000000000000000000000000000000000000000000000000000000000000000000000000000000000000000000000000000000000000000000000000000000000000000000000000000000000000000000000
310
00000000000000000000000000000000000000000000000000000000000000000000000000000000000000000000000000000000000000000000000000000000000000000000000000000000000000000000000000000000000000000000000000000000000000000000000000000000000000000000000000000000000000
310
00000000000000000000000000000000000000000000000000000000000000000000000000000000000000000000000000000000000000000000000000000000000000000000000000000000000000000000000000000000000000000000000000000000000000000000000000000000000000000000000000000000000000
310
00000000000000000000000000000000000000000000000000000000000000000000000000000000000000000000000000000000000000000000000000000000000000000000000000000000000000000000000000000000000000000000000000000000000000000000000000000000000000000000000000000000000000
310
00000000000000000000000000000000000000000000000000000000000000000000000000000000000000000000000000000000000000000000000000000000000000000000000000000000000000000000000000000000000000000000000000000000000000000000000000000000000000000000000000000000000000
310
00000000000000000000000000000000000000000000000000000000000000000000000000000000000000000000000000000000000000000000000000000000000000000000000000000000000000000000000000000000000000000000000000000000000000000000000000000000000000000000000000000000000000
310
00000000000000000000000000000000000000000000000000000000000000000000000000000000000000000000000000000000000000000000000000000000000000000000000000000000000000000000000000000000000000000000000000000000000000000000000000000000000000000000000000000000000000
310
00000000000000000000000000000000000000000000000000000000000000000000000000000000000000000000000000000000000000000000000000000000000000000000000000000000000000000000000000000000000000000000000000000000000000000000000000000000000000000000000000000000000000
310
00000000000000000000000000000000000000000000000000000000000000000000000000000000000000000000000000000000000000000000000000000000000000000000000000000000000000000000000000000000000000000000000000000000000000000000000000000000000000000000000000000000000000
310
00000000000000000000000000000000000000000000000000000000000000000000000000000000000000000000000000000000000000000000000000000000000000000000000000000000000000000000000000000000000000000000000000000000000000000000000000000000000000000000000000000000000000
310
00000000000000000000000000000000000000000000000000000000000000000000000000000000000000000000000000000000000000000000000000000000000000000000000000000000000000000000000000000000000000000000000000000000000000000000000000000000000000000000000000000000000000
310
00000000000000000000000000000000000000000000000000000000000000000000000000000000000000000000000000000000000000000000000000000000000000000000000000000000000000000000000000000000000000000000000000000000000000000000000000000000000000000000000000000000000000
310
00000000000000000000000000000000000000000000000000000000000000000000000000000000000000000000000000000000000000000000000000000000000000000000000000000000000000000000000000000000000000000000000000000000000000000000000000000000000000000000000000000000000000
310
00000000000000000000000000000000000000000000000000000000000000000000000000000000000000000000000000000000000000000000000000000000000000000000000000000000000000000000000000000000000000000000000000000000000000000000000000000000000000000000000000000000000000
310
00000000000000000000000000000000000000000000000000000000000000000000000000000000000000000000000000000000000000000000000000000000000000000000000000000000000000000000000000000000000000000000000000000000000000000000000000000000000000000000000000000000000000
310
00000000000000000000000000000000000000000000000000000000000000000000000000000000000000000000000000000000000000000000000000000000000000000000000000000000000000000000000000000000000000000000000000000000000000000000000000000000000000000000000000000000000000
310
00000000000000000000000000000000000000000000000000000000000000000000000000000000000000000000000000000000000000000000000000000000000000000000000000000000000000000000000000000000000000000000000000000000000000000000000000000000000000000000000000000000000000
310
00000000000000000000000000000000000000000000000000000000000000000000000000000000000000000000000000000000000000000000000000000000000000000000000000000000000000000000000000000000000000000000000000000000000000000000000000000000000000000000000000000000000000
310
00000000000000000000000000000000000000000000000000000000000000000000000000000000000000000000000000000000000000000000000000000000000000000000000000000000000000000000000000000000000000000000000000000000000000000000000000000000000000000000000000000000000000
310
00000000000000000000000000000000000000000000000000000000000000000000000000000000000000000000000000000000000000000000000000000000000000000000000000000000000000000000000000000000000000000000000000000000000000000000000000000000000000000000000000000000000000
310
00000000000000000000000000000000000000000000000000000000000000000000000000000000000000000000000000000000000000000000000000000000000000000000000000000000000000000000000000000000000000000000000000000000000000000000000000000000000000000000000000000000000000
310
00000000000000000000000000000000000000000000000000000000000000000000000000000000000000000000000000000000000000000000000000000000000000000000000000000000000000000000000000000000000000000000000000000000000000000000000000000000000000000000000000000000000000
310
00000000000000000000000000000000000000000000000000000000000000000000000000000000000000000000000000000000000000000000000000000000000000000000000000000000000000000000000000000000000000000000000000000000000000000000000000000000000000000000000000000000000000
310
00000000000000000000000000000000000000000000000000000000000000000000000000000000000000000000000000000000000000000000000000000000000000000000000000000000000000000000000000000000000000000000000000000000000000000000000000000000000000000000000000000000000000
310
00000000000000000000000000000000000000000000000000000000000000000000000000000000000000000000000000000000000000000000000000000000000000000000000000000000000000000000000000000000000000000000000000000000000000000000000000000000000000000000000000000000000000
310
00000000000000000000000000000000000000000000000000000000000000000000000000000000000000000000000000000000000000000000000000000000000000000000000000000000000000000000000000000000000000000000000000000000000000000000000000000000000000000000000000000000000000
310
00000000000000000000000000000000000000000000000000000000000000000000000000000000000000000000000000000000000000000000000000000000000000000000000000000000000000000000000000000000000000000000000000000000000000000000000000000000000000000000000000000000000000
310
00000000000000000000000000000000000000000000000000000000000000000000000000000000000000000000000000000000000000000000000000000000000000000000000000000000000000000000000000000000000000000000000000000000000000000000000000000000000000000000000000000000000000
310
00000000000000000000000000000000000000000000000000000000000000000000000000000000000000000000000000000000000000000000000000000000000000000000000000000000000000000000000000000000000000000000000000000000000000000000000000000000000000000000000000000000000000
310
00000000000000000000000000000000000000000000000000000000000000000000000000000000000000000000000000000000000000000000000000000000000000000000000000000000000000000000000000000000000000000000000000000000000000000000000000000000000000000000000000000000000000
310
00000000000000000000000000000000000000000000000000000000000000000000000000000000000000000000000000000000000000000000000000000000000000000000000000000000000000000000000000000000000000000000000000000000000000000000000000000000000000000000000000000000000000
310
00000000000000000000000000000000000000000000000000000000000000000000000000000000000000000000000000000000000000000000000000000000000000000000000000000000000000000000000000000000000000000000000000000000000000000000000000000000000000000000000000000000000000
310
00000000000000000000000000000000000000000000000000000000000000000000000000000000000000000000000000000000000000000000000000000000000000000000000000000000000000000000000000000000000000000000000000000000000000000000000000000000000000000000000000000000000000
310
00000000000000000000000000000000000000000000000000000000000000000000000000000000000000000000000000000000000000000000000000000000000000000000000000000000000000000000000000000000000000000000000000000000000000000000000000000000000000000000000000000000000000
310
00000000000000000000000000000000000000000000000000000000000000000000000000000000000000000000000000000000000000000000000000000000000000000000000000000000000000000000000000000000000000000000000000000000000000000000000000000000000000000000000000000000000000
310
00000000000000000000000000000000000000000000000000000000000000000000000000000000000000000000000000000000000000000000000000000000000000000000000000000000000000000000000000000000000000000000000000000000000000000000000000000000000000000000000000000000000000
310
00000000000000000000000000000000000000000000000000000000000000000000000000000000000000000000000000000000000000000000000000000000000000000000000000000000000000000000000000000000000000000000000000000000000000000000000000000000000000000000000000000000000000
310
00000000000000000000000000000000000000000000000000000000000000000000000000000000000000000000000000000000000000000000000000000000000000000000000000000000000000000000000000000000000000000000000000000000000000000000000000000000000000000000000000000000000000
310
00000000000000000000000000000000000000000000000000000000000000000000000000000000000000000000000000000000000000000000000000000000000000000000000000000000000000000000000000000000000000000000000000000000000000000000000000000000000000000000000000000000000000
310
00000000000000000000000000000000000000000000000000000000000000000000000000000000000000000000000000000000000000000000000000000000000000000000000000000000000000000000000000000000000000000000000000000000000000000000000000000000000000000000000000000000000000
310
00000000000000000000000000000000000000000000000000000000000000000000000000000000000000000000000000000000000000000000000000000000000000000000000000000000000000000000000000000000000000000000000000000000000000000000000000000000000000000000000000000000000000
310
00000000000000000000000000000000000000000000000000000000000000000000000000000000000000000000000000000000000000000000000000000000000000000000000000000000000000000000000000000000000000000000000000000000000000000000000000000000000000000000000000000000000000
310
00000000000000000000000000000000000000000000000000000000000000000000000000000000000000000000000000000000000000000000000000000000000000000000000000000000000000000000000000000000000000000000000000000000000000000000000000000000000000000000000000000000000000
310
00000000000000000000000000000000000000000000000000000000000000000000000000000000000000000000000000000000000000000000000000000000000000000000000000000000000000000000000000000000000000000000000000000000000000000000000000000000000000000000000000000000000000
310
00000000000000000000000000000000000000000000000000000000000000000000000000000000000000000000000000000000000000000000000000000000000000000000000000000000000000000000000000000000000000000000000000000000000000000000000000000000000000000000000000000000000000
310
00000000000000000000000000000000000000000000000000000000000000000000000000000000000000000000000000000000000000000000000000000000000000000000000000000000000000000000000000000000000000000000000000000000000000000000000000000000000000000000000000000000000000
310
00000000000000000000000000000000000000000000000000000000000000000000000000000000000000000000000000000000000000000000000000000000000000000000000000000000000000000000000000000000000000000000000000000000000000000000000000000000000000000000000000000000000000
310
00000000000000000000000000000000000000000000000000000000000000000000000000000000000000000000000000000000000000000000000000000000000000000000000000000000000000000000000000000000000000000000000000000000000000000000000000000000000000000000000000000000000000
310
00000000000000000000000000000000000000000000000000000000000000000000000000000000000000000000000000000000000000000000000000000000000000000000000000000000000000000000000000000000000000000000000000000000000000000000000000000000000000000000000000000000000000
310
00000000000000000000000000000000000000000000000000000000000000000000000000000000000000000000000000000000000000000000000000000000000000000000000000000000000000000000000000000000000000000000000000000000000000000000000000000000000000000000000000000000000000
310
00000000000000000000000000000000000000000000000000000000000000000000000000000000000000000000000000000000000000000000000000000000000000000000000000000000000000000000000000000000000000000000000000000000000000000000000000000000000000000000000000000000000000
310
00000000000000000000000000000000000000000000000000000000000000000000000000000000000000000000000000000000000000000000000000000000000000000000000000000000000000000000000000000000000000000000000000000000000000000000000000000000000000000000000000000000000000
310
00000000000000000000000000000000000000000000000000000000000000000000000000000000000000000000000000000000000000000000000000000000000000000000000000000000000000000000000000000000000000000000000000000000000000000000000000000000000000000000000000000000000000
310
00000000000000000000000000000000000000000000000000000000000000000000000000000000000000000000000000000000000000000000000000000000000000000000000000000000000000000000000000000000000000000000000000000000000000000000000000000000000000000000000000000000000000
310
00000000000000000000000000000000000000000000000000000000000000000000000000000000000000000000000000000000000000000000000000000000000000000000000000000000000000000000000000000000000000000000000000000000000000000000000000000000000000000000000000000000000000
310
00000000000000000000000000000000000000000000000000000000000000000000000000000000000000000000000000000000000000000000000000000000000000000000000000000000000000000000000000000000000000000000000000000000000000000000000000000000000000000000000000000000000000
310
00000000000000000000000000000000000000000000000000000000000000000000000000000000000000000000000000000000000000000000000000000000000000000000000000000000000000000000000000000000000000000000000000000000000000000000000000000000000000000000000000000000000000
310
00000000000000000000000000000000000000000000000000000000000000000000000000000000000000000000000000000000000000000000000000000000000000000000000000000000000000000000000000000000000000000000000000000000000000000000000000000000000000000000000000000000000000
310
00000000000000000000000000000000000000000000000000000000000000000000000000000000000000000000000000000000000000000000000000000000000000000000000000000000000000000000000000000000000000000000000000000000000000000000000000000000000000000000000000000000000000
310
00000000000000000000000000000000000000000000000000000000000000000000000000000000000000000000000000000000000000000000000000000000000000000000000000000000000000000000000000000000000000000000000000000000000000000000000000000000000000000000000000000000000000
310
00000000000000000000000000000000000000000000000000000000000000000000000000000000000000000000000000000000000000000000000000000000000000000000000000000000000000000000000000000000000000000000000000000000000000000000000000000000000000000000000000000000000000
310
00000000000000000000000000000000000000000000000000000000000000000000000000000000000000000000000000000000000000000000000000000000000000000000000000000000000000000000000000000000000000000000000000000000000000000000000000000000000000000000000000000000000000
310
00000000000000000000000000000000000000000000000000000000000000000000000000000000000000000000000000000000000000000000000000000000000000000000000000000000000000000000000000000000000000000000000000000000000000000000000000000000000000000000000000000000000000
310
000000000000000000000000
  0
XRECORD
  5
47
102
{ACAD_REACTORS
330
46
102
}
330
46
100
AcDbXrecord
280
     1
 70
     1
 90
429727718
  1
508B35C9-AEE7-456F-BE74-D52651303AC6
310
504B03040A0000080000B670623B3DEE336E79000000790000001B0000006175746F6465736B2D64657369676E2D7061636B6167652E786D6C3C3F786D6C2076657273696F6E3D22312E302220656E636F64696E673D227574662D3822203F3E3C666F726D6174733E3C666F726D61743E687474703A2F2F736368656D612E
310
6175746F6465736B2E636F6D2F64657369676E2D7061636B6167652F323030393C2F666F726D61743E3C2F666F726D6174733E504B0304140006080800B670623BD486FD9CA0000000F4000000130000005B436F6E74656E745F54797065735D2E786D6C7D8EC10E82300C865F65E91D8A1E8C310C0EEA1BF002731658846E
310
D98AC1B77784ABF1D8FE5FBFBF75BBCE937A534CCEB38643598122B6FEE978D0B0485F9C41B54DDD7D022595594E1A469170414C76A4D9A4D207E29CF43ECE46F218070CC6BECC4078ACAA135ACF422C856C0E68EA1BF5669944DDD7BCDE7B1F8E415D77AECB980613C2E4AC91FC167A2B244592486606FC29C8FD7F045B9A
310
EF7053A7E60B504B0304140006080800B670623B28ED286BEB0000007C01000008000000636F72652E786D6C8D90416EC3201045AF82665B6183218D6D61A254764FD00B204C5C94182C03558F5F9C3852BBEB6A467FFE9B197D71FA9E6FE8CBACC17AD7012D0820E3B41FAD9B3A48F1826B40272956EFE32F1B20A766D3C1
310
268314D3EAD3B24BDABB685CCCAAF3A3D94515828980F42D371D04FD696655A814B3235C8B45E9AB9A4C419F5D8653B2237A1CB163DE672FD6AC209BF3C08E0D1B30EB19C3FC9D72FCC6EB231EFA33EDE96BDD341517E5064B11EDFCBCAF57A3A2194156843498524CAA0FCA5B7268F9E185D42D21A2DCEC7FA0B48CFF8492
310
759155FBBB0F2C80A4F991FB408A72CB22977B50B96EB9C91F504B0304140006080800B670623B55019EA25F0000007C00000007000000636E782E786D6C4DCB3B0E80201045D1AD90E915ED2CF8AC45050C11660C8261F98AB1B07AC9C97D42D718D865D3E909258CFD00CCE24AC6E326A164D74DC0B4128928FF32603847
310
2BA13128B1252AC747C6BAB984FC68F0B87FE8960A5C09FE86CFB69FBA01504B0304140006080800B670623B7BC41AC871010000D40300000C0000006662782F636F72652E786D6CC553ED6E8320147D15C2DF4501B56B6D90A64BBB27D80B50A5CE54C120983EFEAE1F4DD7A56BBA5FF3879273EEE59E7310BE393735EA95
310
ED2AA333CC428A91D2B9292A5D66D8BB63B0C26823B835C67D2BC348CB46657880B1E0A535BE9DA1DC68A7B403549B42CDA0EC3AE530CA6B5864B8CB3F552343E91D5474A7B095F949962A6421D0502778E72C0840D390E18DC5F170E664C205F7BE2A66B62A605A75AC94C522DDEEE3651AEF837817C741F2CE92E02D592D
310
83FD6ECB76EC7595A651C2C9D02CB8AB9A8BBADC2AE954814544691A3016D0E883256BBA58278B17BA5A53CAC9507ED3E4DBE2C9265F691747B3DCA9ADC382819091F8E1162272A8933DE82182932144F88C09DF060D8140C84E1EEA8B8F1340BDCA9DB1093085F157AA97B557309586747CD0EF0B4EA64E983A6E0EAEEFCE
310
889E9EF17847386AA94B30211D2C0FDE0D3AF9A4610EAD5536E8DD1969631B593F67E381C33F5157F17725E5A636F6BF1491F980C8FC7B90E13E8A2F504B0304140006080800B670623B70102A487D0000009D0000000B0000006662782F636E782E786D6C4DCCD10A83201886E15B91FFDC95A5C30335ACCDFB886521330D
310
A76397BF1A1DECE883878F57749FD5A3B74D2F17830472A901D9F088930B8B849267CC01754AA418F3DF0D5018572BE160506249B16C274D761E8BCFBB7A179E27F65CB39A0F14D396184C9921B81F34C3ACA1B4B99ABB6E6F062A25AA5F69DF23ACBE504B0304140006080800B670623B3610CA3329010000120200003100
310
00006662782F42384135303843342D343331462D343546312D424341352D3532343432364645413344462F636F72652E786D6C8D515B6EC32010BC0AE22B55850D0E446E848992B43E412FE000495162B07854397EA176A4F62F3F2C9A9D991D58BEBB8F37F0AD7D30CE76905418026DA553C65E3A98E219B510EC04F7CEC5
310
3F3408EC30EA0E16180A7EF12E4D0B249D8DDAC68C5AA7F4020E21E80881BCE54B0783FCD2E3500D296646B856D320AFC34557A4CAEDCC133C449F0380794839A138B47B86DB2345744D7A44594FD0E1B867883594369BFE63BF7EEF793D0B054FC9A8456E548E63CE46FB674D8A58F068C6477CE9F510B582A2C1F80D1182
310
70F349E816B32D65AFB8DD62CCEB42FF274A937A52948C8DEB66893BCB021484D7734370E5D2E9F608A3EF93F3119479ABA0E50B14B8C298119A43CCC4FCFCECB8A18B6388CEE7EF5D5D4F994BD86CBBA182D76543B9FCAE2FD7B24DF103504B0304140006080800B670623B1B8617914E0100003303000030000000666278
310
2F42384135303843342D343331462D343546312D424341352D3532343432364645413344462F636E782E786D6CD593C16EC32010447F0571AD6CE3D489D20813A9877E410FBD62D82434182CC055F3F75D1292E692438FBD206B7698593D61BEFD1E2DF982108D773D6D6B460938E5B571FB9ECE6957AD29D90A1EBC4F7736
310
4A9C1CA1A759A682EF839FA72269D8C9D92654AD71C72206887E0E0A22CAF926B15E498B01E0AA19451807D01A34B919F16B070157417138917400F2F6FA41FCF0092A45DEE414C19BDC21783E4BD39D891265658C3D8DEA00A3ACE59CBC8678ACB54CB26EEB6BD7839D7E9348BE70AD9C8321B9BCA7F9A4A26C542347DEE0
310
50F09802D22BA6749A800A394DD62899107273365E3C82CFC6A55557BC06C10774B7ABE7AEC3B0F34CF06446280E154026D0542C187BA9DAB6628BF7B6DBB0E5A65B3EB1F58631DE64BBE083F7B65CC218087E22CABB042E51D1F2268F1FE12B3EA24D40D63E9CFE00120194D60B9D5BC67FE6D39CDF37E20AF817881F504B
310
0304140006080800B670623BBFEF2E3B690500003C100000340000006662782F42384135303843342D343331462D343546312D424341352D3532343432364645413344462F6F626A656374732E786D6CAD575D739B3814FD2B0CFB0C98D84E931D4227B6938EA793B6534F3BFB90198F0099B001899144EAECAFDF231018B0
310
D37A3FFC609090EEE7B94757C1FB7D915B2F54C88CB31BDB7727B64559CC938CA53776A576CE956DBD0F03C1B9EA2DB32D460A7A63EB693B0C52C1ABD24C257447AA5C8D66EF177F5832A68CDA569C13296F6C193FD182B8A4523CA1F2D94D88226EBADBBBBEDB2C1C8A4D05299F46424B222853B014F30C52ACC6287F389C
310
D85E1878FA7B18E87FB36AFAF62AAFF667A83F635211161F291B8999FAB3D5DDC5FCDA99CF6653677679E13B8BFBC5CAF1DF4D27CBCBE5F2FAF6EE1A8AA51290642C117467871F101B91C581D77CEA2C36869F3229E68CD1B8F61F1ED6361B89092D294B90C78C4A68EB793D190E7D1D9BDEE7A91E1B95FDE9F3BCEAEFE809
310
6A6D6F9F7D4B79F4275C90E7A04248AA51D5C4C738DAE06F72885AC4796EBE65D22A88A22223B995679120E2D50EB1542F098381188D4EA111AE3DB043FF20AF6F2B4AE3D7D83D65E5AECA730D4D3BAC91BD05FEA992B565D95F549CD6069B90AB2A63EACA38A45E4B6A87D781574F86817E4C2FCCC72690D62E2729520E37
310
9BAF234797BAF6D62B3BFC781FED37BA1E4F2B2F052FA9501A3E80569BB8F6A9A364D4FA67654E6F803383981F82F21591FF84F23D9882BC896C3FDBCF8C162508933B2E0AE4C69DD43F6BD2BE38DDDBF10BF86CB4FA784D37F3AF16075E67EC9030DECA1FC0A55373F5DFF3378C591FA9BDF485C10B0A8C8BA909E5262639
310
A8E72163488806A595734C81CB77D1DE0ED7604A303B76913CEC0272F412782FF88EFF4636D8AA56DF7B322474C4B767303F625997056C7B032C473C592B36CEBD15F3F9FF5233B7ABCDC74D257624A60F8658567497B14CE1EC3C80B76FD02011038F9EE9EB0F2E12387A9C844D3F09855125116D1D731DF8B43D2CF4E0A0
310
79A020C6BE946BCE0B7EA1E1219331CD73C228AF5A2DDD31A4B1DA918CE91350854D40A71723140BFA92E94E62B0626016CEFA5864A50E5977E8753CEDBEE1CBB7F52780D20E17AF0BA0F5F9B02A3AD07DCC732EB6D1EBB661421BE0C39E21BABF0FE16D22EA6929407C8DE596724C88B749B6DB5512BC7B228ADFD7CB7EA6
310
3A22397E690BA8D5D8D4E40CEC8CDA23C2C0B7D5898640101CEC9C6D331CE328CB93CAFBBAC70A642DF70DF95155945B52F08AA973C23469FD69ADEF84F7BB18F983A8F8C90E37F5D35980B2139A1C523540813E824EF83448CF7C72B598CE97D7CEEDDDDD3B6736BFBC771677EF66CE6A7E7139F7A793E9EDF2B2B3A8B624
310
0CDA13AA5F8388264EC4A0129909F3B7F5A16CEDF08128E97D680ACA4B9BE7B7B58BB638F0B00700EF36AE8B32A705658A68F83EE897FC2B41573190D1CCAF0B92D233A47CFEB019D9809933F67DD1A5467F8CF69AD9A5AE859342D45355448C64F968A371DC2D596ADC6E43D93D1B466F877A64E2893E54F23C4B40388995
310
525E5005DA3983ED45412510D3EFCA13737B3863F74BD30F2A12E5B4B5E489A025CE25500DB855B11ACE5BBFA185D35DD48D8DC3CE7DC69F2944DB42AA6F6CF09BCA622ADD08C7A36E7C6AE18000BAB08E040135C2D21C9D75B3A91B77BB746C403F38018DFE6EC939DD92F16B40BC05294B9CDA035AAD6D330AE27FE4786B
310
8E45145EA34A75BE1C263A676A35A8ACC6297337400BF16C54EF515F3F77CB77EB3583889C754FFA29081AA98E2222ADEF05DA3E63D2EDEA8B8756C05A7FB6CABC4A91CBF325398202CC952E70A008A830324BA200D5E5EF8F5F04C75DB4B0EE3340E071C98B823333B83577596BF3849B69F2085AA0FAFA212F26BEFF5877
310
FDE622B28D88A42E49E43326DA82D31E8CB006401E1DA726059ECEC168F97A6599036306A135688F9AD2E61A6EA178F4CD51974A9F2CCB9F36FE5EBD14601068D9C3BF01504B0304140006080000B670623B000000000000000000000000350000006662782F42384135303843342D343331462D343546312D424341352D35
310
32343432364645413344462F76657274696365732E62696E504B0304140006080800B670623BF270F1330600000004000000360000006662782F42384135303843342D343331462D343546312D424341352D3532343432364645413344462F747269616E676C65732E62696E636660600000504B0304140006080000B67062
310
3B000000000000000000000000370000006662782F42384135303843342D343331462D343546312D424341352D3532343432364645413344462F617474726962757465732E62696E504B0304140006080800B670623B08DA0BD19000000041010000360000006662782F42384135303843342D343331462D343546312D4243
310
41352D3532343432364645413344462F6469726563746F72792E786D6C858F410AC3201045AF22B36F53E9A60B35CBEEBAE80D244E44489C6234F4F835464A48035D0DF398FF9F8AF63D0E6CC63039F212F8F9020C7D47C6792B21C5FE7403D62A1188E2E60C98D7234A5830286103A55745067B9D86B8A3CF9C7F90C11DE6
310
07FB144396D7B6A82D282E9A152AD114D5EF2CB866EEE831B8EEA07A7BB5A8D7D61A2BAAEB7FD5F70921FF497D00504B0304140006080800B670623B3B4606F3FE000000A00100003B0000006662782F42384135303843342D343331462D343546312D424341352D3532343432364645413344462F7265736F75726365732F
310
636F72652E786D6C8D504B6E833010BD0A9A6D65B08134808CA354A427E8052C332156828DFCA97AFC9A40A576D7CDCCE87D344F8F9FBEE647F689CE6B6B7A6039850C8DB2A336530F315C4903D94970676DF82583CCC8197B5861107C72362E3BA4AC096842428D1D7107A5F71820538F74F4E0D50D6799CB1892C2DFF345
310
AABB9C306779A2934E701F5C0A906D4FD609C2A1B7D129F4BCD858C163D4E3AED163FAA9AF1A1D88F67CA98E6D35906AA82A52BFB39ABCD5CD915C86331BD86BD3B665CD8BD52C78D0F34F46E550061C419494B6843142CB0F5677F4D0D58717DA7494F26295FF31C565FCA7296A13AA728FBBD93C0896823C09C18BB5AFB4
310
9E65A6BD762BBE01504B010214000A0000080000B670623B3DEE336E79000000790000001B00000000000000000000000000000000006175746F6465736B2D64657369676E2D7061636B6167652E786D6C504B01021400140006080800B670623BD486FD9CA0000000F40000001300000000000000000000000000B2000000
310
5B436F6E74656E745F54797065735D2E786D6C504B01021400140006080800B670623B28ED286BEB0000007C010000080000000000000000000000000083010000636F72652E786D6C504B01021400140006080800B670623B55019EA25F0000007C000000070000000000000000000000000094020000636E782E786D6C50
310
4B01021400140006080800B670623B7BC41AC871010000D40300000C00000000000000000000000000180300006662782F636F72652E786D6C504B01021400140006080800B670623B70102A487D0000009D0000000B00000000000000000000000000B30400006662782F636E782E786D6C504B01021400140006080800B6
310
70623B3610CA3329010000120200003100000000000000000000000000590500006662782F42384135303843342D343331462D343546312D424341352D3532343432364645413344462F636F72652E786D6C504B01021400140006080800B670623B1B8617914E010000330300003000000000000000000000000000D10600
310
006662782F42384135303843342D343331462D343546312D424341352D3532343432364645413344462F636E782E786D6C504B01021400140006080800B670623BBFEF2E3B690500003C10000034000000000000000000000000006D0800006662782F42384135303843342D343331462D343546312D424341352D35323434
310
32364645413344462F6F626A656374732E786D6C504B01021400140006080000B670623B0000000000000000000000003500000000000000000000000000280E00006662782F42384135303843342D343331462D343546312D424341352D3532343432364645413344462F76657274696365732E62696E504B010214001400
310
06080800B670623BF270F133060000000400000036000000000000000000000000007B0E00006662782F42384135303843342D343331462D343546312D424341352D3532343432364645413344462F747269616E676C65732E62696E504B01021400140006080000B670623B00000000000000000000000037000000000000
310
00000000000000D50E00006662782F42384135303843342D343331462D343546312D424341352D3532343432364645413344462F617474726962757465732E62696E504B01021400140006080800B670623B08DA0BD1900000004101000036000000000000000000000000002A0F00006662782F42384135303843342D3433
310
31462D343546312D424341352D3532343432364645413344462F6469726563746F72792E786D6C504B01021400140006080800B670623B3B4606F3FE000000A00100003B000000000000000000000000000E1000006662782F42384135303843342D343331462D343546312D424341352D3532343432364645413344462F72
310
65736F75726365732F636F72652E786D6C504B0506000000000E000E0080040000651100000000
  0
XRECORD
  5
44
102
{ACAD_REACTORS
330
43
102
}
330
43
100
AcDbXrecord
280
     1
 70
     1
 90
429727718
  1
887D55A9-D0DD-414E-B741-A7DCD4DA2B4C
310
504B03040A0000080000B670623B3DEE336E79000000790000001B0000006175746F6465736B2D64657369676E2D7061636B6167652E786D6C3C3F786D6C2076657273696F6E3D22312E302220656E636F64696E673D227574662D3822203F3E3C666F726D6174733E3C666F726D61743E687474703A2F2F736368656D612E
310
6175746F6465736B2E636F6D2F64657369676E2D7061636B6167652F323030393C2F666F726D61743E3C2F666F726D6174733E504B0304140006080800B670623BD486FD9CA0000000F4000000130000005B436F6E74656E745F54797065735D2E786D6C7D8EC10E82300C865F65E91D8A1E8C310C0EEA1BF002731658846E
310
D98AC1B77784ABF1D8FE5FBFBF75BBCE937A534CCEB38643598122B6FEE978D0B0485F9C41B54DDD7D022595594E1A469170414C76A4D9A4D207E29CF43ECE46F218070CC6BECC4078ACAA135ACF422C856C0E68EA1BF5669944DDD7BCDE7B1F8E415D77AECB980613C2E4AC91FC167A2B244592486606FC29C8FD7F045B9A
310
EF7053A7E60B504B0304140006080800B670623BBC1638F5EC0000007C01000008000000636F72652E786D6C8D90416EC3201045AF82665B61836BE2D8C24471DB9CA01740401C94182C03558F5F9C3852BBEB6A467FFE9B197D7EF89E6EE8CB2CC17AD7032D0820E394D7D68D3DA478C67B4007C117EFE32F1B202727D3C3
310
2A83E0E3E2D3BC49CABB685CCCAAF3DA6CA20CC14440EA969B1E82BA98491632C5EC08D76296EA2A4753D06797E194AC468F2356E77DF66CCD02825543D50CACC62D39ED70FDC68EB8FD68F6F8787A6784342D1DDA1D2F5758F068A7E77DB518198D065111D2624A31A93E69DD11D6D5EC85EC3B4278B9DAFF4069D6FF8492
310
75F1B5DADE7D600104CD8FDC0782976B16B9DC83CA75CD4DFC00504B0304140006080800B670623B55019EA25F0000007C00000007000000636E782E786D6C4DCB3B0E80201045D1AD90E915ED2CF8AC45050C11660C8261F98AB1B07AC9C97D42D718D865D3E909258CFD00CCE24AC6E326A164D74DC0B4128928FF326038
310
472BA13128B1252AC747C6BAB984FC68F0B87FE8960A5C09FE86CFB69FBA01504B0304140006080800B670623B3586FFB671010000D40300000C0000006662782F636F72652E786D6CC553ED6E8320147D15C2DF4541A76D6D90A6DDD627D80B50A4CE54C120983EFEAE1F4DD7A55BBA5FF3879273EEE59E7310B6393735EA
310
95ED2AA3731C851423A5A5292A5DE6D8BB63B0C268C39935C67D29C3488B46E578803167A535BE9D2169B453DA01AA4DA16650749D7218C91A1639EEE4876A4428BC838AEE14B6429E44A9C228041AEA38EB9C0501681A32BC313F1ECE8C4C3867DE57C5CC56054CAB8E95B298A7F12E5EEED224C8E87E11242FE936C8DE96
310
AB60BB7F4D295D66D12E5B30323473E6AAE6A24E5A259C2A308F29CD82280A68FC1E256B9AAE93F489AED694323294DF34F9B678B0C957DA3DC7B3DCA9ADC33C022123F1CD2D44E450277AD04338234388F01913BE0D1A0281909D38D4171F27807A259DB1093085F157AA17B557309586747CD0CF0B46A64E983A6E0EAEEF
310
CE881F9EF1FB8E70D44297604238581EBC1B74B249C31C5AAB6CD0BB33D2C636A27ECCC62F0EFF445DC5DF95244D6DEC7F2922F30191F9F720C37DE49F504B0304140006080800B670623B4220A0FF7D0000009D0000000B0000006662782F636E782E786D6C4DCCD10A83201886E15B91FFDCE542CB0335D0EC3E6259C84A
310
C3E9D8E5AF46073BFAE0E1E315DD675BD1DBA5978F41C2FD4600B9F088930F8B849267CC01754AA418F3DF0D50183727E164506249B1EC174D6E1ECB9A0F5D7D785E68DB8151CD286E5A5363CA6B8A39E90D36D40E96B086F55A43A544F52B1D7B86D517504B0304140006080800B670623B2FA3FEDE290100001202000031
310
0000006662782F45374635344235342D363743322D343832342D383044432D4334454645303536354442422F636F72652E786D6C8D515B6EC32010BC0AE22B55850D2E386E848994D7097A0117488A1283C5A3CAF10BB523B57FF961D1ECCCECC0F2ED7DBC816FED8371B687A4C210682B9D32F6D2C314CFA883602BB8772E
310
FEA141608751F7B0C050F08B77695A20E96CD43666D43AA5177008414708E42D5F7A18E4971E876A483133C2B59A06791D2EBA22556E679EE021FA1C00CC43CA09C5717D6274C7286AD7FB06D1AEA1A8C3873DDAD3E3E98859CB0EBB1DAF67A1E02919B5C88DCA71CCD968FFAC49110B1ECDF8882FBD1EA256503418BF2342
310
106E3E08DD60B6A1EC15771B8C795DE8FF4469524F8A92B1F1AD59E2CEB20005E1F5DC105CB9F4797B84D1F7C9F908CABC55D0F2050A5C61CC1AD2F27A26E6E767C7962E8E213A9FBF7775FDCC5CC266DB960A5E970DE5F2BBBE5CCB36C50F504B0304140006080800B670623B1B8617914E01000033030000300000006662
310
782F45374635344235342D363743322D343832342D383044432D4334454645303536354442422F636E782E786D6CD593C16EC32010447F0571AD6CE3D489D20813A9877E410FBD62D82434182CC055F3F75D1292E692438FBD206B7698593D61BEFD1E2DF982108D773D6D6B460938E5B571FB9ECE6957AD29D90A1EBC4F77
310
364A9C1CA1A759A682EF839FA72269D8C9D92654AD71C72206887E0E0A22CAF926B15E498B01E0AA19451807D01A34B919F16B070157417138917400F2F6FA41FCF0092A45DEE414C19BDC21783E4BD39D891265658C3D8DEA00A3ACE59CBC8678ACB54CB26EEB6BD7839D7E9348BE70AD9C8321B9BCA7F9A4A26C542347DE
310
E050F09802D22BA6749A800A394DD62899107273365E3C82CFC6A55557BC06C10774B7ABE7AEC3B0F34CF06446280E154026D0542C187BA9DAB6628BF7B6DBB0E5A65B3EB1F58631DE64BBE083F7B65CC218087E22CABB042E51D1F2268F1FE12B3EA24D40D63E9CFE00120194D60B9D5BC67FE6D39CDF37E20AF817881F50
310
4B0304140006080800B670623B29652116630500003C100000340000006662782F45374635344235342D363743322D343832342D383044432D4334454645303536354442422F6F626A656374732E786D6CAD575D739B3814FD2B0CFB0C989834C90EA1639B24E3E9A6EDD4D3CE3E64C623834CD8006224913AFDF57B040203
310
B65BEF871F0C12D2FD3CF7E8CA7FBFCB33E3957291B2E2D674ED8969D02262715A24B76625B7D6B569BC0F7CCE98EC2D338D82E4F4D654D366E0279C55A59E8AE99654991CCDDECFFF3444440B6A1A514684B83545F44C7362934AB2988A173B2692D8C97667BB76B3702836E1A47C1E092D09A78584A5982F20C5688C7287
310
C389E904BEA3BE07BEFAD7ABA6A75739B53F43FD69212429A20365233153D70BEF2E2E6FAC4BCF9B5ADEBB0BD79ADFCF43CBBD9A4E16EF168B9BD9DD0D140BC921495BC2E9D60C1E101B9E46BED37CEA2CD6861F3329624541A3DA7F7858DBAC25C6B4A4458C3CA654405BCFEBC970E8AAD8F43E4FD558ABEC4F9FE7557F47
310
4F506B7BFBEC5BCA367FC105710E2AB8A00A554D7CB4A30DFE26FBA86D18CBF4B75418399194A72433B274C3097F33032C554B027F2046A1932B842B0FCCC0DDCBEBDB8AD2F835768F59B9ADB24C41D30C6A64AF817F2A456D59FA83F2E3DA60137255A585BCD60EC9B7929AC18DEFD49381AF1ED30BFDB109A4B1CD488294
310
C3CDE6EBC8D185AABD6568061FEE37BB95AAC7E3CA4BCE4ACAA5820FA0D526AE7DAA2869B5EE5999531BE0CC20E6FBA07C41E43FA27CF7A6206F3CDD793B4F6B919C1462CB788EDCD893FA674CDA17AB7B3B7C019F8D561FAEE966FED562DFE98C1D12C6A9FC015C2A35D7FF3D7FC398F591DA4B5FE0BFA2C0189FEA50AE22
310
92817A1ED3020951A03432862970F976B33383259812CC8E5D240BBA801CBCF8CE2BBEE3BF910DB6AAD5F79E05123AE2DB33981FB1ACCB02B69D00CB014FD68AB573A7627EF9BFD4CC2C5C7D58557C4B22FAA88925A4DBB44825CECE3D78FB060D1231F0E885BE7D673C86A3874958F593906B5502D1563157814FDAC3420D
310
F69A070A22EC4B98E23CFF171A1E5311D12C23056555ABA53B8614563B92D17D02AAB009E8F46284624E5F53D5490C560CCCC2591FF1B45421EB0EBD8EA7ED13BE7C5D7E0428CD60FEF60779EB13E6664FF711CB185F6FDED60D139A001FF60CD1FD6D086F1D51474901E26B2CB794A343BC8ED3EDB612E0DD2351FCB65CF4
310
33D511C9E14B5B40ADC6A6263DB0336A8F700DDF56271A024E70B0B3629DE21847591E55DED73D56206AB927E46FAABC5C939C55853C274C93D69FD6FA4E78BF8B11DF898C9ECD60553FAD39283BA6F18984AA23E8884F83F45C5F5F859797B31B2B9C84A1E5B9DE9D35BFF25C6B76152E422F9C5DCC3D847F5801ED09D5AF
310
41441327A25FF15487F9EB725FB666F048A4701E9A827292E6F97569A32DF61DEC01C0BB8DCBBCCC684E0B49147C1FD54BF685A0AB18C868E6973949E819523E3DAC463660E68C7D9F55A9D1EFA3BD7A76A16AE1A810F95CE59B82A4D968A376DC2E8B44BBDD86B27B368CDE0ED548C7137DA860591A83706223A12CA712B4
310
7306DBF39C0A20A6DF95C7FAF670C6EED7A61F946493D1D6926782963813403548A78AE470DEF80D2D9CEAA26E4D1C76F60BFE74219A06527D6B82DF641A51616F703CAAC6A7160E08A00BEB4810A0274592A1B36E3675E36E978A0DE80727A0D6DF2D39A75BD27E0D8837276589537B40ABB56D5A41F48F1C6FCD3188C4EB
310
A6929D2FFB89CE995A4D00AE813BDD032DC48B56BD437DFDDC2DD7AED70C2272D63DE9A72068A45A92F0A4BE17A8A06B9366E16707AD80B1FC649459952097E74BB23805982B55E0401150A165964402AA8BDF9F3E7386BB686EDCA780C0D382E5392BF460A6EFB2C6EA1937D3F809B440D5F5435C4C5CF7A9EEFAF54564BD
310
2182DA24162F98680B4E7930C21A0079709CEAEB99A372305ABE0C0D7D6078105A83F6A0296DAEE1068A47DD1C55A9F4C9B2FC69E3EFD44B81028E963DF81B504B0304140006080000B670623B000000000000000000000000350000006662782F45374635344235342D363743322D343832342D383044432D433445464530
310
3536354442422F76657274696365732E62696E504B0304140006080800B670623BF270F1330600000004000000360000006662782F45374635344235342D363743322D343832342D383044432D4334454645303536354442422F747269616E676C65732E62696E636660600000504B0304140006080000B670623B00000000
310
0000000000000000370000006662782F45374635344235342D363743322D343832342D383044432D4334454645303536354442422F617474726962757465732E62696E504B0304140006080800B670623B08DA0BD19000000041010000360000006662782F45374635344235342D363743322D343832342D383044432D4334
310
454645303536354442422F6469726563746F72792E786D6C858F410AC3201045AF22B36F53E9A60B35CBEEBAE80D244E44489C6234F4F835464A48035D0DF398FF9F8AF63D0E6CC63039F212F8F9020C7D47C6792B21C5FE7403D62A1188E2E60C98D7234A5830286103A55745067B9D86B8A3CF9C7F90C11DE607FB144396
310
D7B6A82D282E9A152AD114D5EF2CB866EEE831B8EEA07A7BB5A8D7D61A2BAAEB7FD5F70921FF497D00504B0304140006080800B670623B6378F24DFF000000A00100003B0000006662782F45374635344235342D363743322D343832342D383044432D4334454645303536354442422F7265736F75726365732F636F72652E
310
786D6C8D504B6E833010BD0A9A6D65B0094E42641C85B639412F6099496225D8C89FAAC7AF09546A77DDCC8CDE47F3F4C4F16B7C149FE88371B603565228D06A37187BED20C50BD9437194C23B177FC9A0B06AC40E6618A4B87A97A615D2CE46B431A3D60DB8822A048C50E8473E3A08FA86A32A558A5911EEE5A4F45D5DB1
310
6465A6B34E8A107D0E502C4FE609D26370C96B0CA25A58295232C3AA3143FE692E063D485EF7F5AEE71BD2D2F39634AFFC44DAF7DD9E9CCE6F9CD25DCBFA762BAAD92C4534E34F46ED51451C40D694B6843142EB0FD61C283F34FC85EE0F948A6A96FF31A569F8A729191B37F51A77B105902C0779125254735F793DCBCC7B
310
EE567E03504B010214000A0000080000B670623B3DEE336E79000000790000001B00000000000000000000000000000000006175746F6465736B2D64657369676E2D7061636B6167652E786D6C504B01021400140006080800B670623BD486FD9CA0000000F40000001300000000000000000000000000B20000005B436F6E
310
74656E745F54797065735D2E786D6C504B01021400140006080800B670623BBC1638F5EC0000007C010000080000000000000000000000000083010000636F72652E786D6C504B01021400140006080800B670623B55019EA25F0000007C000000070000000000000000000000000095020000636E782E786D6C504B010214
310
00140006080800B670623B3586FFB671010000D40300000C00000000000000000000000000190300006662782F636F72652E786D6C504B01021400140006080800B670623B4220A0FF7D0000009D0000000B00000000000000000000000000B40400006662782F636E782E786D6C504B01021400140006080800B670623B2F
310
A3FEDE290100001202000031000000000000000000000000005A0500006662782F45374635344235342D363743322D343832342D383044432D4334454645303536354442422F636F72652E786D6C504B01021400140006080800B670623B1B8617914E010000330300003000000000000000000000000000D2060000666278
310
2F45374635344235342D363743322D343832342D383044432D4334454645303536354442422F636E782E786D6C504B01021400140006080800B670623B29652116630500003C10000034000000000000000000000000006E0800006662782F45374635344235342D363743322D343832342D383044432D4334454645303536
310
354442422F6F626A656374732E786D6C504B01021400140006080000B670623B0000000000000000000000003500000000000000000000000000230E00006662782F45374635344235342D363743322D343832342D383044432D4334454645303536354442422F76657274696365732E62696E504B01021400140006080800
310
B670623BF270F13306000000040000003600000000000000000000000000760E00006662782F45374635344235342D363743322D343832342D383044432D4334454645303536354442422F747269616E676C65732E62696E504B01021400140006080000B670623B0000000000000000000000003700000000000000000000
310
000000D00E00006662782F45374635344235342D363743322D343832342D383044432D4334454645303536354442422F617474726962757465732E62696E504B01021400140006080800B670623B08DA0BD190000000410100003600000000000000000000000000250F00006662782F45374635344235342D363743322D34
310
3832342D383044432D4334454645303536354442422F6469726563746F72792E786D6C504B01021400140006080800B670623B6378F24DFF000000A00100003B00000000000000000000000000091000006662782F45374635344235342D363743322D343832342D383044432D4334454645303536354442422F7265736F75
310
726365732F636F72652E786D6C504B0506000000000E000E0080040000611100000000
  0
XRECORD
  5
D
102
{ACAD_REACTORS
330
C
102
}
330
C
100
AcDbXrecord
280
     1
 70
     0
 90
1778669749
  1
9BF507EE-FAF7-4A99-A33D-4EE51894BC40
310
504B03040A0000080000B670623B3DEE336E79000000790000001B0000006175746F6465736B2D64657369676E2D7061636B6167652E786D6C3C3F786D6C2076657273696F6E3D22312E302220656E636F64696E673D227574662D3822203F3E3C666F726D6174733E3C666F726D61743E687474703A2F2F736368656D612E
310
6175746F6465736B2E636F6D2F64657369676E2D7061636B6167652F323030393C2F666F726D61743E3C2F666F726D6174733E504B0304140006080800B670623BD486FD9CA0000000F4000000130000005B436F6E74656E745F54797065735D2E786D6C7D8EC10E82300C865F65E91D8A1E8C310C0EEA1BF002731658846E
310
D98AC1B77784ABF1D8FE5FBFBF75BBCE937A534CCEB38643598122B6FEE978D0B0485F9C41B54DDD7D022595594E1A469170414C76A4D9A4D207E29CF43ECE46F218070CC6BECC4078ACAA135ACF422C856C0E68EA1BF5669944DDD7BCDE7B1F8E415D77AECB980613C2E4AC91FC167A2B244592486606FC29C8FD7F045B9A
310
EF7053A7E60B504B0304140006080800B670623BCA089DFFEC0000007C01000008000000636F72652E786D6C8D90416E83301045AF62CDB632D8402020E32882F604BD80653BC44AB011B6AB1EBF262152BBEB6A467FFE9B197D76FA9EEFE84BAFDE38DB03CD08206DA553C64E3DC470C1474027CE56E7C22F1B202B66DDC3
310
260367D3EAE2B24BD2D9A06D48AA754AEFA2F05E0740F29E9A1EBCBCEA59642286E4F0B76C11F226269DD15797E0188D42CF2346A57DE662F40ABCAEC77628C6120F654571D50C04B7F5B9C1E3997CD4F550BE3745C3F20DE62C98F9755FAE5A04AD801784B498524C8A4F5A75E4D055873772EC0861F966FF03C545FD138A
310
C686B2D8DF7D621E384D8F3C069CE55B16A93C824A75CB8DFF00504B0304140006080800B670623B55019EA25F0000007C00000007000000636E782E786D6C4DCB3B0E80201045D1AD90E915ED2CF8AC45050C11660C8261F98AB1B07AC9C97D42D718D865D3E909258CFD00CCE24AC6E326A164D74DC0B4128928FF326038
310
472BA13128B1252AC747C6BAB984FC68F0B87FE8960A5C09FE86CFB69FBA01504B0304140006080800B670623B68FC0B7272010000D40300000C0000006662782F636F72652E786D6CC5535B6E833010BC8AE5DF0A6C1E8124328E22D29EA01770C0A128602363A31CBFCB234A53A555FA553EC09AD9F5CE8C31DB5DDA060D
310
D2F4B556190E7C8A9154852E6B5565D8D993B7C668C799D1DA7E29C3488956667884316795D1AE5BA0422B2B950554E9522EA0E87B69312A1A5864B82F3E642B7CE12C54F467BF13C55954D20F7CA0A18EB3DE1A1080E621E31BF3D3F1C2C88C73E65C5D2E6C5DC2B4FA544B8379921C36797888BC3C8A032F4E73EA6D927D
310
EA1DF6F42D49F2E8350D5346C666CE6CDD5ED515460A2B4BCC434A375E1078347C0FE22D5D6DE3D50B5D6F2965642CBF6B725DF96493AB958DC245EEDCD6631E809089F8E61622B2A81703E8219C913144F84C09DF070D8140C8561C9BAB8F3340832CAC363130A576376A108D933095FA747AD0CF0B46E64E983A6D0EAE1F
310
CE089F9EF1FB8E70D44255604258581E9D1D75B259C3125A278D37D80B52DAB4A279CEC62F0EFF44DDC43F9454E8469BFF5244960322CBEF41C6FBC83F01504B0304140006080800B670623B0F71DDB67E0000009D0000000B0000006662782F636E782E786D6C4DCCD10A83201886E15B91FFDCA54DB73F502386BB8F5816
310
32D3703976F9ABD1C18E3E78F87855FB990379BBFCF2296AE02706C4C5471A7C9C349475A408A4352AA7B4FEDD80C47E761A7606A3A69CCA72D0E0C6BE8475D3E0E3F3409428EA6B27A84079A782899AA2EC1A7AE3ECCC2FD858CB2D544655BFD2B67BD87C01504B0304140006080800B670623BE134B4FB28010000120200
310
00310000006662782F38353834323741342D343835462D343034322D383541392D4331303331363839454531452F636F72652E786D6C8D515B6EC32010BC0AE22B55850D0EA424C24451959EA0172086A42831583CAA1CBF503B52FB971F16CDCECC0EACD8DFC71BF836215AEF7A481A0C817183D7D65D7A98D3197108F652
310
04EFD31F1A044E8DA6871586525C82CFD3020DDE25E352419DD76601558C264130DCCAA58771F832A36A544E8511AFCDA486ABBA988634A55D7852C4144A00300FA927949C71DABD1D28A29C7D208A6987383B6CD13BC16BB2E1DBE3911C453B0BA5C8D9EA456E758963CFD684674DAA588A64C747FC2118958C86B2C3788B
310
0841B8FB247487D98EB257CC77188BB6D2FF89F2A49F1465EBD2BA5BE2CEB2082511EDDC9042FB7CBA3DC298FBE4430275DE2A9AE1054ADC60CC08E3A29D89E5F9C5714317C7987C28DFBBBA9E0A97B0D97643A568EB864AF95D5FA9759BF207504B0304140006080800B670623B1B8617914E010000330300003000000066
310
62782F38353834323741342D343835462D343034322D383541392D4331303331363839454531452F636E782E786D6CD593C16EC32010447F0571AD6CE3D489D20813A9877E410FBD62D82434182CC055F3F75D1292E692438FBD206B7698593D61BEFD1E2DF982108D773D6D6B460938E5B571FB9ECE6957AD29D90A1EBC4F
310
77364A9C1CA1A759A682EF839FA72269D8C9D92654AD71C72206887E0E0A22CAF926B15E498B01E0AA19451807D01A34B919F16B070157417138917400F2F6FA41FCF0092A45DEE414C19BDC21783E4BD39D891265658C3D8DEA00A3ACE59CBC8678ACB54CB26EEB6BD7839D7E9348BE70AD9C8321B9BCA7F9A4A26C542347
310
DEE050F09802D22BA6749A800A394DD62899107273365E3C82CFC6A55557BC06C10774B7ABE7AEC3B0F34CF06446280E154026D0542C187BA9DAB6628BF7B6DBB0E5A65B3EB1F58631DE64BBE083F7B65CC218087E22CABB042E51D1F2268F1FE12B3EA24D40D63E9CFE00120194D60B9D5BC67FE6D39CDF37E20AF817881F
310
504B0304140006080800B670623B5933D422630500003B100000340000006662782F38353834323741342D343835462D343034322D383541392D4331303331363839454531452F6F626A656374732E786D6CAD575B6FA33814FE2B887D0642934E9B156594264D158D3A534DD4D13E548A0C38942D60649B4EBABF7E3F8321
310
40924EF6928780CDF1B97EE762EFF32E4B8D37CA45C2F21BD3B547A641F39045491EDF98A5DC5AD7A6F1D9F73863B243661A39C9E88DA9B64DDF8B392B0BBD15D12D295339D85DDEFE618890E6D434C2940871638AF08566C426A5641115AF764424B1E3EDCE76ED9AB0CF36E6A47819302D08A7B984A6D8CFC1C5A89572FB
310
CB91E9F89EA3BEFB9EFAD754E3D3544E654F5F7E920B49F2F040D880CDD89D2CEE2E2EA7D6E56432B6269F2E5CEB7679BBB0DCABF168FE693E9FCEEEA6102C240727AD09A75BD3BF876F78127A4EFDA9D5582B7E4CA590E5390D2BFB6161A5B3E618D182E611E2985001691DAB47FDA5AB7CD3F93C566B2DB2BB7D9E55DD13
310
1D468DEECDB3AB290BFE8409E21C54704115AA6AFF68436BFC8DF65E0B184BF5B74418199194272435D224E084BF9B3E481589EFF5D828747285706581E9BB7B7E5D5D911ABFC6EE312DB7659A2A689A7E85EC0DF04FA5A8344BFEA2FCB834E8845895492EAFB541F2BDA0A63FF59C6AD3F7D4637CA13FD68E34B629891172
310
98597F1D183A57B9B75A98FE9765B05BAB7C3C2EBCE0ACA05C2AF8005A4DE09AA7F29216EB9E15397500C6F47CBE77CA7778FE2BD277AF0AE2C693DD6437D1522427B9D8329E2136F6A8FA19A3E6C56ADF0E5F50CF06D48734EDCEBF22F69C56D97EC138153F804B85E6FABFC7AFEFB32E523BE1F3BD372418E363EDCA7548
310
52949E8724474014288D94610BB57C1BEC4C7F854A89CA8E5324F55B871CBC78CE1BBEE3BFE68D6A5589EF3C730474506FCFA8FCF0659516D0ED04580EEA6425581B77CAE797FF4BCECC16EB2FEB926F49481F746159D06D922712BD730FDEAE42BD40F42C7AA5EF3F198F60E86110D6DD20645A9480B795CF95E3E3A659A8
310
C55E724F408873315335CFFB8584874484344D494E59D94869DB90C26A5B64F49C802CAC1D3ABE18A098D3B7444D123D8A9E5AE8F5214F0AE5B2B6E9B575DA3E61CBD3EA2B4009FA940524DD1305FB6A1FB294F14DF0BEA90BA109ECE1481FDC3FFAE8D60E75141700BE82725371B4873751B2DD960265F788137FACE6DD40
310
B575E4F0A5C99F46629D92131467A41EE11ABD8D4CCC039CA0AFB37C93A08B232B8F0AEFCA1E0A1015DF13FC83322B362463652ECF71D3A8B1A7D1BE65DE1D62C44F22C317D35F574FEB16153BA2D13E543D10A80E74C4A65E78A6B7CBCBD1D5DD9DB59C2DAFACC96C3AB566E3F1C29ADCDD5DBAD7D3C9ED7C822ED74F80A6
310
41755310DE4443F44A9E68373FADF6596BFA0F440AE7BECE2727AE9F4F2B1B53B1E7E00CF0DD1E5C65454A339A4BA2D0FBA05ED2EF0443458F47BDBFCA484CCFE0F2ED7E3DD0013B679C7B5499467F0ECEEADDB9CA85A34CE44B99053949D2C1416DB85DE4B136BB7165FBAC0B7AB3542BED4F8CA182A549847A1319316519
310
95A83A67147B9E5101C47487F2485F1ECE38FD568F839204296D3479219888530154036E6528FBFBC66F98E0D4107563A2D7D9AFF8D389681A08F58D89F22693900A3B407754734FC51C10C010D6D640809EE4718AC1BA3ED4AEDB53CA37283F68805A7E4B72CEB0A4EDEAD5DD8C14059A76AFAA56BA6901E13F32BC51C720
310
12AF41295B5BF61BAD3195181FB506E6B40F4C10AF5AF40EF9F5B159AE5DD1F43C72D635E94310D45C2D49785C5D0B94D3B54AB3C5A38349C0587D338AB48C11CBF339599C02CCA54A70A008A8D03C0B2201D5F9EFCF8F9CE12A9A19CB0410789EB32C63B95ECCF455D658BFE0621A3DA32C5075FB101723D77DAE867E7D0F
310
D90444509B44E2151B4DC2290B065803200FBAA9BE9D392A0603F2D5C2D00D6302A615680F66D2FA166E2079D4C551A54AB758161FCEFD4E450A14704CECFEDF504B0304140006080000B670623B000000000000000000000000350000006662782F38353834323741342D343835462D343034322D383541392D4331303331
310
363839454531452F76657274696365732E62696E504B0304140006080800B670623BF270F1330600000004000000360000006662782F38353834323741342D343835462D343034322D383541392D4331303331363839454531452F747269616E676C65732E62696E636660600000504B0304140006080000B670623B000000
310
000000000000000000370000006662782F38353834323741342D343835462D343034322D383541392D4331303331363839454531452F617474726962757465732E62696E504B0304140006080800B670623B08DA0BD19000000041010000360000006662782F38353834323741342D343835462D343034322D383541392D43
310
31303331363839454531452F6469726563746F72792E786D6C858F410AC3201045AF22B36F53E9A60B35CBEEBAE80D244E44489C6234F4F835464A48035D0DF398FF9F8AF63D0E6CC63039F212F8F9020C7D47C6792B21C5FE7403D62A1188E2E60C98D7234A5830286103A55745067B9D86B8A3CF9C7F90C11DE607FB1443
310
96D7B6A82D282E9A152AD114D5EF2CB866EEE831B8EEA07A7BB5A8D7D61A2BAAEB7FD5F70921FF497D00504B0304140006080800B670623BD9A3B367FE000000A00100003B0000006662782F38353834323741342D343835462D343034322D383541392D4331303331363839454531452F7265736F75726365732F636F7265
310
2E786D6C8D504B6E833010BD0A9A6D65B01D0201194711694FD00B586642AD043BF2A7EAF16B122AB5BB6E6646EFA3797AE2F8B5DC8A4FF4C1383B002B291468B59B8C9D0748F1420E501CA5F0CEC55F3228AC5A708015062966EFD27D83B4B3116DCCA875136EA00A012314FA968F0182FEC045952AC5AC08D7F2AEF455CD
310
58B232D3592745883E07289E4FD609D26370C96B0CA27AB252A464A64D63A6FCD35C0C7A904D73EE467EE664DCD58CD4ED4849D79C5A723ED1B7A61977AF2D6F45B59AA58866F9C9A83DAA8813484E6947182394BFB3BAA7FBBEDEBFD0434FA9A856F91F53BA4FFF342563E38E6F719FB60092E5200F428A6AED2BAF479979
310
AFDDCA6F504B010214000A0000080000B670623B3DEE336E79000000790000001B00000000000000000000000000000000006175746F6465736B2D64657369676E2D7061636B6167652E786D6C504B01021400140006080800B670623BD486FD9CA0000000F40000001300000000000000000000000000B20000005B436F6E
310
74656E745F54797065735D2E786D6C504B01021400140006080800B670623BCA089DFFEC0000007C010000080000000000000000000000000083010000636F72652E786D6C504B01021400140006080800B670623B55019EA25F0000007C000000070000000000000000000000000095020000636E782E786D6C504B010214
310
00140006080800B670623B68FC0B7272010000D40300000C00000000000000000000000000190300006662782F636F72652E786D6C504B01021400140006080800B670623B0F71DDB67E0000009D0000000B00000000000000000000000000B50400006662782F636E782E786D6C504B01021400140006080800B670623BE1
310
34B4FB280100001202000031000000000000000000000000005C0500006662782F38353834323741342D343835462D343034322D383541392D4331303331363839454531452F636F72652E786D6C504B01021400140006080800B670623B1B8617914E010000330300003000000000000000000000000000D3060000666278
310
2F38353834323741342D343835462D343034322D383541392D4331303331363839454531452F636E782E786D6C504B01021400140006080800B670623B5933D422630500003B10000034000000000000000000000000006F0800006662782F38353834323741342D343835462D343034322D383541392D4331303331363839
310
454531452F6F626A656374732E786D6C504B01021400140006080000B670623B0000000000000000000000003500000000000000000000000000240E00006662782F38353834323741342D343835462D343034322D383541392D4331303331363839454531452F76657274696365732E62696E504B01021400140006080800
310
B670623BF270F13306000000040000003600000000000000000000000000770E00006662782F38353834323741342D343835462D343034322D383541392D4331303331363839454531452F747269616E676C65732E62696E504B01021400140006080000B670623B0000000000000000000000003700000000000000000000
310
000000D10E00006662782F38353834323741342D343835462D343034322D383541392D4331303331363839454531452F617474726962757465732E62696E504B01021400140006080800B670623B08DA0BD190000000410100003600000000000000000000000000260F00006662782F38353834323741342D343835462D34
310
3034322D383541392D4331303331363839454531452F6469726563746F72792E786D6C504B01021400140006080800B670623BD9A3B367FE000000A00100003B000000000000000000000000000A1000006662782F38353834323741342D343835462D343034322D383541392D4331303331363839454531452F7265736F75
310
726365732F636F72652E786D6C504B0506000000000E000E0080040000611100000000
  0
CELLSTYLEMAP
  5
35D
102
{ACAD_REACTORS
330
5E
102
}
330
5E
100
AcDbCellStyleMap
 90
        3
300
CELLSTYLE
  1
TABLEFORMAT_BEGIN
 90
        5
170
     1
 91
        0
 92
    32768
 62
   257
 93
        1
300
CONTENTFORMAT
  1
CONTENTFORMAT_BEGIN
 90
        0
 91
        0
 92
      512
 93
        0
300

 40
0.0
140
1.0
 94
        5
 62
     0
340
1E
144
0.25
309
CONTENTFORMAT_END
171
     1
301
MARGIN
  1
CELLMARGIN_BEGIN
 40
0.06
 40
0.06
 40
0.06
 40
0.06
 40
0.18
 40
0.18
309
CELLMARGIN_END
 94
        6
 95
        1
302
GRIDFORMAT
  1
GRIDFORMAT_BEGIN
 90
        0
 91
        1
 62
     0
 92
       -2
340
0
 93
        0
 40
0.045
309
GRIDFORMAT_END
 95
        2
302
GRIDFORMAT
  1
GRIDFORMAT_BEGIN
 90
        0
 91
        1
 62
     0
 92
       -2
340
0
 93
        0
 40
0.045
309
GRIDFORMAT_END
 95
        4
302
GRIDFORMAT
  1
GRIDFORMAT_BEGIN
 90
        0
 91
        1
 62
     0
 92
       -2
340
0
 93
        0
 40
0.045
309
GRIDFORMAT_END
 95
        8
302
GRIDFORMAT
  1
GRIDFORMAT_BEGIN
 90
        0
 91
        1
 62
     0
 92
       -2
340
0
 93
        0
 40
0.045
309
GRIDFORMAT_END
 95
       16
302
GRIDFORMAT
  1
GRIDFORMAT_BEGIN
 90
        0
 91
        1
 62
     0
 92
       -2
340
0
 93
        0
 40
0.045
309
GRIDFORMAT_END
 95
       32
302
GRIDFORMAT
  1
GRIDFORMAT_BEGIN
 90
        0
 91
        1
 62
     0
 92
       -2
340
0
 93
        0
 40
0.045
309
GRIDFORMAT_END
309
TABLEFORMAT_END
  1
CELLSTYLE_BEGIN
 90
        1
 91
        1
300
_TITLE
309
CELLSTYLE_END
300
CELLSTYLE
  1
TABLEFORMAT_BEGIN
 90
        5
170
     1
 91
        0
 92
        0
 62
   257
 93
        1
300
CONTENTFORMAT
  1
CONTENTFORMAT_BEGIN
 90
        0
 91
        0
 92
      512
 93
        0
300

 40
0.0
140
1.0
 94
        5
 62
     0
340
1E
144
0.18
309
CONTENTFORMAT_END
171
     1
301
MARGIN
  1
CELLMARGIN_BEGIN
 40
0.06
 40
0.06
 40
0.06
 40
0.06
 40
0.18
 40
0.18
309
CELLMARGIN_END
 94
        6
 95
        1
302
GRIDFORMAT
  1
GRIDFORMAT_BEGIN
 90
        0
 91
        1
 62
     0
 92
       -2
340
0
 93
        0
 40
0.045
309
GRIDFORMAT_END
 95
        2
302
GRIDFORMAT
  1
GRIDFORMAT_BEGIN
 90
        0
 91
        1
 62
     0
 92
       -2
340
0
 93
        0
 40
0.045
309
GRIDFORMAT_END
 95
        4
302
GRIDFORMAT
  1
GRIDFORMAT_BEGIN
 90
        0
 91
        1
 62
     0
 92
       -2
340
0
 93
        0
 40
0.045
309
GRIDFORMAT_END
 95
        8
302
GRIDFORMAT
  1
GRIDFORMAT_BEGIN
 90
        0
 91
        1
 62
     0
 92
       -2
340
0
 93
        0
 40
0.045
309
GRIDFORMAT_END
 95
       16
302
GRIDFORMAT
  1
GRIDFORMAT_BEGIN
 90
        0
 91
        1
 62
     0
 92
       -2
340
0
 93
        0
 40
0.045
309
GRIDFORMAT_END
 95
       32
302
GRIDFORMAT
  1
GRIDFORMAT_BEGIN
 90
        0
 91
        1
 62
     0
 92
       -2
340
0
 93
        0
 40
0.045
309
GRIDFORMAT_END
309
TABLEFORMAT_END
  1
CELLSTYLE_BEGIN
 90
        2
 91
        1
300
_HEADER
309
CELLSTYLE_END
300
CELLSTYLE
  1
TABLEFORMAT_BEGIN
 90
        5
170
     1
 91
        0
 92
        0
 62
   257
 93
        1
300
CONTENTFORMAT
  1
CONTENTFORMAT_BEGIN
 90
        0
 91
        0
 92
      512
 93
        0
300

 40
0.0
140
1.0
 94
        2
 62
     0
340
1E
144
0.18
309
CONTENTFORMAT_END
171
     1
301
MARGIN
  1
CELLMARGIN_BEGIN
 40
0.06
 40
0.06
 40
0.06
 40
0.06
 40
0.18
 40
0.18
309
CELLMARGIN_END
 94
        6
 95
        1
302
GRIDFORMAT
  1
GRIDFORMAT_BEGIN
 90
        0
 91
        1
 62
     0
 92
       -2
340
0
 93
        0
 40
0.045
309
GRIDFORMAT_END
 95
        2
302
GRIDFORMAT
  1
GRIDFORMAT_BEGIN
 90
        0
 91
        1
 62
     0
 92
       -2
340
0
 93
        0
 40
0.045
309
GRIDFORMAT_END
 95
        4
302
GRIDFORMAT
  1
GRIDFORMAT_BEGIN
 90
        0
 91
        1
 62
     0
 92
       -2
340
0
 93
        0
 40
0.045
309
GRIDFORMAT_END
 95
        8
302
GRIDFORMAT
  1
GRIDFORMAT_BEGIN
 90
        0
 91
        1
 62
     0
 92
       -2
340
0
 93
        0
 40
0.045
309
GRIDFORMAT_END
 95
       16
302
GRIDFORMAT
  1
GRIDFORMAT_BEGIN
 90
        0
 91
        1
 62
     0
 92
       -2
340
0
 93
        0
 40
0.045
309
GRIDFORMAT_END
 95
       32
302
GRIDFORMAT
  1
GRIDFORMAT_BEGIN
 90
        0
 91
        1
 62
     0
 92
       -2
340
0
 93
        0
 40
0.045
309
GRIDFORMAT_END
309
TABLEFORMAT_END
  1
CELLSTYLE_BEGIN
 90
        3
 91
        2
300
_DATA
309
CELLSTYLE_END
  0
XRECORD
  5
362
102
{ACAD_REACTORS
330
361
102
}
330
361
100
AcDbXrecord
280
     1
102
RTVSPost2010Prop28
280
     1
102
RTVSPost2010PropOp28
 70
     1
102
RTVSPost2010Prop29
280
     1
102
RTVSPost2010PropOp29
 70
     1
102
RTVSPost2010Prop30
280
     0
102
RTVSPost2010PropOp30
 70
     1
102
RTVSPost2010Prop31
280
     0
102
RTVSPost2010PropOp31
 70
     1
102
RTVSPost2010Prop32
280
     0
102
RTVSPost2010PropOp32
 70
     1
102
RTVSPost2010Prop33
280
     0
102
RTVSPost2010PropOp33
 70
     1
102
RTVSPost2010Prop34
280
     0
102
RTVSPost2010PropOp34
 70
     1
102
RTVSPost2010Prop35
280
     0
102
RTVSPost2010PropOp35
 70
     1
102
RTVSPost2010Prop36
280
     0
102
RTVSPost2010PropOp36
 70
     1
102
RTVSPost2010Prop37
 90
       50
102
RTVSPost2010PropOp37
 70
     1
102
RTVSPost2010Prop38
140
0.0
102
RTVSPost2010PropOp38
 70
     1
102
RTVSPost2010Prop39
140
1.0
102
RTVSPost2010PropOp39
 70
     1
102
RTVSPost2010Prop40
 90
        0
102
RTVSPost2010PropOp40
 70
     1
102
RTVSPost2010Prop41ColorIndex
 90
       18
102
RTVSPost2010Prop41ColorRGB
 90
        0
102
RTVSPost2010PropOp41
 70
     1
102
RTVSPost2010Prop42
 90
       50
102
RTVSPost2010PropOp42
 70
     1
102
RTVSPost2010Prop43
 90
        3
102
RTVSPost2010PropOp43
 70
     1
102
RTVSPost2010Prop44ColorIndex
 90
        5
102
RTVSPost2010Prop44ColorRGB
 90
      255
102
RTVSPost2010PropOp44
 70
     1
102
RTVSPost2010Prop45
280
     0
102
RTVSPost2010PropOp45
 70
     1
102
RTVSPost2010Prop46
 90
       50
102
RTVSPost2010PropOp46
 70
     1
102
RTVSPost2010Prop47
 90
       50
102
RTVSPost2010PropOp47
 70
     1
102
RTVSPost2010Prop48
 90
       50
102
RTVSPost2010PropOp48
 70
     1
102
RTVSPost2010Prop49
280
     0
102
RTVSPost2010PropOp49
 70
     1
102
RTVSPost2010Prop50
 90
       50
102
RTVSPost2010PropOp50
 70
     1
102
RTVSPost2010Prop51ColorIndex
 90
      256
102
RTVSPost2010Prop51ColorRGB
 90
-16777216
102
RTVSPost2010PropOp51
 70
     0
102
RTVSPost2010Prop52
140
1.0
102
RTVSPost2010PropOp52
 70
     0
102
RTVSPost2010Prop53
 90
        2
102
RTVSPost2010PropOp53
 70
     1
102
RTVSPost2010Prop54
  1
strokes_ogs.tif
102
RTVSPost2010PropOp54
 70
     1
102
RTVSPost2010Prop55
280
     0
102
RTVSPost2010PropOp55
 70
     1
102
RTVSPost2010Prop56
140
1.0
102
RTVSPost2010PropOp56
 70
     1
102
RTVSPost2010Prop57
140
1.0
102
RTVSPost2010PropOp57
 70
     1
102
RTVSPropertyOp0
 70
     1
102
RTVSPropertyOp1
 70
     1
102
RTVSPropertyOp2
 70
     1
102
RTVSPropertyOp3
 70
     1
102
RTVSPropertyOp4
 70
     1
102
RTVSPropertyOp5
 70
     1
102
RTVSPropertyOp6
 70
     1
102
RTVSPropertyOp7
 70
     1
102
RTVSPropertyOp8
 70
     1
102
RTVSPropertyOp9
 70
     1
102
RTVSPropertyOp10
 70
     1
102
RTVSPropertyOp11
 70
     1
102
RTVSPropertyOp12
 70
     1
102
RTVSPropertyOp13
 70
     1
102
RTVSPropertyOp14
 70
     1
102
RTVSPropertyOp15
 70
     1
102
RTVSPropertyOp16
 70
     1
102
RTVSPropertyOp17
 70
     1
102
RTVSPropertyOp18
 70
     1
102
RTVSPropertyOp19
 70
     1
102
RTVSPropertyOp20
 70
     1
102
RTVSPropertyOp21
 70
     1
102
RTVSPropertyOp22
 70
     1
102
RTVSPropertyOp23
 70
     1
102
RTVSPropertyOp24
 70
     1
102
RTVSPropertyOp25
 70
     1
102
RTVSPropertyOp26
 70
     1
102
RTVSPropertyOp27
 70
     1
102
RTVSPropertyOp28
 70
     1
102
RTVSPropertyOp29
 70
     1
102
RTVSPropertyOp30
 70
     1
102
RTVSPropertyOp31
 70
     1
102
RTVSPropertyOp32
 70
     1
102
RTVSPropertyOp33
 70
     1
102
RTVSPropertyOp34
 70
     1
102
RTVSPropertyOp35
 70
     1
102
RTVSPropertyOp36
 70
     1
102
RTVSPropertyOp37
 70
     1
102
RTVSPropertyOp38
 70
     1
102
RTVSPropertyOp39
 70
     1
102
RTVSPropertyOp40
 70
     1
102
RTVSPropertyOp41
 70
     1
102
RTVSPropertyOp42
 70
     1
102
RTVSPropertyOp43
 70
     1
102
RTVSPropertyOp44
 70
     1
102
RTVSPropertyOp45
 70
     1
102
RTVSPropertyOp46
 70
     1
102
RTVSPropertyOp47
 70
     1
102
RTVSPropertyOp48
 70
     1
102
RTVSPropertyOp49
 70
     1
102
RTVSPropertyOp50
 70
     1
102
RTVSPropertyOp51
 70
     0
102
RTVSPropertyOp52
 70
     0
102
RTVSPropertyOp53
 70
     1
102
RTVSPropertyOp54
 70
     1
102
RTVSPropertyOp55
 70
     1
102
RTVSPropertyOp56
 70
     1
102
RTVSPropertyOp57
 70
     1
102
RTVSPropertyOp58
 70
     1
102
RTVSPropertyOp59
 70
     1
102
RTVSPropertyOp60
 70
     1
102
RTVSPropertyOp61
 70
     1
102
RTVSPropertyOp62
 70
     1
  0
XRECORD
  5
364
102
{ACAD_REACTORS
330
363
102
}
330
363
100
AcDbXrecord
280
     1
102
RTVSPost2010Prop28
280
     0
102
RTVSPost2010PropOp28
 70
     1
102
RTVSPost2010Prop29
280
     1
102
RTVSPost2010PropOp29
 70
     1
102
RTVSPost2010Prop30
280
     1
102
RTVSPost2010PropOp30
 70
     1
102
RTVSPost2010Prop31
280
     0
102
RTVSPost2010PropOp31
 70
     1
102
RTVSPost2010Prop32
280
     0
102
RTVSPost2010PropOp32
 70
     1
102
RTVSPost2010Prop33
280
     0
102
RTVSPost2010PropOp33
 70
     1
102
RTVSPost2010Prop34
280
     0
102
RTVSPost2010PropOp34
 70
     1
102
RTVSPost2010Prop35
280
     0
102
RTVSPost2010PropOp35
 70
     1
102
RTVSPost2010Prop36
280
     0
102
RTVSPost2010PropOp36
 70
     1
102
RTVSPost2010Prop37
 90
       50
102
RTVSPost2010PropOp37
 70
     1
102
RTVSPost2010Prop38
140
0.0
102
RTVSPost2010PropOp38
 70
     1
102
RTVSPost2010Prop39
140
1.0
102
RTVSPost2010PropOp39
 70
     1
102
RTVSPost2010Prop40
 90
        0
102
RTVSPost2010PropOp40
 70
     1
102
RTVSPost2010Prop41ColorIndex
 90
       18
102
RTVSPost2010Prop41ColorRGB
 90
        0
102
RTVSPost2010PropOp41
 70
     1
102
RTVSPost2010Prop42
 90
       50
102
RTVSPost2010PropOp42
 70
     1
102
RTVSPost2010Prop43
 90
        3
102
RTVSPost2010PropOp43
 70
     1
102
RTVSPost2010Prop44ColorIndex
 90
        5
102
RTVSPost2010Prop44ColorRGB
 90
      255
102
RTVSPost2010PropOp44
 70
     1
102
RTVSPost2010Prop45
280
     0
102
RTVSPost2010PropOp45
 70
     1
102
RTVSPost2010Prop46
 90
       50
102
RTVSPost2010PropOp46
 70
     1
102
RTVSPost2010Prop47
 90
       50
102
RTVSPost2010PropOp47
 70
     1
102
RTVSPost2010Prop48
 90
       50
102
RTVSPost2010PropOp48
 70
     1
102
RTVSPost2010Prop49
280
     0
102
RTVSPost2010PropOp49
 70
     1
102
RTVSPost2010Prop50
 90
       50
102
RTVSPost2010PropOp50
 70
     1
102
RTVSPost2010Prop51ColorIndex
 90
      256
102
RTVSPost2010Prop51ColorRGB
 90
-16777216
102
RTVSPost2010PropOp51
 70
     0
102
RTVSPost2010Prop52
140
1.0
102
RTVSPost2010PropOp52
 70
     0
102
RTVSPost2010Prop53
 90
        2
102
RTVSPost2010PropOp53
 70
     1
102
RTVSPost2010Prop54
  1
strokes_ogs.tif
102
RTVSPost2010PropOp54
 70
     1
102
RTVSPost2010Prop55
280
     0
102
RTVSPost2010PropOp55
 70
     1
102
RTVSPost2010Prop56
140
1.0
102
RTVSPost2010PropOp56
 70
     1
102
RTVSPost2010Prop57
140
1.0
102
RTVSPost2010PropOp57
 70
     1
102
RTVSPropertyOp0
 70
     1
102
RTVSPropertyOp1
 70
     1
102
RTVSPropertyOp2
 70
     1
102
RTVSPropertyOp3
 70
     1
102
RTVSPropertyOp4
 70
     1
102
RTVSPropertyOp5
 70
     1
102
RTVSPropertyOp6
 70
     1
102
RTVSPropertyOp7
 70
     1
102
RTVSPropertyOp8
 70
     1
102
RTVSPropertyOp9
 70
     1
102
RTVSPropertyOp10
 70
     1
102
RTVSPropertyOp11
 70
     1
102
RTVSPropertyOp12
 70
     1
102
RTVSPropertyOp13
 70
     1
102
RTVSPropertyOp14
 70
     1
102
RTVSPropertyOp15
 70
     1
102
RTVSPropertyOp16
 70
     1
102
RTVSPropertyOp17
 70
     1
102
RTVSPropertyOp18
 70
     1
102
RTVSPropertyOp19
 70
     1
102
RTVSPropertyOp20
 70
     1
102
RTVSPropertyOp21
 70
     1
102
RTVSPropertyOp22
 70
     1
102
RTVSPropertyOp23
 70
     1
102
RTVSPropertyOp24
 70
     1
102
RTVSPropertyOp25
 70
     1
102
RTVSPropertyOp26
 70
     1
102
RTVSPropertyOp27
 70
     1
102
RTVSPropertyOp28
 70
     1
102
RTVSPropertyOp29
 70
     1
102
RTVSPropertyOp30
 70
     1
102
RTVSPropertyOp31
 70
     1
102
RTVSPropertyOp32
 70
     1
102
RTVSPropertyOp33
 70
     1
102
RTVSPropertyOp34
 70
     1
102
RTVSPropertyOp35
 70
     1
102
RTVSPropertyOp36
 70
     1
102
RTVSPropertyOp37
 70
     1
102
RTVSPropertyOp38
 70
     1
102
RTVSPropertyOp39
 70
     1
102
RTVSPropertyOp40
 70
     1
102
RTVSPropertyOp41
 70
     1
102
RTVSPropertyOp42
 70
     1
102
RTVSPropertyOp43
 70
     1
102
RTVSPropertyOp44
 70
     1
102
RTVSPropertyOp45
 70
     1
102
RTVSPropertyOp46
 70
     1
102
RTVSPropertyOp47
 70
     1
102
RTVSPropertyOp48
 70
     1
102
RTVSPropertyOp49
 70
     1
102
RTVSPropertyOp50
 70
     1
102
RTVSPropertyOp51
 70
     0
102
RTVSPropertyOp52
 70
     0
102
RTVSPropertyOp53
 70
     1
102
RTVSPropertyOp54
 70
     1
102
RTVSPropertyOp55
 70
     1
102
RTVSPropertyOp56
 70
     1
102
RTVSPropertyOp57
 70
     1
102
RTVSPropertyOp58
 70
     1
102
RTVSPropertyOp59
 70
     1
102
RTVSPropertyOp60
 70
     1
102
RTVSPropertyOp61
 70
     1
102
RTVSPropertyOp62
 70
     1
  0
XRECORD
  5
366
102
{ACAD_REACTORS
330
365
102
}
330
365
100
AcDbXrecord
280
     1
102
RTVSPost2010Prop28
280
     0
102
RTVSPost2010PropOp28
 70
     1
102
RTVSPost2010Prop29
280
     1
102
RTVSPost2010PropOp29
 70
     1
102
RTVSPost2010Prop30
280
     1
102
RTVSPost2010PropOp30
 70
     1
102
RTVSPost2010Prop31
280
     0
102
RTVSPost2010PropOp31
 70
     1
102
RTVSPost2010Prop32
280
     0
102
RTVSPost2010PropOp32
 70
     1
102
RTVSPost2010Prop33
280
     0
102
RTVSPost2010PropOp33
 70
     1
102
RTVSPost2010Prop34
280
     0
102
RTVSPost2010PropOp34
 70
     1
102
RTVSPost2010Prop35
280
     0
102
RTVSPost2010PropOp35
 70
     1
102
RTVSPost2010Prop36
280
     0
102
RTVSPost2010PropOp36
 70
     1
102
RTVSPost2010Prop37
 90
       50
102
RTVSPost2010PropOp37
 70
     1
102
RTVSPost2010Prop38
140
0.0
102
RTVSPost2010PropOp38
 70
     1
102
RTVSPost2010Prop39
140
1.0
102
RTVSPost2010PropOp39
 70
     1
102
RTVSPost2010Prop40
 90
        0
102
RTVSPost2010PropOp40
 70
     1
102
RTVSPost2010Prop41ColorIndex
 90
       18
102
RTVSPost2010Prop41ColorRGB
 90
        0
102
RTVSPost2010PropOp41
 70
     1
102
RTVSPost2010Prop42
 90
       50
102
RTVSPost2010PropOp42
 70
     1
102
RTVSPost2010Prop43
 90
        3
102
RTVSPost2010PropOp43
 70
     1
102
RTVSPost2010Prop44ColorIndex
 90
        5
102
RTVSPost2010Prop44ColorRGB
 90
      255
102
RTVSPost2010PropOp44
 70
     1
102
RTVSPost2010Prop45
280
     0
102
RTVSPost2010PropOp45
 70
     1
102
RTVSPost2010Prop46
 90
       50
102
RTVSPost2010PropOp46
 70
     1
102
RTVSPost2010Prop47
 90
       50
102
RTVSPost2010PropOp47
 70
     1
102
RTVSPost2010Prop48
 90
       50
102
RTVSPost2010PropOp48
 70
     1
102
RTVSPost2010Prop49
280
     0
102
RTVSPost2010PropOp49
 70
     1
102
RTVSPost2010Prop50
 90
       50
102
RTVSPost2010PropOp50
 70
     1
102
RTVSPost2010Prop51ColorIndex
 90
      256
102
RTVSPost2010Prop51ColorRGB
 90
-16777216
102
RTVSPost2010PropOp51
 70
     0
102
RTVSPost2010Prop52
140
1.0
102
RTVSPost2010PropOp52
 70
     0
102
RTVSPost2010Prop53
 90
        2
102
RTVSPost2010PropOp53
 70
     1
102
RTVSPost2010Prop54
  1
strokes_ogs.tif
102
RTVSPost2010PropOp54
 70
     1
102
RTVSPost2010Prop55
280
     0
102
RTVSPost2010PropOp55
 70
     1
102
RTVSPost2010Prop56
140
1.0
102
RTVSPost2010PropOp56
 70
     1
102
RTVSPost2010Prop57
140
1.0
102
RTVSPost2010PropOp57
 70
     1
102
RTVSPropertyOp0
 70
     1
102
RTVSPropertyOp1
 70
     1
102
RTVSPropertyOp2
 70
     1
102
RTVSPropertyOp3
 70
     1
102
RTVSPropertyOp4
 70
     1
102
RTVSPropertyOp5
 70
     1
102
RTVSPropertyOp6
 70
     1
102
RTVSPropertyOp7
 70
     1
102
RTVSPropertyOp8
 70
     1
102
RTVSPropertyOp9
 70
     1
102
RTVSPropertyOp10
 70
     1
102
RTVSPropertyOp11
 70
     1
102
RTVSPropertyOp12
 70
     1
102
RTVSPropertyOp13
 70
     1
102
RTVSPropertyOp14
 70
     1
102
RTVSPropertyOp15
 70
     1
102
RTVSPropertyOp16
 70
     1
102
RTVSPropertyOp17
 70
     1
102
RTVSPropertyOp18
 70
     1
102
RTVSPropertyOp19
 70
     1
102
RTVSPropertyOp20
 70
     1
102
RTVSPropertyOp21
 70
     1
102
RTVSPropertyOp22
 70
     1
102
RTVSPropertyOp23
 70
     1
102
RTVSPropertyOp24
 70
     1
102
RTVSPropertyOp25
 70
     1
102
RTVSPropertyOp26
 70
     1
102
RTVSPropertyOp27
 70
     1
102
RTVSPropertyOp28
 70
     1
102
RTVSPropertyOp29
 70
     1
102
RTVSPropertyOp30
 70
     1
102
RTVSPropertyOp31
 70
     1
102
RTVSPropertyOp32
 70
     1
102
RTVSPropertyOp33
 70
     1
102
RTVSPropertyOp34
 70
     1
102
RTVSPropertyOp35
 70
     1
102
RTVSPropertyOp36
 70
     1
102
RTVSPropertyOp37
 70
     1
102
RTVSPropertyOp38
 70
     1
102
RTVSPropertyOp39
 70
     1
102
RTVSPropertyOp40
 70
     1
102
RTVSPropertyOp41
 70
     1
102
RTVSPropertyOp42
 70
     1
102
RTVSPropertyOp43
 70
     1
102
RTVSPropertyOp44
 70
     1
102
RTVSPropertyOp45
 70
     1
102
RTVSPropertyOp46
 70
     1
102
RTVSPropertyOp47
 70
     1
102
RTVSPropertyOp48
 70
     1
102
RTVSPropertyOp49
 70
     1
102
RTVSPropertyOp50
 70
     1
102
RTVSPropertyOp51
 70
     0
102
RTVSPropertyOp52
 70
     0
102
RTVSPropertyOp53
 70
     1
102
RTVSPropertyOp54
 70
     1
102
RTVSPropertyOp55
 70
     1
102
RTVSPropertyOp56
 70
     1
102
RTVSPropertyOp57
 70
     1
102
RTVSPropertyOp58
 70
     1
102
RTVSPropertyOp59
 70
     1
102
RTVSPropertyOp60
 70
     1
102
RTVSPropertyOp61
 70
     1
102
RTVSPropertyOp62
 70
     1
  0
ENDSEC
  0
EOF
